image_path,category,subcategory,source,license,oos_split,source_image
data/out_of_scope/cat1_corruption/blur_heavy/blur_heavy_0000.png,cat1_corruption,blur_heavy,"internal train split, corrupted in software",same as data/brain_tumor (internal training data),eval,data/brain_tumor/glioma/Tr-gl_488.jpg
data/out_of_scope/cat1_corruption/blur_heavy/blur_heavy_0001.png,cat1_corruption,blur_heavy,"internal train split, corrupted in software",same as data/brain_tumor (internal training data),fit,data/brain_tumor/glioma/Te-gl_224.jpg
data/out_of_scope/cat1_corruption/blur_heavy/blur_heavy_0002.png,cat1_corruption,blur_heavy,"internal train split, corrupted in software",same as data/brain_tumor (internal training data),fit,data/brain_tumor/glioma/Tr-gl_946.jpg
data/out_of_scope/cat1_corruption/blur_heavy/blur_heavy_0003.png,cat1_corruption,blur_heavy,"internal train split, corrupted in software",same as data/brain_tumor (internal training data),fit,data/brain_tumor/glioma/Tr-gl_1024.jpg
data/out_of_scope/cat1_corruption/blur_heavy/blur_heavy_0004.png,cat1_corruption,blur_heavy,"internal train split, corrupted in software",same as data/brain_tumor (internal training data),eval,data/brain_tumor/glioma/Tr-gl_193.jpg
data/out_of_scope/cat1_corruption/blur_heavy/blur_heavy_0005.png,cat1_corruption,blur_heavy,"internal train split, corrupted in software",same as data/brain_tumor (internal training data),eval,data/brain_tumor/glioma/Tr-gl_6.jpg
data/out_of_scope/cat1_corruption/blur_heavy/blur_heavy_0006.png,cat1_corruption,blur_heavy,"internal train split, corrupted in software",same as data/brain_tumor (internal training data),fit,data/brain_tumor/glioma/Tr-gl_1120.jpg
data/out_of_scope/cat1_corruption/blur_heavy/blur_heavy_0007.png,cat1_corruption,blur_heavy,"internal train split, corrupted in software",same as data/brain_tumor (internal training data),eval,data/brain_tumor/glioma/Te-gl_131.jpg
data/out_of_scope/cat1_corruption/blur_heavy/blur_heavy_0008.png,cat1_corruption,blur_heavy,"internal train split, corrupted in software",same as data/brain_tumor (internal training data),eval,data/brain_tumor/glioma/Tr-gl_1052.jpg
data/out_of_scope/cat1_corruption/blur_heavy/blur_heavy_0009.png,cat1_corruption,blur_heavy,"internal train split, corrupted in software",same as data/brain_tumor (internal training data),eval,data/brain_tumor/glioma/Tr-gl_574.jpg
data/out_of_scope/cat1_corruption/blur_heavy/blur_heavy_0010.png,cat1_corruption,blur_heavy,"internal train split, corrupted in software",same as data/brain_tumor (internal training data),fit,data/brain_tumor/glioma/Tr-gl_711.jpg
data/out_of_scope/cat1_corruption/blur_heavy/blur_heavy_0011.png,cat1_corruption,blur_heavy,"internal train split, corrupted in software",same as data/brain_tumor (internal training data),fit,data/brain_tumor/glioma/Te-gl_56.jpg
data/out_of_scope/cat1_corruption/blur_heavy/blur_heavy_0012.png,cat1_corruption,blur_heavy,"internal train split, corrupted in software",same as data/brain_tumor (internal training data),eval,data/brain_tumor/glioma/Tr-gl_1252.jpg
data/out_of_scope/cat1_corruption/blur_heavy/blur_heavy_0013.png,cat1_corruption,blur_heavy,"internal train split, corrupted in software",same as data/brain_tumor (internal training data),fit,data/brain_tumor/glioma/Te-gl_133.jpg
data/out_of_scope/cat1_corruption/blur_heavy/blur_heavy_0014.png,cat1_corruption,blur_heavy,"internal train split, corrupted in software",same as data/brain_tumor (internal training data),fit,data/brain_tumor/glioma/Tr-gl_662.jpg
data/out_of_scope/cat1_corruption/blur_heavy/blur_heavy_0015.png,cat1_corruption,blur_heavy,"internal train split, corrupted in software",same as data/brain_tumor (internal training data),eval,data/brain_tumor/glioma/Tr-gl_1225.jpg
data/out_of_scope/cat1_corruption/blur_heavy/blur_heavy_0016.png,cat1_corruption,blur_heavy,"internal train split, corrupted in software",same as data/brain_tumor (internal training data),eval,data/brain_tumor/glioma/Tr-gl_443.jpg
data/out_of_scope/cat1_corruption/blur_heavy/blur_heavy_0017.png,cat1_corruption,blur_heavy,"internal train split, corrupted in software",same as data/brain_tumor (internal training data),fit,data/brain_tumor/glioma/Te-gl_191.jpg
data/out_of_scope/cat1_corruption/blur_heavy/blur_heavy_0018.png,cat1_corruption,blur_heavy,"internal train split, corrupted in software",same as data/brain_tumor (internal training data),fit,data/brain_tumor/glioma/Te-gl_280.jpg
data/out_of_scope/cat1_corruption/blur_heavy/blur_heavy_0019.png,cat1_corruption,blur_heavy,"internal train split, corrupted in software",same as data/brain_tumor (internal training data),fit,data/brain_tumor/glioma/Tr-gl_114.jpg
data/out_of_scope/cat1_corruption/blur_heavy/blur_heavy_0020.png,cat1_corruption,blur_heavy,"internal train split, corrupted in software",same as data/brain_tumor (internal training data),fit,data/brain_tumor/glioma/Tr-gl_886.jpg
data/out_of_scope/cat1_corruption/blur_heavy/blur_heavy_0021.png,cat1_corruption,blur_heavy,"internal train split, corrupted in software",same as data/brain_tumor (internal training data),eval,data/brain_tumor/glioma/Te-gl_15.jpg
data/out_of_scope/cat1_corruption/blur_heavy/blur_heavy_0022.png,cat1_corruption,blur_heavy,"internal train split, corrupted in software",same as data/brain_tumor (internal training data),eval,data/brain_tumor/glioma/Tr-gl_964.jpg
data/out_of_scope/cat1_corruption/blur_heavy/blur_heavy_0023.png,cat1_corruption,blur_heavy,"internal train split, corrupted in software",same as data/brain_tumor (internal training data),eval,data/brain_tumor/glioma/Tr-gl_336.jpg
data/out_of_scope/cat1_corruption/blur_heavy/blur_heavy_0024.png,cat1_corruption,blur_heavy,"internal train split, corrupted in software",same as data/brain_tumor (internal training data),fit,data/brain_tumor/glioma/Tr-gl_71.jpg
data/out_of_scope/cat1_corruption/blur_heavy/blur_heavy_0025.png,cat1_corruption,blur_heavy,"internal train split, corrupted in software",same as data/brain_tumor (internal training data),eval,data/brain_tumor/glioma/Tr-gl_1214.jpg
data/out_of_scope/cat1_corruption/blur_heavy/blur_heavy_0026.png,cat1_corruption,blur_heavy,"internal train split, corrupted in software",same as data/brain_tumor (internal training data),fit,data/brain_tumor/glioma/Tr-gl_314.jpg
data/out_of_scope/cat1_corruption/blur_heavy/blur_heavy_0027.png,cat1_corruption,blur_heavy,"internal train split, corrupted in software",same as data/brain_tumor (internal training data),fit,data/brain_tumor/glioma/Tr-gl_992.jpg
data/out_of_scope/cat1_corruption/blur_heavy/blur_heavy_0028.png,cat1_corruption,blur_heavy,"internal train split, corrupted in software",same as data/brain_tumor (internal training data),eval,data/brain_tumor/glioma/Tr-gl_832.jpg
data/out_of_scope/cat1_corruption/blur_heavy/blur_heavy_0029.png,cat1_corruption,blur_heavy,"internal train split, corrupted in software",same as data/brain_tumor (internal training data),eval,data/brain_tumor/glioma/Tr-gl_777.jpg
data/out_of_scope/cat1_corruption/blur_heavy/blur_heavy_0030.png,cat1_corruption,blur_heavy,"internal train split, corrupted in software",same as data/brain_tumor (internal training data),fit,data/brain_tumor/meningioma/Tr-me_260.jpg
data/out_of_scope/cat1_corruption/blur_heavy/blur_heavy_0031.png,cat1_corruption,blur_heavy,"internal train split, corrupted in software",same as data/brain_tumor (internal training data),eval,data/brain_tumor/meningioma/Te-me_101.jpg
data/out_of_scope/cat1_corruption/blur_heavy/blur_heavy_0032.png,cat1_corruption,blur_heavy,"internal train split, corrupted in software",same as data/brain_tumor (internal training data),eval,data/brain_tumor/meningioma/Tr-me_232.jpg
data/out_of_scope/cat1_corruption/blur_heavy/blur_heavy_0033.png,cat1_corruption,blur_heavy,"internal train split, corrupted in software",same as data/brain_tumor (internal training data),eval,data/brain_tumor/meningioma/Tr-me_870.jpg
data/out_of_scope/cat1_corruption/blur_heavy/blur_heavy_0034.png,cat1_corruption,blur_heavy,"internal train split, corrupted in software",same as data/brain_tumor (internal training data),eval,data/brain_tumor/meningioma/Tr-me_1204.jpg
data/out_of_scope/cat1_corruption/blur_heavy/blur_heavy_0035.png,cat1_corruption,blur_heavy,"internal train split, corrupted in software",same as data/brain_tumor (internal training data),eval,data/brain_tumor/meningioma/Te-me_33.jpg
data/out_of_scope/cat1_corruption/blur_heavy/blur_heavy_0036.png,cat1_corruption,blur_heavy,"internal train split, corrupted in software",same as data/brain_tumor (internal training data),fit,data/brain_tumor/meningioma/Tr-me_1059.jpg
data/out_of_scope/cat1_corruption/blur_heavy/blur_heavy_0037.png,cat1_corruption,blur_heavy,"internal train split, corrupted in software",same as data/brain_tumor (internal training data),eval,data/brain_tumor/meningioma/Te-me_48.jpg
data/out_of_scope/cat1_corruption/blur_heavy/blur_heavy_0038.png,cat1_corruption,blur_heavy,"internal train split, corrupted in software",same as data/brain_tumor (internal training data),eval,data/brain_tumor/meningioma/Te-me_112.jpg
data/out_of_scope/cat1_corruption/blur_heavy/blur_heavy_0039.png,cat1_corruption,blur_heavy,"internal train split, corrupted in software",same as data/brain_tumor (internal training data),fit,data/brain_tumor/meningioma/Tr-me_64.jpg
data/out_of_scope/cat1_corruption/blur_heavy/blur_heavy_0040.png,cat1_corruption,blur_heavy,"internal train split, corrupted in software",same as data/brain_tumor (internal training data),eval,data/brain_tumor/meningioma/Te-aug-me_68.jpg
data/out_of_scope/cat1_corruption/blur_heavy/blur_heavy_0041.png,cat1_corruption,blur_heavy,"internal train split, corrupted in software",same as data/brain_tumor (internal training data),fit,data/brain_tumor/meningioma/Tr-me_1091.jpg
data/out_of_scope/cat1_corruption/blur_heavy/blur_heavy_0042.png,cat1_corruption,blur_heavy,"internal train split, corrupted in software",same as data/brain_tumor (internal training data),eval,data/brain_tumor/meningioma/Tr-me_1047.jpg
data/out_of_scope/cat1_corruption/blur_heavy/blur_heavy_0043.png,cat1_corruption,blur_heavy,"internal train split, corrupted in software",same as data/brain_tumor (internal training data),fit,data/brain_tumor/meningioma/Tr-me_698.jpg
data/out_of_scope/cat1_corruption/blur_heavy/blur_heavy_0044.png,cat1_corruption,blur_heavy,"internal train split, corrupted in software",same as data/brain_tumor (internal training data),eval,data/brain_tumor/meningioma/Tr-me_610.jpg
data/out_of_scope/cat1_corruption/blur_heavy/blur_heavy_0045.png,cat1_corruption,blur_heavy,"internal train split, corrupted in software",same as data/brain_tumor (internal training data),eval,data/brain_tumor/meningioma/Tr-me_403.jpg
data/out_of_scope/cat1_corruption/blur_heavy/blur_heavy_0046.png,cat1_corruption,blur_heavy,"internal train split, corrupted in software",same as data/brain_tumor (internal training data),eval,data/brain_tumor/meningioma/Tr-me_503.jpg
data/out_of_scope/cat1_corruption/blur_heavy/blur_heavy_0047.png,cat1_corruption,blur_heavy,"internal train split, corrupted in software",same as data/brain_tumor (internal training data),fit,data/brain_tumor/meningioma/Te-aug-me_50.jpg
data/out_of_scope/cat1_corruption/blur_heavy/blur_heavy_0048.png,cat1_corruption,blur_heavy,"internal train split, corrupted in software",same as data/brain_tumor (internal training data),eval,data/brain_tumor/meningioma/Tr-me_460.jpg
data/out_of_scope/cat1_corruption/blur_heavy/blur_heavy_0049.png,cat1_corruption,blur_heavy,"internal train split, corrupted in software",same as data/brain_tumor (internal training data),fit,data/brain_tumor/meningioma/Tr-me_505.jpg
data/out_of_scope/cat1_corruption/blur_heavy/blur_heavy_0050.png,cat1_corruption,blur_heavy,"internal train split, corrupted in software",same as data/brain_tumor (internal training data),eval,data/brain_tumor/meningioma/Tr-me_664.jpg
data/out_of_scope/cat1_corruption/blur_heavy/blur_heavy_0051.png,cat1_corruption,blur_heavy,"internal train split, corrupted in software",same as data/brain_tumor (internal training data),eval,data/brain_tumor/meningioma/Te-aug-me_5.jpg
data/out_of_scope/cat1_corruption/blur_heavy/blur_heavy_0052.png,cat1_corruption,blur_heavy,"internal train split, corrupted in software",same as data/brain_tumor (internal training data),fit,data/brain_tumor/meningioma/Tr-me_774.jpg
data/out_of_scope/cat1_corruption/blur_heavy/blur_heavy_0053.png,cat1_corruption,blur_heavy,"internal train split, corrupted in software",same as data/brain_tumor (internal training data),eval,data/brain_tumor/meningioma/Tr-me_306.jpg
data/out_of_scope/cat1_corruption/blur_heavy/blur_heavy_0054.png,cat1_corruption,blur_heavy,"internal train split, corrupted in software",same as data/brain_tumor (internal training data),fit,data/brain_tumor/meningioma/Tr-me_1296.jpg
data/out_of_scope/cat1_corruption/blur_heavy/blur_heavy_0055.png,cat1_corruption,blur_heavy,"internal train split, corrupted in software",same as data/brain_tumor (internal training data),fit,data/brain_tumor/meningioma/Tr-me_600.jpg
data/out_of_scope/cat1_corruption/blur_heavy/blur_heavy_0056.png,cat1_corruption,blur_heavy,"internal train split, corrupted in software",same as data/brain_tumor (internal training data),eval,data/brain_tumor/meningioma/Tr-me_464.jpg
data/out_of_scope/cat1_corruption/blur_heavy/blur_heavy_0057.png,cat1_corruption,blur_heavy,"internal train split, corrupted in software",same as data/brain_tumor (internal training data),fit,data/brain_tumor/meningioma/Tr-me_1153.jpg
data/out_of_scope/cat1_corruption/blur_heavy/blur_heavy_0058.png,cat1_corruption,blur_heavy,"internal train split, corrupted in software",same as data/brain_tumor (internal training data),fit,data/brain_tumor/meningioma/Tr-me_454.jpg
data/out_of_scope/cat1_corruption/blur_heavy/blur_heavy_0059.png,cat1_corruption,blur_heavy,"internal train split, corrupted in software",same as data/brain_tumor (internal training data),eval,data/brain_tumor/meningioma/Tr-me_819.jpg
data/out_of_scope/cat1_corruption/blur_heavy/blur_heavy_0060.png,cat1_corruption,blur_heavy,"internal train split, corrupted in software",same as data/brain_tumor (internal training data),fit,data/brain_tumor/pituitary/Tr-pi_422.jpg
data/out_of_scope/cat1_corruption/blur_heavy/blur_heavy_0061.png,cat1_corruption,blur_heavy,"internal train split, corrupted in software",same as data/brain_tumor (internal training data),eval,data/brain_tumor/pituitary/Tr-pi_353.jpg
data/out_of_scope/cat1_corruption/blur_heavy/blur_heavy_0062.png,cat1_corruption,blur_heavy,"internal train split, corrupted in software",same as data/brain_tumor (internal training data),eval,data/brain_tumor/pituitary/Tr-pi_515.jpg
data/out_of_scope/cat1_corruption/blur_heavy/blur_heavy_0063.png,cat1_corruption,blur_heavy,"internal train split, corrupted in software",same as data/brain_tumor (internal training data),fit,data/brain_tumor/pituitary/Tr-pi_561.jpg
data/out_of_scope/cat1_corruption/blur_heavy/blur_heavy_0064.png,cat1_corruption,blur_heavy,"internal train split, corrupted in software",same as data/brain_tumor (internal training data),eval,data/brain_tumor/pituitary/Tr-pi_1167.jpg
data/out_of_scope/cat1_corruption/blur_heavy/blur_heavy_0065.png,cat1_corruption,blur_heavy,"internal train split, corrupted in software",same as data/brain_tumor (internal training data),fit,data/brain_tumor/pituitary/Tr-pi_860.jpg
data/out_of_scope/cat1_corruption/blur_heavy/blur_heavy_0066.png,cat1_corruption,blur_heavy,"internal train split, corrupted in software",same as data/brain_tumor (internal training data),eval,data/brain_tumor/pituitary/Te-pi_20.jpg
data/out_of_scope/cat1_corruption/blur_heavy/blur_heavy_0067.png,cat1_corruption,blur_heavy,"internal train split, corrupted in software",same as data/brain_tumor (internal training data),fit,data/brain_tumor/pituitary/Te-pi_144.jpg
data/out_of_scope/cat1_corruption/blur_heavy/blur_heavy_0068.png,cat1_corruption,blur_heavy,"internal train split, corrupted in software",same as data/brain_tumor (internal training data),eval,data/brain_tumor/pituitary/Tr-pi_516.jpg
data/out_of_scope/cat1_corruption/blur_heavy/blur_heavy_0069.png,cat1_corruption,blur_heavy,"internal train split, corrupted in software",same as data/brain_tumor (internal training data),eval,data/brain_tumor/pituitary/Tr-pi_644.jpg
data/out_of_scope/cat1_corruption/blur_heavy/blur_heavy_0070.png,cat1_corruption,blur_heavy,"internal train split, corrupted in software",same as data/brain_tumor (internal training data),fit,data/brain_tumor/pituitary/Tr-pi_442.jpg
data/out_of_scope/cat1_corruption/blur_heavy/blur_heavy_0071.png,cat1_corruption,blur_heavy,"internal train split, corrupted in software",same as data/brain_tumor (internal training data),eval,data/brain_tumor/pituitary/Tr-pi_108.jpg
data/out_of_scope/cat1_corruption/blur_heavy/blur_heavy_0072.png,cat1_corruption,blur_heavy,"internal train split, corrupted in software",same as data/brain_tumor (internal training data),eval,data/brain_tumor/pituitary/Tr-pi_653.jpg
data/out_of_scope/cat1_corruption/blur_heavy/blur_heavy_0073.png,cat1_corruption,blur_heavy,"internal train split, corrupted in software",same as data/brain_tumor (internal training data),eval,data/brain_tumor/pituitary/Te-pi_146.jpg
data/out_of_scope/cat1_corruption/blur_heavy/blur_heavy_0074.png,cat1_corruption,blur_heavy,"internal train split, corrupted in software",same as data/brain_tumor (internal training data),fit,data/brain_tumor/pituitary/Tr-pi_902.jpg
data/out_of_scope/cat1_corruption/blur_heavy/blur_heavy_0075.png,cat1_corruption,blur_heavy,"internal train split, corrupted in software",same as data/brain_tumor (internal training data),eval,data/brain_tumor/pituitary/Tr-pi_1398.jpg
data/out_of_scope/cat1_corruption/blur_heavy/blur_heavy_0076.png,cat1_corruption,blur_heavy,"internal train split, corrupted in software",same as data/brain_tumor (internal training data),eval,data/brain_tumor/pituitary/Tr-pi_431.jpg
data/out_of_scope/cat1_corruption/blur_heavy/blur_heavy_0077.png,cat1_corruption,blur_heavy,"internal train split, corrupted in software",same as data/brain_tumor (internal training data),fit,data/brain_tumor/pituitary/Tr-pi_365.jpg
data/out_of_scope/cat1_corruption/blur_heavy/blur_heavy_0078.png,cat1_corruption,blur_heavy,"internal train split, corrupted in software",same as data/brain_tumor (internal training data),fit,data/brain_tumor/pituitary/Tr-pi_1151.jpg
data/out_of_scope/cat1_corruption/blur_heavy/blur_heavy_0079.png,cat1_corruption,blur_heavy,"internal train split, corrupted in software",same as data/brain_tumor (internal training data),eval,data/brain_tumor/pituitary/Tr-pi_525.jpg
data/out_of_scope/cat1_corruption/blur_heavy/blur_heavy_0080.png,cat1_corruption,blur_heavy,"internal train split, corrupted in software",same as data/brain_tumor (internal training data),fit,data/brain_tumor/pituitary/Tr-pi_877.jpg
data/out_of_scope/cat1_corruption/blur_heavy/blur_heavy_0081.png,cat1_corruption,blur_heavy,"internal train split, corrupted in software",same as data/brain_tumor (internal training data),fit,data/brain_tumor/pituitary/Te-pi_16.jpg
data/out_of_scope/cat1_corruption/blur_heavy/blur_heavy_0082.png,cat1_corruption,blur_heavy,"internal train split, corrupted in software",same as data/brain_tumor (internal training data),fit,data/brain_tumor/pituitary/Tr-pi_1213.jpg
data/out_of_scope/cat1_corruption/blur_heavy/blur_heavy_0083.png,cat1_corruption,blur_heavy,"internal train split, corrupted in software",same as data/brain_tumor (internal training data),eval,data/brain_tumor/pituitary/Tr-pi_906.jpg
data/out_of_scope/cat1_corruption/blur_heavy/blur_heavy_0084.png,cat1_corruption,blur_heavy,"internal train split, corrupted in software",same as data/brain_tumor (internal training data),fit,data/brain_tumor/pituitary/Tr-pi_1190.jpg
data/out_of_scope/cat1_corruption/blur_heavy/blur_heavy_0085.png,cat1_corruption,blur_heavy,"internal train split, corrupted in software",same as data/brain_tumor (internal training data),fit,data/brain_tumor/pituitary/Tr-pi_220.jpg
data/out_of_scope/cat1_corruption/blur_heavy/blur_heavy_0086.png,cat1_corruption,blur_heavy,"internal train split, corrupted in software",same as data/brain_tumor (internal training data),fit,data/brain_tumor/pituitary/Tr-pi_40.jpg
data/out_of_scope/cat1_corruption/blur_heavy/blur_heavy_0087.png,cat1_corruption,blur_heavy,"internal train split, corrupted in software",same as data/brain_tumor (internal training data),eval,data/brain_tumor/pituitary/Tr-pi_119.jpg
data/out_of_scope/cat1_corruption/blur_heavy/blur_heavy_0088.png,cat1_corruption,blur_heavy,"internal train split, corrupted in software",same as data/brain_tumor (internal training data),eval,data/brain_tumor/pituitary/Tr-pi_1081.jpg
data/out_of_scope/cat1_corruption/blur_heavy/blur_heavy_0089.png,cat1_corruption,blur_heavy,"internal train split, corrupted in software",same as data/brain_tumor (internal training data),eval,data/brain_tumor/pituitary/Tr-pi_76.jpg
data/out_of_scope/cat1_corruption/blur_heavy/blur_heavy_0090.png,cat1_corruption,blur_heavy,"internal train split, corrupted in software",same as data/brain_tumor (internal training data),eval,data/brain_tumor/notumor/Tr-no_547.jpg
data/out_of_scope/cat1_corruption/blur_heavy/blur_heavy_0091.png,cat1_corruption,blur_heavy,"internal train split, corrupted in software",same as data/brain_tumor (internal training data),fit,data/brain_tumor/notumor/Tr-no_1088.jpg
data/out_of_scope/cat1_corruption/blur_heavy/blur_heavy_0092.png,cat1_corruption,blur_heavy,"internal train split, corrupted in software",same as data/brain_tumor (internal training data),fit,data/brain_tumor/notumor/Te-no_14.jpg
data/out_of_scope/cat1_corruption/blur_heavy/blur_heavy_0093.png,cat1_corruption,blur_heavy,"internal train split, corrupted in software",same as data/brain_tumor (internal training data),eval,data/brain_tumor/notumor/Tr-no_1170.jpg
data/out_of_scope/cat1_corruption/blur_heavy/blur_heavy_0094.png,cat1_corruption,blur_heavy,"internal train split, corrupted in software",same as data/brain_tumor (internal training data),fit,data/brain_tumor/notumor/Tr-no_416.jpg
data/out_of_scope/cat1_corruption/blur_heavy/blur_heavy_0095.png,cat1_corruption,blur_heavy,"internal train split, corrupted in software",same as data/brain_tumor (internal training data),fit,data/brain_tumor/notumor/Tr-no_530.jpg
data/out_of_scope/cat1_corruption/blur_heavy/blur_heavy_0096.png,cat1_corruption,blur_heavy,"internal train split, corrupted in software",same as data/brain_tumor (internal training data),eval,data/brain_tumor/notumor/Te-no_212.jpg
data/out_of_scope/cat1_corruption/blur_heavy/blur_heavy_0097.png,cat1_corruption,blur_heavy,"internal train split, corrupted in software",same as data/brain_tumor (internal training data),fit,data/brain_tumor/notumor/Tr-no_513.jpg
data/out_of_scope/cat1_corruption/blur_heavy/blur_heavy_0098.png,cat1_corruption,blur_heavy,"internal train split, corrupted in software",same as data/brain_tumor (internal training data),fit,data/brain_tumor/notumor/Tr-no_660.jpg
data/out_of_scope/cat1_corruption/blur_heavy/blur_heavy_0099.png,cat1_corruption,blur_heavy,"internal train split, corrupted in software",same as data/brain_tumor (internal training data),eval,data/brain_tumor/notumor/Tr-no_95.jpg
data/out_of_scope/cat1_corruption/blur_heavy/blur_heavy_0100.png,cat1_corruption,blur_heavy,"internal train split, corrupted in software",same as data/brain_tumor (internal training data),fit,data/brain_tumor/notumor/Tr-no_178.jpg
data/out_of_scope/cat1_corruption/blur_heavy/blur_heavy_0101.png,cat1_corruption,blur_heavy,"internal train split, corrupted in software",same as data/brain_tumor (internal training data),fit,data/brain_tumor/notumor/Tr-no_401.jpg
data/out_of_scope/cat1_corruption/blur_heavy/blur_heavy_0102.png,cat1_corruption,blur_heavy,"internal train split, corrupted in software",same as data/brain_tumor (internal training data),fit,data/brain_tumor/notumor/Te-no_140.jpg
data/out_of_scope/cat1_corruption/blur_heavy/blur_heavy_0103.png,cat1_corruption,blur_heavy,"internal train split, corrupted in software",same as data/brain_tumor (internal training data),fit,data/brain_tumor/notumor/Tr-no_335.jpg
data/out_of_scope/cat1_corruption/blur_heavy/blur_heavy_0104.png,cat1_corruption,blur_heavy,"internal train split, corrupted in software",same as data/brain_tumor (internal training data),fit,data/brain_tumor/notumor/Tr-no_477.jpg
data/out_of_scope/cat1_corruption/blur_heavy/blur_heavy_0105.png,cat1_corruption,blur_heavy,"internal train split, corrupted in software",same as data/brain_tumor (internal training data),fit,data/brain_tumor/notumor/Tr-no_1257.jpg
data/out_of_scope/cat1_corruption/blur_heavy/blur_heavy_0106.png,cat1_corruption,blur_heavy,"internal train split, corrupted in software",same as data/brain_tumor (internal training data),eval,data/brain_tumor/notumor/Tr-no_624.jpg
data/out_of_scope/cat1_corruption/blur_heavy/blur_heavy_0107.png,cat1_corruption,blur_heavy,"internal train split, corrupted in software",same as data/brain_tumor (internal training data),fit,data/brain_tumor/notumor/Tr-no_20.jpg
data/out_of_scope/cat1_corruption/blur_heavy/blur_heavy_0108.png,cat1_corruption,blur_heavy,"internal train split, corrupted in software",same as data/brain_tumor (internal training data),eval,data/brain_tumor/notumor/Te-no_240.jpg
data/out_of_scope/cat1_corruption/blur_heavy/blur_heavy_0109.png,cat1_corruption,blur_heavy,"internal train split, corrupted in software",same as data/brain_tumor (internal training data),eval,data/brain_tumor/notumor/Tr-no_627.jpg
data/out_of_scope/cat1_corruption/blur_heavy/blur_heavy_0110.png,cat1_corruption,blur_heavy,"internal train split, corrupted in software",same as data/brain_tumor (internal training data),eval,data/brain_tumor/notumor/Tr-no_1220.jpg
data/out_of_scope/cat1_corruption/blur_heavy/blur_heavy_0111.png,cat1_corruption,blur_heavy,"internal train split, corrupted in software",same as data/brain_tumor (internal training data),eval,data/brain_tumor/notumor/Tr-no_446.jpg
data/out_of_scope/cat1_corruption/blur_heavy/blur_heavy_0112.png,cat1_corruption,blur_heavy,"internal train split, corrupted in software",same as data/brain_tumor (internal training data),fit,data/brain_tumor/notumor/Tr-no_378.jpg
data/out_of_scope/cat1_corruption/blur_heavy/blur_heavy_0113.png,cat1_corruption,blur_heavy,"internal train split, corrupted in software",same as data/brain_tumor (internal training data),fit,data/brain_tumor/notumor/Tr-no_596.jpg
data/out_of_scope/cat1_corruption/blur_heavy/blur_heavy_0114.png,cat1_corruption,blur_heavy,"internal train split, corrupted in software",same as data/brain_tumor (internal training data),fit,data/brain_tumor/notumor/Te-no_223.jpg
data/out_of_scope/cat1_corruption/blur_heavy/blur_heavy_0115.png,cat1_corruption,blur_heavy,"internal train split, corrupted in software",same as data/brain_tumor (internal training data),eval,data/brain_tumor/notumor/Te-no_105.jpg
data/out_of_scope/cat1_corruption/blur_heavy/blur_heavy_0116.png,cat1_corruption,blur_heavy,"internal train split, corrupted in software",same as data/brain_tumor (internal training data),fit,data/brain_tumor/notumor/Tr-no_351.jpg
data/out_of_scope/cat1_corruption/blur_heavy/blur_heavy_0117.png,cat1_corruption,blur_heavy,"internal train split, corrupted in software",same as data/brain_tumor (internal training data),eval,data/brain_tumor/notumor/Tr-no_966.jpg
data/out_of_scope/cat1_corruption/blur_heavy/blur_heavy_0118.png,cat1_corruption,blur_heavy,"internal train split, corrupted in software",same as data/brain_tumor (internal training data),fit,data/brain_tumor/notumor/Tr-no_1284.jpg
data/out_of_scope/cat1_corruption/blur_heavy/blur_heavy_0119.png,cat1_corruption,blur_heavy,"internal train split, corrupted in software",same as data/brain_tumor (internal training data),fit,data/brain_tumor/notumor/Tr-no_319.jpg
data/out_of_scope/cat1_corruption/noise_heavy/noise_heavy_0000.png,cat1_corruption,noise_heavy,"internal train split, corrupted in software",same as data/brain_tumor (internal training data),eval,data/brain_tumor/glioma/Tr-gl_488.jpg
data/out_of_scope/cat1_corruption/noise_heavy/noise_heavy_0001.png,cat1_corruption,noise_heavy,"internal train split, corrupted in software",same as data/brain_tumor (internal training data),fit,data/brain_tumor/glioma/Te-gl_224.jpg
data/out_of_scope/cat1_corruption/noise_heavy/noise_heavy_0002.png,cat1_corruption,noise_heavy,"internal train split, corrupted in software",same as data/brain_tumor (internal training data),fit,data/brain_tumor/glioma/Tr-gl_946.jpg
data/out_of_scope/cat1_corruption/noise_heavy/noise_heavy_0003.png,cat1_corruption,noise_heavy,"internal train split, corrupted in software",same as data/brain_tumor (internal training data),fit,data/brain_tumor/glioma/Tr-gl_1024.jpg
data/out_of_scope/cat1_corruption/noise_heavy/noise_heavy_0004.png,cat1_corruption,noise_heavy,"internal train split, corrupted in software",same as data/brain_tumor (internal training data),eval,data/brain_tumor/glioma/Tr-gl_193.jpg
data/out_of_scope/cat1_corruption/noise_heavy/noise_heavy_0005.png,cat1_corruption,noise_heavy,"internal train split, corrupted in software",same as data/brain_tumor (internal training data),eval,data/brain_tumor/glioma/Tr-gl_6.jpg
data/out_of_scope/cat1_corruption/noise_heavy/noise_heavy_0006.png,cat1_corruption,noise_heavy,"internal train split, corrupted in software",same as data/brain_tumor (internal training data),fit,data/brain_tumor/glioma/Tr-gl_1120.jpg
data/out_of_scope/cat1_corruption/noise_heavy/noise_heavy_0007.png,cat1_corruption,noise_heavy,"internal train split, corrupted in software",same as data/brain_tumor (internal training data),eval,data/brain_tumor/glioma/Te-gl_131.jpg
data/out_of_scope/cat1_corruption/noise_heavy/noise_heavy_0008.png,cat1_corruption,noise_heavy,"internal train split, corrupted in software",same as data/brain_tumor (internal training data),eval,data/brain_tumor/glioma/Tr-gl_1052.jpg
data/out_of_scope/cat1_corruption/noise_heavy/noise_heavy_0009.png,cat1_corruption,noise_heavy,"internal train split, corrupted in software",same as data/brain_tumor (internal training data),eval,data/brain_tumor/glioma/Tr-gl_574.jpg
data/out_of_scope/cat1_corruption/noise_heavy/noise_heavy_0010.png,cat1_corruption,noise_heavy,"internal train split, corrupted in software",same as data/brain_tumor (internal training data),fit,data/brain_tumor/glioma/Tr-gl_711.jpg
data/out_of_scope/cat1_corruption/noise_heavy/noise_heavy_0011.png,cat1_corruption,noise_heavy,"internal train split, corrupted in software",same as data/brain_tumor (internal training data),fit,data/brain_tumor/glioma/Te-gl_56.jpg
data/out_of_scope/cat1_corruption/noise_heavy/noise_heavy_0012.png,cat1_corruption,noise_heavy,"internal train split, corrupted in software",same as data/brain_tumor (internal training data),eval,data/brain_tumor/glioma/Tr-gl_1252.jpg
data/out_of_scope/cat1_corruption/noise_heavy/noise_heavy_0013.png,cat1_corruption,noise_heavy,"internal train split, corrupted in software",same as data/brain_tumor (internal training data),fit,data/brain_tumor/glioma/Te-gl_133.jpg
data/out_of_scope/cat1_corruption/noise_heavy/noise_heavy_0014.png,cat1_corruption,noise_heavy,"internal train split, corrupted in software",same as data/brain_tumor (internal training data),fit,data/brain_tumor/glioma/Tr-gl_662.jpg
data/out_of_scope/cat1_corruption/noise_heavy/noise_heavy_0015.png,cat1_corruption,noise_heavy,"internal train split, corrupted in software",same as data/brain_tumor (internal training data),eval,data/brain_tumor/glioma/Tr-gl_1225.jpg
data/out_of_scope/cat1_corruption/noise_heavy/noise_heavy_0016.png,cat1_corruption,noise_heavy,"internal train split, corrupted in software",same as data/brain_tumor (internal training data),eval,data/brain_tumor/glioma/Tr-gl_443.jpg
data/out_of_scope/cat1_corruption/noise_heavy/noise_heavy_0017.png,cat1_corruption,noise_heavy,"internal train split, corrupted in software",same as data/brain_tumor (internal training data),fit,data/brain_tumor/glioma/Te-gl_191.jpg
data/out_of_scope/cat1_corruption/noise_heavy/noise_heavy_0018.png,cat1_corruption,noise_heavy,"internal train split, corrupted in software",same as data/brain_tumor (internal training data),fit,data/brain_tumor/glioma/Te-gl_280.jpg
data/out_of_scope/cat1_corruption/noise_heavy/noise_heavy_0019.png,cat1_corruption,noise_heavy,"internal train split, corrupted in software",same as data/brain_tumor (internal training data),fit,data/brain_tumor/glioma/Tr-gl_114.jpg
data/out_of_scope/cat1_corruption/noise_heavy/noise_heavy_0020.png,cat1_corruption,noise_heavy,"internal train split, corrupted in software",same as data/brain_tumor (internal training data),fit,data/brain_tumor/glioma/Tr-gl_886.jpg
data/out_of_scope/cat1_corruption/noise_heavy/noise_heavy_0021.png,cat1_corruption,noise_heavy,"internal train split, corrupted in software",same as data/brain_tumor (internal training data),eval,data/brain_tumor/glioma/Te-gl_15.jpg
data/out_of_scope/cat1_corruption/noise_heavy/noise_heavy_0022.png,cat1_corruption,noise_heavy,"internal train split, corrupted in software",same as data/brain_tumor (internal training data),eval,data/brain_tumor/glioma/Tr-gl_964.jpg
data/out_of_scope/cat1_corruption/noise_heavy/noise_heavy_0023.png,cat1_corruption,noise_heavy,"internal train split, corrupted in software",same as data/brain_tumor (internal training data),eval,data/brain_tumor/glioma/Tr-gl_336.jpg
data/out_of_scope/cat1_corruption/noise_heavy/noise_heavy_0024.png,cat1_corruption,noise_heavy,"internal train split, corrupted in software",same as data/brain_tumor (internal training data),fit,data/brain_tumor/glioma/Tr-gl_71.jpg
data/out_of_scope/cat1_corruption/noise_heavy/noise_heavy_0025.png,cat1_corruption,noise_heavy,"internal train split, corrupted in software",same as data/brain_tumor (internal training data),eval,data/brain_tumor/glioma/Tr-gl_1214.jpg
data/out_of_scope/cat1_corruption/noise_heavy/noise_heavy_0026.png,cat1_corruption,noise_heavy,"internal train split, corrupted in software",same as data/brain_tumor (internal training data),fit,data/brain_tumor/glioma/Tr-gl_314.jpg
data/out_of_scope/cat1_corruption/noise_heavy/noise_heavy_0027.png,cat1_corruption,noise_heavy,"internal train split, corrupted in software",same as data/brain_tumor (internal training data),fit,data/brain_tumor/glioma/Tr-gl_992.jpg
data/out_of_scope/cat1_corruption/noise_heavy/noise_heavy_0028.png,cat1_corruption,noise_heavy,"internal train split, corrupted in software",same as data/brain_tumor (internal training data),eval,data/brain_tumor/glioma/Tr-gl_832.jpg
data/out_of_scope/cat1_corruption/noise_heavy/noise_heavy_0029.png,cat1_corruption,noise_heavy,"internal train split, corrupted in software",same as data/brain_tumor (internal training data),eval,data/brain_tumor/glioma/Tr-gl_777.jpg
data/out_of_scope/cat1_corruption/noise_heavy/noise_heavy_0030.png,cat1_corruption,noise_heavy,"internal train split, corrupted in software",same as data/brain_tumor (internal training data),fit,data/brain_tumor/meningioma/Tr-me_260.jpg
data/out_of_scope/cat1_corruption/noise_heavy/noise_heavy_0031.png,cat1_corruption,noise_heavy,"internal train split, corrupted in software",same as data/brain_tumor (internal training data),eval,data/brain_tumor/meningioma/Te-me_101.jpg
data/out_of_scope/cat1_corruption/noise_heavy/noise_heavy_0032.png,cat1_corruption,noise_heavy,"internal train split, corrupted in software",same as data/brain_tumor (internal training data),eval,data/brain_tumor/meningioma/Tr-me_232.jpg
data/out_of_scope/cat1_corruption/noise_heavy/noise_heavy_0033.png,cat1_corruption,noise_heavy,"internal train split, corrupted in software",same as data/brain_tumor (internal training data),eval,data/brain_tumor/meningioma/Tr-me_870.jpg
data/out_of_scope/cat1_corruption/noise_heavy/noise_heavy_0034.png,cat1_corruption,noise_heavy,"internal train split, corrupted in software",same as data/brain_tumor (internal training data),eval,data/brain_tumor/meningioma/Tr-me_1204.jpg
data/out_of_scope/cat1_corruption/noise_heavy/noise_heavy_0035.png,cat1_corruption,noise_heavy,"internal train split, corrupted in software",same as data/brain_tumor (internal training data),eval,data/brain_tumor/meningioma/Te-me_33.jpg
data/out_of_scope/cat1_corruption/noise_heavy/noise_heavy_0036.png,cat1_corruption,noise_heavy,"internal train split, corrupted in software",same as data/brain_tumor (internal training data),fit,data/brain_tumor/meningioma/Tr-me_1059.jpg
data/out_of_scope/cat1_corruption/noise_heavy/noise_heavy_0037.png,cat1_corruption,noise_heavy,"internal train split, corrupted in software",same as data/brain_tumor (internal training data),eval,data/brain_tumor/meningioma/Te-me_48.jpg
data/out_of_scope/cat1_corruption/noise_heavy/noise_heavy_0038.png,cat1_corruption,noise_heavy,"internal train split, corrupted in software",same as data/brain_tumor (internal training data),eval,data/brain_tumor/meningioma/Te-me_112.jpg
data/out_of_scope/cat1_corruption/noise_heavy/noise_heavy_0039.png,cat1_corruption,noise_heavy,"internal train split, corrupted in software",same as data/brain_tumor (internal training data),fit,data/brain_tumor/meningioma/Tr-me_64.jpg
data/out_of_scope/cat1_corruption/noise_heavy/noise_heavy_0040.png,cat1_corruption,noise_heavy,"internal train split, corrupted in software",same as data/brain_tumor (internal training data),eval,data/brain_tumor/meningioma/Te-aug-me_68.jpg
data/out_of_scope/cat1_corruption/noise_heavy/noise_heavy_0041.png,cat1_corruption,noise_heavy,"internal train split, corrupted in software",same as data/brain_tumor (internal training data),fit,data/brain_tumor/meningioma/Tr-me_1091.jpg
data/out_of_scope/cat1_corruption/noise_heavy/noise_heavy_0042.png,cat1_corruption,noise_heavy,"internal train split, corrupted in software",same as data/brain_tumor (internal training data),eval,data/brain_tumor/meningioma/Tr-me_1047.jpg
data/out_of_scope/cat1_corruption/noise_heavy/noise_heavy_0043.png,cat1_corruption,noise_heavy,"internal train split, corrupted in software",same as data/brain_tumor (internal training data),fit,data/brain_tumor/meningioma/Tr-me_698.jpg
data/out_of_scope/cat1_corruption/noise_heavy/noise_heavy_0044.png,cat1_corruption,noise_heavy,"internal train split, corrupted in software",same as data/brain_tumor (internal training data),eval,data/brain_tumor/meningioma/Tr-me_610.jpg
data/out_of_scope/cat1_corruption/noise_heavy/noise_heavy_0045.png,cat1_corruption,noise_heavy,"internal train split, corrupted in software",same as data/brain_tumor (internal training data),eval,data/brain_tumor/meningioma/Tr-me_403.jpg
data/out_of_scope/cat1_corruption/noise_heavy/noise_heavy_0046.png,cat1_corruption,noise_heavy,"internal train split, corrupted in software",same as data/brain_tumor (internal training data),eval,data/brain_tumor/meningioma/Tr-me_503.jpg
data/out_of_scope/cat1_corruption/noise_heavy/noise_heavy_0047.png,cat1_corruption,noise_heavy,"internal train split, corrupted in software",same as data/brain_tumor (internal training data),fit,data/brain_tumor/meningioma/Te-aug-me_50.jpg
data/out_of_scope/cat1_corruption/noise_heavy/noise_heavy_0048.png,cat1_corruption,noise_heavy,"internal train split, corrupted in software",same as data/brain_tumor (internal training data),eval,data/brain_tumor/meningioma/Tr-me_460.jpg
data/out_of_scope/cat1_corruption/noise_heavy/noise_heavy_0049.png,cat1_corruption,noise_heavy,"internal train split, corrupted in software",same as data/brain_tumor (internal training data),fit,data/brain_tumor/meningioma/Tr-me_505.jpg
data/out_of_scope/cat1_corruption/noise_heavy/noise_heavy_0050.png,cat1_corruption,noise_heavy,"internal train split, corrupted in software",same as data/brain_tumor (internal training data),eval,data/brain_tumor/meningioma/Tr-me_664.jpg
data/out_of_scope/cat1_corruption/noise_heavy/noise_heavy_0051.png,cat1_corruption,noise_heavy,"internal train split, corrupted in software",same as data/brain_tumor (internal training data),eval,data/brain_tumor/meningioma/Te-aug-me_5.jpg
data/out_of_scope/cat1_corruption/noise_heavy/noise_heavy_0052.png,cat1_corruption,noise_heavy,"internal train split, corrupted in software",same as data/brain_tumor (internal training data),fit,data/brain_tumor/meningioma/Tr-me_774.jpg
data/out_of_scope/cat1_corruption/noise_heavy/noise_heavy_0053.png,cat1_corruption,noise_heavy,"internal train split, corrupted in software",same as data/brain_tumor (internal training data),eval,data/brain_tumor/meningioma/Tr-me_306.jpg
data/out_of_scope/cat1_corruption/noise_heavy/noise_heavy_0054.png,cat1_corruption,noise_heavy,"internal train split, corrupted in software",same as data/brain_tumor (internal training data),fit,data/brain_tumor/meningioma/Tr-me_1296.jpg
data/out_of_scope/cat1_corruption/noise_heavy/noise_heavy_0055.png,cat1_corruption,noise_heavy,"internal train split, corrupted in software",same as data/brain_tumor (internal training data),fit,data/brain_tumor/meningioma/Tr-me_600.jpg
data/out_of_scope/cat1_corruption/noise_heavy/noise_heavy_0056.png,cat1_corruption,noise_heavy,"internal train split, corrupted in software",same as data/brain_tumor (internal training data),eval,data/brain_tumor/meningioma/Tr-me_464.jpg
data/out_of_scope/cat1_corruption/noise_heavy/noise_heavy_0057.png,cat1_corruption,noise_heavy,"internal train split, corrupted in software",same as data/brain_tumor (internal training data),fit,data/brain_tumor/meningioma/Tr-me_1153.jpg
data/out_of_scope/cat1_corruption/noise_heavy/noise_heavy_0058.png,cat1_corruption,noise_heavy,"internal train split, corrupted in software",same as data/brain_tumor (internal training data),fit,data/brain_tumor/meningioma/Tr-me_454.jpg
data/out_of_scope/cat1_corruption/noise_heavy/noise_heavy_0059.png,cat1_corruption,noise_heavy,"internal train split, corrupted in software",same as data/brain_tumor (internal training data),eval,data/brain_tumor/meningioma/Tr-me_819.jpg
data/out_of_scope/cat1_corruption/noise_heavy/noise_heavy_0060.png,cat1_corruption,noise_heavy,"internal train split, corrupted in software",same as data/brain_tumor (internal training data),fit,data/brain_tumor/pituitary/Tr-pi_422.jpg
data/out_of_scope/cat1_corruption/noise_heavy/noise_heavy_0061.png,cat1_corruption,noise_heavy,"internal train split, corrupted in software",same as data/brain_tumor (internal training data),eval,data/brain_tumor/pituitary/Tr-pi_353.jpg
data/out_of_scope/cat1_corruption/noise_heavy/noise_heavy_0062.png,cat1_corruption,noise_heavy,"internal train split, corrupted in software",same as data/brain_tumor (internal training data),eval,data/brain_tumor/pituitary/Tr-pi_515.jpg
data/out_of_scope/cat1_corruption/noise_heavy/noise_heavy_0063.png,cat1_corruption,noise_heavy,"internal train split, corrupted in software",same as data/brain_tumor (internal training data),fit,data/brain_tumor/pituitary/Tr-pi_561.jpg
data/out_of_scope/cat1_corruption/noise_heavy/noise_heavy_0064.png,cat1_corruption,noise_heavy,"internal train split, corrupted in software",same as data/brain_tumor (internal training data),eval,data/brain_tumor/pituitary/Tr-pi_1167.jpg
data/out_of_scope/cat1_corruption/noise_heavy/noise_heavy_0065.png,cat1_corruption,noise_heavy,"internal train split, corrupted in software",same as data/brain_tumor (internal training data),fit,data/brain_tumor/pituitary/Tr-pi_860.jpg
data/out_of_scope/cat1_corruption/noise_heavy/noise_heavy_0066.png,cat1_corruption,noise_heavy,"internal train split, corrupted in software",same as data/brain_tumor (internal training data),eval,data/brain_tumor/pituitary/Te-pi_20.jpg
data/out_of_scope/cat1_corruption/noise_heavy/noise_heavy_0067.png,cat1_corruption,noise_heavy,"internal train split, corrupted in software",same as data/brain_tumor (internal training data),fit,data/brain_tumor/pituitary/Te-pi_144.jpg
data/out_of_scope/cat1_corruption/noise_heavy/noise_heavy_0068.png,cat1_corruption,noise_heavy,"internal train split, corrupted in software",same as data/brain_tumor (internal training data),eval,data/brain_tumor/pituitary/Tr-pi_516.jpg
data/out_of_scope/cat1_corruption/noise_heavy/noise_heavy_0069.png,cat1_corruption,noise_heavy,"internal train split, corrupted in software",same as data/brain_tumor (internal training data),eval,data/brain_tumor/pituitary/Tr-pi_644.jpg
data/out_of_scope/cat1_corruption/noise_heavy/noise_heavy_0070.png,cat1_corruption,noise_heavy,"internal train split, corrupted in software",same as data/brain_tumor (internal training data),fit,data/brain_tumor/pituitary/Tr-pi_442.jpg
data/out_of_scope/cat1_corruption/noise_heavy/noise_heavy_0071.png,cat1_corruption,noise_heavy,"internal train split, corrupted in software",same as data/brain_tumor (internal training data),eval,data/brain_tumor/pituitary/Tr-pi_108.jpg
data/out_of_scope/cat1_corruption/noise_heavy/noise_heavy_0072.png,cat1_corruption,noise_heavy,"internal train split, corrupted in software",same as data/brain_tumor (internal training data),eval,data/brain_tumor/pituitary/Tr-pi_653.jpg
data/out_of_scope/cat1_corruption/noise_heavy/noise_heavy_0073.png,cat1_corruption,noise_heavy,"internal train split, corrupted in software",same as data/brain_tumor (internal training data),eval,data/brain_tumor/pituitary/Te-pi_146.jpg
data/out_of_scope/cat1_corruption/noise_heavy/noise_heavy_0074.png,cat1_corruption,noise_heavy,"internal train split, corrupted in software",same as data/brain_tumor (internal training data),fit,data/brain_tumor/pituitary/Tr-pi_902.jpg
data/out_of_scope/cat1_corruption/noise_heavy/noise_heavy_0075.png,cat1_corruption,noise_heavy,"internal train split, corrupted in software",same as data/brain_tumor (internal training data),eval,data/brain_tumor/pituitary/Tr-pi_1398.jpg
data/out_of_scope/cat1_corruption/noise_heavy/noise_heavy_0076.png,cat1_corruption,noise_heavy,"internal train split, corrupted in software",same as data/brain_tumor (internal training data),eval,data/brain_tumor/pituitary/Tr-pi_431.jpg
data/out_of_scope/cat1_corruption/noise_heavy/noise_heavy_0077.png,cat1_corruption,noise_heavy,"internal train split, corrupted in software",same as data/brain_tumor (internal training data),fit,data/brain_tumor/pituitary/Tr-pi_365.jpg
data/out_of_scope/cat1_corruption/noise_heavy/noise_heavy_0078.png,cat1_corruption,noise_heavy,"internal train split, corrupted in software",same as data/brain_tumor (internal training data),fit,data/brain_tumor/pituitary/Tr-pi_1151.jpg
data/out_of_scope/cat1_corruption/noise_heavy/noise_heavy_0079.png,cat1_corruption,noise_heavy,"internal train split, corrupted in software",same as data/brain_tumor (internal training data),eval,data/brain_tumor/pituitary/Tr-pi_525.jpg
data/out_of_scope/cat1_corruption/noise_heavy/noise_heavy_0080.png,cat1_corruption,noise_heavy,"internal train split, corrupted in software",same as data/brain_tumor (internal training data),fit,data/brain_tumor/pituitary/Tr-pi_877.jpg
data/out_of_scope/cat1_corruption/noise_heavy/noise_heavy_0081.png,cat1_corruption,noise_heavy,"internal train split, corrupted in software",same as data/brain_tumor (internal training data),fit,data/brain_tumor/pituitary/Te-pi_16.jpg
data/out_of_scope/cat1_corruption/noise_heavy/noise_heavy_0082.png,cat1_corruption,noise_heavy,"internal train split, corrupted in software",same as data/brain_tumor (internal training data),fit,data/brain_tumor/pituitary/Tr-pi_1213.jpg
data/out_of_scope/cat1_corruption/noise_heavy/noise_heavy_0083.png,cat1_corruption,noise_heavy,"internal train split, corrupted in software",same as data/brain_tumor (internal training data),eval,data/brain_tumor/pituitary/Tr-pi_906.jpg
data/out_of_scope/cat1_corruption/noise_heavy/noise_heavy_0084.png,cat1_corruption,noise_heavy,"internal train split, corrupted in software",same as data/brain_tumor (internal training data),fit,data/brain_tumor/pituitary/Tr-pi_1190.jpg
data/out_of_scope/cat1_corruption/noise_heavy/noise_heavy_0085.png,cat1_corruption,noise_heavy,"internal train split, corrupted in software",same as data/brain_tumor (internal training data),fit,data/brain_tumor/pituitary/Tr-pi_220.jpg
data/out_of_scope/cat1_corruption/noise_heavy/noise_heavy_0086.png,cat1_corruption,noise_heavy,"internal train split, corrupted in software",same as data/brain_tumor (internal training data),fit,data/brain_tumor/pituitary/Tr-pi_40.jpg
data/out_of_scope/cat1_corruption/noise_heavy/noise_heavy_0087.png,cat1_corruption,noise_heavy,"internal train split, corrupted in software",same as data/brain_tumor (internal training data),eval,data/brain_tumor/pituitary/Tr-pi_119.jpg
data/out_of_scope/cat1_corruption/noise_heavy/noise_heavy_0088.png,cat1_corruption,noise_heavy,"internal train split, corrupted in software",same as data/brain_tumor (internal training data),eval,data/brain_tumor/pituitary/Tr-pi_1081.jpg
data/out_of_scope/cat1_corruption/noise_heavy/noise_heavy_0089.png,cat1_corruption,noise_heavy,"internal train split, corrupted in software",same as data/brain_tumor (internal training data),eval,data/brain_tumor/pituitary/Tr-pi_76.jpg
data/out_of_scope/cat1_corruption/noise_heavy/noise_heavy_0090.png,cat1_corruption,noise_heavy,"internal train split, corrupted in software",same as data/brain_tumor (internal training data),eval,data/brain_tumor/notumor/Tr-no_547.jpg
data/out_of_scope/cat1_corruption/noise_heavy/noise_heavy_0091.png,cat1_corruption,noise_heavy,"internal train split, corrupted in software",same as data/brain_tumor (internal training data),fit,data/brain_tumor/notumor/Tr-no_1088.jpg
data/out_of_scope/cat1_corruption/noise_heavy/noise_heavy_0092.png,cat1_corruption,noise_heavy,"internal train split, corrupted in software",same as data/brain_tumor (internal training data),fit,data/brain_tumor/notumor/Te-no_14.jpg
data/out_of_scope/cat1_corruption/noise_heavy/noise_heavy_0093.png,cat1_corruption,noise_heavy,"internal train split, corrupted in software",same as data/brain_tumor (internal training data),eval,data/brain_tumor/notumor/Tr-no_1170.jpg
data/out_of_scope/cat1_corruption/noise_heavy/noise_heavy_0094.png,cat1_corruption,noise_heavy,"internal train split, corrupted in software",same as data/brain_tumor (internal training data),fit,data/brain_tumor/notumor/Tr-no_416.jpg
data/out_of_scope/cat1_corruption/noise_heavy/noise_heavy_0095.png,cat1_corruption,noise_heavy,"internal train split, corrupted in software",same as data/brain_tumor (internal training data),fit,data/brain_tumor/notumor/Tr-no_530.jpg
data/out_of_scope/cat1_corruption/noise_heavy/noise_heavy_0096.png,cat1_corruption,noise_heavy,"internal train split, corrupted in software",same as data/brain_tumor (internal training data),eval,data/brain_tumor/notumor/Te-no_212.jpg
data/out_of_scope/cat1_corruption/noise_heavy/noise_heavy_0097.png,cat1_corruption,noise_heavy,"internal train split, corrupted in software",same as data/brain_tumor (internal training data),fit,data/brain_tumor/notumor/Tr-no_513.jpg
data/out_of_scope/cat1_corruption/noise_heavy/noise_heavy_0098.png,cat1_corruption,noise_heavy,"internal train split, corrupted in software",same as data/brain_tumor (internal training data),fit,data/brain_tumor/notumor/Tr-no_660.jpg
data/out_of_scope/cat1_corruption/noise_heavy/noise_heavy_0099.png,cat1_corruption,noise_heavy,"internal train split, corrupted in software",same as data/brain_tumor (internal training data),eval,data/brain_tumor/notumor/Tr-no_95.jpg
data/out_of_scope/cat1_corruption/noise_heavy/noise_heavy_0100.png,cat1_corruption,noise_heavy,"internal train split, corrupted in software",same as data/brain_tumor (internal training data),fit,data/brain_tumor/notumor/Tr-no_178.jpg
data/out_of_scope/cat1_corruption/noise_heavy/noise_heavy_0101.png,cat1_corruption,noise_heavy,"internal train split, corrupted in software",same as data/brain_tumor (internal training data),fit,data/brain_tumor/notumor/Tr-no_401.jpg
data/out_of_scope/cat1_corruption/noise_heavy/noise_heavy_0102.png,cat1_corruption,noise_heavy,"internal train split, corrupted in software",same as data/brain_tumor (internal training data),fit,data/brain_tumor/notumor/Te-no_140.jpg
data/out_of_scope/cat1_corruption/noise_heavy/noise_heavy_0103.png,cat1_corruption,noise_heavy,"internal train split, corrupted in software",same as data/brain_tumor (internal training data),fit,data/brain_tumor/notumor/Tr-no_335.jpg
data/out_of_scope/cat1_corruption/noise_heavy/noise_heavy_0104.png,cat1_corruption,noise_heavy,"internal train split, corrupted in software",same as data/brain_tumor (internal training data),fit,data/brain_tumor/notumor/Tr-no_477.jpg
data/out_of_scope/cat1_corruption/noise_heavy/noise_heavy_0105.png,cat1_corruption,noise_heavy,"internal train split, corrupted in software",same as data/brain_tumor (internal training data),fit,data/brain_tumor/notumor/Tr-no_1257.jpg
data/out_of_scope/cat1_corruption/noise_heavy/noise_heavy_0106.png,cat1_corruption,noise_heavy,"internal train split, corrupted in software",same as data/brain_tumor (internal training data),eval,data/brain_tumor/notumor/Tr-no_624.jpg
data/out_of_scope/cat1_corruption/noise_heavy/noise_heavy_0107.png,cat1_corruption,noise_heavy,"internal train split, corrupted in software",same as data/brain_tumor (internal training data),fit,data/brain_tumor/notumor/Tr-no_20.jpg
data/out_of_scope/cat1_corruption/noise_heavy/noise_heavy_0108.png,cat1_corruption,noise_heavy,"internal train split, corrupted in software",same as data/brain_tumor (internal training data),eval,data/brain_tumor/notumor/Te-no_240.jpg
data/out_of_scope/cat1_corruption/noise_heavy/noise_heavy_0109.png,cat1_corruption,noise_heavy,"internal train split, corrupted in software",same as data/brain_tumor (internal training data),eval,data/brain_tumor/notumor/Tr-no_627.jpg
data/out_of_scope/cat1_corruption/noise_heavy/noise_heavy_0110.png,cat1_corruption,noise_heavy,"internal train split, corrupted in software",same as data/brain_tumor (internal training data),eval,data/brain_tumor/notumor/Tr-no_1220.jpg
data/out_of_scope/cat1_corruption/noise_heavy/noise_heavy_0111.png,cat1_corruption,noise_heavy,"internal train split, corrupted in software",same as data/brain_tumor (internal training data),eval,data/brain_tumor/notumor/Tr-no_446.jpg
data/out_of_scope/cat1_corruption/noise_heavy/noise_heavy_0112.png,cat1_corruption,noise_heavy,"internal train split, corrupted in software",same as data/brain_tumor (internal training data),fit,data/brain_tumor/notumor/Tr-no_378.jpg
data/out_of_scope/cat1_corruption/noise_heavy/noise_heavy_0113.png,cat1_corruption,noise_heavy,"internal train split, corrupted in software",same as data/brain_tumor (internal training data),fit,data/brain_tumor/notumor/Tr-no_596.jpg
data/out_of_scope/cat1_corruption/noise_heavy/noise_heavy_0114.png,cat1_corruption,noise_heavy,"internal train split, corrupted in software",same as data/brain_tumor (internal training data),fit,data/brain_tumor/notumor/Te-no_223.jpg
data/out_of_scope/cat1_corruption/noise_heavy/noise_heavy_0115.png,cat1_corruption,noise_heavy,"internal train split, corrupted in software",same as data/brain_tumor (internal training data),eval,data/brain_tumor/notumor/Te-no_105.jpg
data/out_of_scope/cat1_corruption/noise_heavy/noise_heavy_0116.png,cat1_corruption,noise_heavy,"internal train split, corrupted in software",same as data/brain_tumor (internal training data),fit,data/brain_tumor/notumor/Tr-no_351.jpg
data/out_of_scope/cat1_corruption/noise_heavy/noise_heavy_0117.png,cat1_corruption,noise_heavy,"internal train split, corrupted in software",same as data/brain_tumor (internal training data),eval,data/brain_tumor/notumor/Tr-no_966.jpg
data/out_of_scope/cat1_corruption/noise_heavy/noise_heavy_0118.png,cat1_corruption,noise_heavy,"internal train split, corrupted in software",same as data/brain_tumor (internal training data),fit,data/brain_tumor/notumor/Tr-no_1284.jpg
data/out_of_scope/cat1_corruption/noise_heavy/noise_heavy_0119.png,cat1_corruption,noise_heavy,"internal train split, corrupted in software",same as data/brain_tumor (internal training data),fit,data/brain_tumor/notumor/Tr-no_319.jpg
data/out_of_scope/cat1_corruption/near_black/near_black_0000.png,cat1_corruption,near_black,"internal train split, corrupted in software",same as data/brain_tumor (internal training data),eval,data/brain_tumor/glioma/Tr-gl_488.jpg
data/out_of_scope/cat1_corruption/near_black/near_black_0001.png,cat1_corruption,near_black,"internal train split, corrupted in software",same as data/brain_tumor (internal training data),fit,data/brain_tumor/glioma/Te-gl_224.jpg
data/out_of_scope/cat1_corruption/near_black/near_black_0002.png,cat1_corruption,near_black,"internal train split, corrupted in software",same as data/brain_tumor (internal training data),fit,data/brain_tumor/glioma/Tr-gl_946.jpg
data/out_of_scope/cat1_corruption/near_black/near_black_0003.png,cat1_corruption,near_black,"internal train split, corrupted in software",same as data/brain_tumor (internal training data),fit,data/brain_tumor/glioma/Tr-gl_1024.jpg
data/out_of_scope/cat1_corruption/near_black/near_black_0004.png,cat1_corruption,near_black,"internal train split, corrupted in software",same as data/brain_tumor (internal training data),eval,data/brain_tumor/glioma/Tr-gl_193.jpg
data/out_of_scope/cat1_corruption/near_black/near_black_0005.png,cat1_corruption,near_black,"internal train split, corrupted in software",same as data/brain_tumor (internal training data),eval,data/brain_tumor/glioma/Tr-gl_6.jpg
data/out_of_scope/cat1_corruption/near_black/near_black_0006.png,cat1_corruption,near_black,"internal train split, corrupted in software",same as data/brain_tumor (internal training data),fit,data/brain_tumor/glioma/Tr-gl_1120.jpg
data/out_of_scope/cat1_corruption/near_black/near_black_0007.png,cat1_corruption,near_black,"internal train split, corrupted in software",same as data/brain_tumor (internal training data),eval,data/brain_tumor/glioma/Te-gl_131.jpg
data/out_of_scope/cat1_corruption/near_black/near_black_0008.png,cat1_corruption,near_black,"internal train split, corrupted in software",same as data/brain_tumor (internal training data),eval,data/brain_tumor/glioma/Tr-gl_1052.jpg
data/out_of_scope/cat1_corruption/near_black/near_black_0009.png,cat1_corruption,near_black,"internal train split, corrupted in software",same as data/brain_tumor (internal training data),eval,data/brain_tumor/glioma/Tr-gl_574.jpg
data/out_of_scope/cat1_corruption/near_black/near_black_0010.png,cat1_corruption,near_black,"internal train split, corrupted in software",same as data/brain_tumor (internal training data),fit,data/brain_tumor/glioma/Tr-gl_711.jpg
data/out_of_scope/cat1_corruption/near_black/near_black_0011.png,cat1_corruption,near_black,"internal train split, corrupted in software",same as data/brain_tumor (internal training data),fit,data/brain_tumor/glioma/Te-gl_56.jpg
data/out_of_scope/cat1_corruption/near_black/near_black_0012.png,cat1_corruption,near_black,"internal train split, corrupted in software",same as data/brain_tumor (internal training data),eval,data/brain_tumor/glioma/Tr-gl_1252.jpg
data/out_of_scope/cat1_corruption/near_black/near_black_0013.png,cat1_corruption,near_black,"internal train split, corrupted in software",same as data/brain_tumor (internal training data),fit,data/brain_tumor/glioma/Te-gl_133.jpg
data/out_of_scope/cat1_corruption/near_black/near_black_0014.png,cat1_corruption,near_black,"internal train split, corrupted in software",same as data/brain_tumor (internal training data),fit,data/brain_tumor/glioma/Tr-gl_662.jpg
data/out_of_scope/cat1_corruption/near_black/near_black_0015.png,cat1_corruption,near_black,"internal train split, corrupted in software",same as data/brain_tumor (internal training data),eval,data/brain_tumor/glioma/Tr-gl_1225.jpg
data/out_of_scope/cat1_corruption/near_black/near_black_0016.png,cat1_corruption,near_black,"internal train split, corrupted in software",same as data/brain_tumor (internal training data),eval,data/brain_tumor/glioma/Tr-gl_443.jpg
data/out_of_scope/cat1_corruption/near_black/near_black_0017.png,cat1_corruption,near_black,"internal train split, corrupted in software",same as data/brain_tumor (internal training data),fit,data/brain_tumor/glioma/Te-gl_191.jpg
data/out_of_scope/cat1_corruption/near_black/near_black_0018.png,cat1_corruption,near_black,"internal train split, corrupted in software",same as data/brain_tumor (internal training data),fit,data/brain_tumor/glioma/Te-gl_280.jpg
data/out_of_scope/cat1_corruption/near_black/near_black_0019.png,cat1_corruption,near_black,"internal train split, corrupted in software",same as data/brain_tumor (internal training data),fit,data/brain_tumor/glioma/Tr-gl_114.jpg
data/out_of_scope/cat1_corruption/near_black/near_black_0020.png,cat1_corruption,near_black,"internal train split, corrupted in software",same as data/brain_tumor (internal training data),fit,data/brain_tumor/glioma/Tr-gl_886.jpg
data/out_of_scope/cat1_corruption/near_black/near_black_0021.png,cat1_corruption,near_black,"internal train split, corrupted in software",same as data/brain_tumor (internal training data),eval,data/brain_tumor/glioma/Te-gl_15.jpg
data/out_of_scope/cat1_corruption/near_black/near_black_0022.png,cat1_corruption,near_black,"internal train split, corrupted in software",same as data/brain_tumor (internal training data),eval,data/brain_tumor/glioma/Tr-gl_964.jpg
data/out_of_scope/cat1_corruption/near_black/near_black_0023.png,cat1_corruption,near_black,"internal train split, corrupted in software",same as data/brain_tumor (internal training data),eval,data/brain_tumor/glioma/Tr-gl_336.jpg
data/out_of_scope/cat1_corruption/near_black/near_black_0024.png,cat1_corruption,near_black,"internal train split, corrupted in software",same as data/brain_tumor (internal training data),fit,data/brain_tumor/glioma/Tr-gl_71.jpg
data/out_of_scope/cat1_corruption/near_black/near_black_0025.png,cat1_corruption,near_black,"internal train split, corrupted in software",same as data/brain_tumor (internal training data),eval,data/brain_tumor/glioma/Tr-gl_1214.jpg
data/out_of_scope/cat1_corruption/near_black/near_black_0026.png,cat1_corruption,near_black,"internal train split, corrupted in software",same as data/brain_tumor (internal training data),fit,data/brain_tumor/glioma/Tr-gl_314.jpg
data/out_of_scope/cat1_corruption/near_black/near_black_0027.png,cat1_corruption,near_black,"internal train split, corrupted in software",same as data/brain_tumor (internal training data),fit,data/brain_tumor/glioma/Tr-gl_992.jpg
data/out_of_scope/cat1_corruption/near_black/near_black_0028.png,cat1_corruption,near_black,"internal train split, corrupted in software",same as data/brain_tumor (internal training data),eval,data/brain_tumor/glioma/Tr-gl_832.jpg
data/out_of_scope/cat1_corruption/near_black/near_black_0029.png,cat1_corruption,near_black,"internal train split, corrupted in software",same as data/brain_tumor (internal training data),eval,data/brain_tumor/glioma/Tr-gl_777.jpg
data/out_of_scope/cat1_corruption/near_black/near_black_0030.png,cat1_corruption,near_black,"internal train split, corrupted in software",same as data/brain_tumor (internal training data),fit,data/brain_tumor/meningioma/Tr-me_260.jpg
data/out_of_scope/cat1_corruption/near_black/near_black_0031.png,cat1_corruption,near_black,"internal train split, corrupted in software",same as data/brain_tumor (internal training data),eval,data/brain_tumor/meningioma/Te-me_101.jpg
data/out_of_scope/cat1_corruption/near_black/near_black_0032.png,cat1_corruption,near_black,"internal train split, corrupted in software",same as data/brain_tumor (internal training data),eval,data/brain_tumor/meningioma/Tr-me_232.jpg
data/out_of_scope/cat1_corruption/near_black/near_black_0033.png,cat1_corruption,near_black,"internal train split, corrupted in software",same as data/brain_tumor (internal training data),eval,data/brain_tumor/meningioma/Tr-me_870.jpg
data/out_of_scope/cat1_corruption/near_black/near_black_0034.png,cat1_corruption,near_black,"internal train split, corrupted in software",same as data/brain_tumor (internal training data),eval,data/brain_tumor/meningioma/Tr-me_1204.jpg
data/out_of_scope/cat1_corruption/near_black/near_black_0035.png,cat1_corruption,near_black,"internal train split, corrupted in software",same as data/brain_tumor (internal training data),eval,data/brain_tumor/meningioma/Te-me_33.jpg
data/out_of_scope/cat1_corruption/near_black/near_black_0036.png,cat1_corruption,near_black,"internal train split, corrupted in software",same as data/brain_tumor (internal training data),fit,data/brain_tumor/meningioma/Tr-me_1059.jpg
data/out_of_scope/cat1_corruption/near_black/near_black_0037.png,cat1_corruption,near_black,"internal train split, corrupted in software",same as data/brain_tumor (internal training data),eval,data/brain_tumor/meningioma/Te-me_48.jpg
data/out_of_scope/cat1_corruption/near_black/near_black_0038.png,cat1_corruption,near_black,"internal train split, corrupted in software",same as data/brain_tumor (internal training data),eval,data/brain_tumor/meningioma/Te-me_112.jpg
data/out_of_scope/cat1_corruption/near_black/near_black_0039.png,cat1_corruption,near_black,"internal train split, corrupted in software",same as data/brain_tumor (internal training data),fit,data/brain_tumor/meningioma/Tr-me_64.jpg
data/out_of_scope/cat1_corruption/near_black/near_black_0040.png,cat1_corruption,near_black,"internal train split, corrupted in software",same as data/brain_tumor (internal training data),eval,data/brain_tumor/meningioma/Te-aug-me_68.jpg
data/out_of_scope/cat1_corruption/near_black/near_black_0041.png,cat1_corruption,near_black,"internal train split, corrupted in software",same as data/brain_tumor (internal training data),fit,data/brain_tumor/meningioma/Tr-me_1091.jpg
data/out_of_scope/cat1_corruption/near_black/near_black_0042.png,cat1_corruption,near_black,"internal train split, corrupted in software",same as data/brain_tumor (internal training data),eval,data/brain_tumor/meningioma/Tr-me_1047.jpg
data/out_of_scope/cat1_corruption/near_black/near_black_0043.png,cat1_corruption,near_black,"internal train split, corrupted in software",same as data/brain_tumor (internal training data),fit,data/brain_tumor/meningioma/Tr-me_698.jpg
data/out_of_scope/cat1_corruption/near_black/near_black_0044.png,cat1_corruption,near_black,"internal train split, corrupted in software",same as data/brain_tumor (internal training data),eval,data/brain_tumor/meningioma/Tr-me_610.jpg
data/out_of_scope/cat1_corruption/near_black/near_black_0045.png,cat1_corruption,near_black,"internal train split, corrupted in software",same as data/brain_tumor (internal training data),eval,data/brain_tumor/meningioma/Tr-me_403.jpg
data/out_of_scope/cat1_corruption/near_black/near_black_0046.png,cat1_corruption,near_black,"internal train split, corrupted in software",same as data/brain_tumor (internal training data),eval,data/brain_tumor/meningioma/Tr-me_503.jpg
data/out_of_scope/cat1_corruption/near_black/near_black_0047.png,cat1_corruption,near_black,"internal train split, corrupted in software",same as data/brain_tumor (internal training data),fit,data/brain_tumor/meningioma/Te-aug-me_50.jpg
data/out_of_scope/cat1_corruption/near_black/near_black_0048.png,cat1_corruption,near_black,"internal train split, corrupted in software",same as data/brain_tumor (internal training data),eval,data/brain_tumor/meningioma/Tr-me_460.jpg
data/out_of_scope/cat1_corruption/near_black/near_black_0049.png,cat1_corruption,near_black,"internal train split, corrupted in software",same as data/brain_tumor (internal training data),fit,data/brain_tumor/meningioma/Tr-me_505.jpg
data/out_of_scope/cat1_corruption/near_black/near_black_0050.png,cat1_corruption,near_black,"internal train split, corrupted in software",same as data/brain_tumor (internal training data),eval,data/brain_tumor/meningioma/Tr-me_664.jpg
data/out_of_scope/cat1_corruption/near_black/near_black_0051.png,cat1_corruption,near_black,"internal train split, corrupted in software",same as data/brain_tumor (internal training data),eval,data/brain_tumor/meningioma/Te-aug-me_5.jpg
data/out_of_scope/cat1_corruption/near_black/near_black_0052.png,cat1_corruption,near_black,"internal train split, corrupted in software",same as data/brain_tumor (internal training data),fit,data/brain_tumor/meningioma/Tr-me_774.jpg
data/out_of_scope/cat1_corruption/near_black/near_black_0053.png,cat1_corruption,near_black,"internal train split, corrupted in software",same as data/brain_tumor (internal training data),eval,data/brain_tumor/meningioma/Tr-me_306.jpg
data/out_of_scope/cat1_corruption/near_black/near_black_0054.png,cat1_corruption,near_black,"internal train split, corrupted in software",same as data/brain_tumor (internal training data),fit,data/brain_tumor/meningioma/Tr-me_1296.jpg
data/out_of_scope/cat1_corruption/near_black/near_black_0055.png,cat1_corruption,near_black,"internal train split, corrupted in software",same as data/brain_tumor (internal training data),fit,data/brain_tumor/meningioma/Tr-me_600.jpg
data/out_of_scope/cat1_corruption/near_black/near_black_0056.png,cat1_corruption,near_black,"internal train split, corrupted in software",same as data/brain_tumor (internal training data),eval,data/brain_tumor/meningioma/Tr-me_464.jpg
data/out_of_scope/cat1_corruption/near_black/near_black_0057.png,cat1_corruption,near_black,"internal train split, corrupted in software",same as data/brain_tumor (internal training data),fit,data/brain_tumor/meningioma/Tr-me_1153.jpg
data/out_of_scope/cat1_corruption/near_black/near_black_0058.png,cat1_corruption,near_black,"internal train split, corrupted in software",same as data/brain_tumor (internal training data),fit,data/brain_tumor/meningioma/Tr-me_454.jpg
data/out_of_scope/cat1_corruption/near_black/near_black_0059.png,cat1_corruption,near_black,"internal train split, corrupted in software",same as data/brain_tumor (internal training data),eval,data/brain_tumor/meningioma/Tr-me_819.jpg
data/out_of_scope/cat1_corruption/near_black/near_black_0060.png,cat1_corruption,near_black,"internal train split, corrupted in software",same as data/brain_tumor (internal training data),fit,data/brain_tumor/pituitary/Tr-pi_422.jpg
data/out_of_scope/cat1_corruption/near_black/near_black_0061.png,cat1_corruption,near_black,"internal train split, corrupted in software",same as data/brain_tumor (internal training data),eval,data/brain_tumor/pituitary/Tr-pi_353.jpg
data/out_of_scope/cat1_corruption/near_black/near_black_0062.png,cat1_corruption,near_black,"internal train split, corrupted in software",same as data/brain_tumor (internal training data),eval,data/brain_tumor/pituitary/Tr-pi_515.jpg
data/out_of_scope/cat1_corruption/near_black/near_black_0063.png,cat1_corruption,near_black,"internal train split, corrupted in software",same as data/brain_tumor (internal training data),fit,data/brain_tumor/pituitary/Tr-pi_561.jpg
data/out_of_scope/cat1_corruption/near_black/near_black_0064.png,cat1_corruption,near_black,"internal train split, corrupted in software",same as data/brain_tumor (internal training data),eval,data/brain_tumor/pituitary/Tr-pi_1167.jpg
data/out_of_scope/cat1_corruption/near_black/near_black_0065.png,cat1_corruption,near_black,"internal train split, corrupted in software",same as data/brain_tumor (internal training data),fit,data/brain_tumor/pituitary/Tr-pi_860.jpg
data/out_of_scope/cat1_corruption/near_black/near_black_0066.png,cat1_corruption,near_black,"internal train split, corrupted in software",same as data/brain_tumor (internal training data),eval,data/brain_tumor/pituitary/Te-pi_20.jpg
data/out_of_scope/cat1_corruption/near_black/near_black_0067.png,cat1_corruption,near_black,"internal train split, corrupted in software",same as data/brain_tumor (internal training data),fit,data/brain_tumor/pituitary/Te-pi_144.jpg
data/out_of_scope/cat1_corruption/near_black/near_black_0068.png,cat1_corruption,near_black,"internal train split, corrupted in software",same as data/brain_tumor (internal training data),eval,data/brain_tumor/pituitary/Tr-pi_516.jpg
data/out_of_scope/cat1_corruption/near_black/near_black_0069.png,cat1_corruption,near_black,"internal train split, corrupted in software",same as data/brain_tumor (internal training data),eval,data/brain_tumor/pituitary/Tr-pi_644.jpg
data/out_of_scope/cat1_corruption/near_black/near_black_0070.png,cat1_corruption,near_black,"internal train split, corrupted in software",same as data/brain_tumor (internal training data),fit,data/brain_tumor/pituitary/Tr-pi_442.jpg
data/out_of_scope/cat1_corruption/near_black/near_black_0071.png,cat1_corruption,near_black,"internal train split, corrupted in software",same as data/brain_tumor (internal training data),eval,data/brain_tumor/pituitary/Tr-pi_108.jpg
data/out_of_scope/cat1_corruption/near_black/near_black_0072.png,cat1_corruption,near_black,"internal train split, corrupted in software",same as data/brain_tumor (internal training data),eval,data/brain_tumor/pituitary/Tr-pi_653.jpg
data/out_of_scope/cat1_corruption/near_black/near_black_0073.png,cat1_corruption,near_black,"internal train split, corrupted in software",same as data/brain_tumor (internal training data),eval,data/brain_tumor/pituitary/Te-pi_146.jpg
data/out_of_scope/cat1_corruption/near_black/near_black_0074.png,cat1_corruption,near_black,"internal train split, corrupted in software",same as data/brain_tumor (internal training data),fit,data/brain_tumor/pituitary/Tr-pi_902.jpg
data/out_of_scope/cat1_corruption/near_black/near_black_0075.png,cat1_corruption,near_black,"internal train split, corrupted in software",same as data/brain_tumor (internal training data),eval,data/brain_tumor/pituitary/Tr-pi_1398.jpg
data/out_of_scope/cat1_corruption/near_black/near_black_0076.png,cat1_corruption,near_black,"internal train split, corrupted in software",same as data/brain_tumor (internal training data),eval,data/brain_tumor/pituitary/Tr-pi_431.jpg
data/out_of_scope/cat1_corruption/near_black/near_black_0077.png,cat1_corruption,near_black,"internal train split, corrupted in software",same as data/brain_tumor (internal training data),fit,data/brain_tumor/pituitary/Tr-pi_365.jpg
data/out_of_scope/cat1_corruption/near_black/near_black_0078.png,cat1_corruption,near_black,"internal train split, corrupted in software",same as data/brain_tumor (internal training data),fit,data/brain_tumor/pituitary/Tr-pi_1151.jpg
data/out_of_scope/cat1_corruption/near_black/near_black_0079.png,cat1_corruption,near_black,"internal train split, corrupted in software",same as data/brain_tumor (internal training data),eval,data/brain_tumor/pituitary/Tr-pi_525.jpg
data/out_of_scope/cat1_corruption/near_black/near_black_0080.png,cat1_corruption,near_black,"internal train split, corrupted in software",same as data/brain_tumor (internal training data),fit,data/brain_tumor/pituitary/Tr-pi_877.jpg
data/out_of_scope/cat1_corruption/near_black/near_black_0081.png,cat1_corruption,near_black,"internal train split, corrupted in software",same as data/brain_tumor (internal training data),fit,data/brain_tumor/pituitary/Te-pi_16.jpg
data/out_of_scope/cat1_corruption/near_black/near_black_0082.png,cat1_corruption,near_black,"internal train split, corrupted in software",same as data/brain_tumor (internal training data),fit,data/brain_tumor/pituitary/Tr-pi_1213.jpg
data/out_of_scope/cat1_corruption/near_black/near_black_0083.png,cat1_corruption,near_black,"internal train split, corrupted in software",same as data/brain_tumor (internal training data),eval,data/brain_tumor/pituitary/Tr-pi_906.jpg
data/out_of_scope/cat1_corruption/near_black/near_black_0084.png,cat1_corruption,near_black,"internal train split, corrupted in software",same as data/brain_tumor (internal training data),fit,data/brain_tumor/pituitary/Tr-pi_1190.jpg
data/out_of_scope/cat1_corruption/near_black/near_black_0085.png,cat1_corruption,near_black,"internal train split, corrupted in software",same as data/brain_tumor (internal training data),fit,data/brain_tumor/pituitary/Tr-pi_220.jpg
data/out_of_scope/cat1_corruption/near_black/near_black_0086.png,cat1_corruption,near_black,"internal train split, corrupted in software",same as data/brain_tumor (internal training data),fit,data/brain_tumor/pituitary/Tr-pi_40.jpg
data/out_of_scope/cat1_corruption/near_black/near_black_0087.png,cat1_corruption,near_black,"internal train split, corrupted in software",same as data/brain_tumor (internal training data),eval,data/brain_tumor/pituitary/Tr-pi_119.jpg
data/out_of_scope/cat1_corruption/near_black/near_black_0088.png,cat1_corruption,near_black,"internal train split, corrupted in software",same as data/brain_tumor (internal training data),eval,data/brain_tumor/pituitary/Tr-pi_1081.jpg
data/out_of_scope/cat1_corruption/near_black/near_black_0089.png,cat1_corruption,near_black,"internal train split, corrupted in software",same as data/brain_tumor (internal training data),eval,data/brain_tumor/pituitary/Tr-pi_76.jpg
data/out_of_scope/cat1_corruption/near_black/near_black_0090.png,cat1_corruption,near_black,"internal train split, corrupted in software",same as data/brain_tumor (internal training data),eval,data/brain_tumor/notumor/Tr-no_547.jpg
data/out_of_scope/cat1_corruption/near_black/near_black_0091.png,cat1_corruption,near_black,"internal train split, corrupted in software",same as data/brain_tumor (internal training data),fit,data/brain_tumor/notumor/Tr-no_1088.jpg
data/out_of_scope/cat1_corruption/near_black/near_black_0092.png,cat1_corruption,near_black,"internal train split, corrupted in software",same as data/brain_tumor (internal training data),fit,data/brain_tumor/notumor/Te-no_14.jpg
data/out_of_scope/cat1_corruption/near_black/near_black_0093.png,cat1_corruption,near_black,"internal train split, corrupted in software",same as data/brain_tumor (internal training data),eval,data/brain_tumor/notumor/Tr-no_1170.jpg
data/out_of_scope/cat1_corruption/near_black/near_black_0094.png,cat1_corruption,near_black,"internal train split, corrupted in software",same as data/brain_tumor (internal training data),fit,data/brain_tumor/notumor/Tr-no_416.jpg
data/out_of_scope/cat1_corruption/near_black/near_black_0095.png,cat1_corruption,near_black,"internal train split, corrupted in software",same as data/brain_tumor (internal training data),fit,data/brain_tumor/notumor/Tr-no_530.jpg
data/out_of_scope/cat1_corruption/near_black/near_black_0096.png,cat1_corruption,near_black,"internal train split, corrupted in software",same as data/brain_tumor (internal training data),eval,data/brain_tumor/notumor/Te-no_212.jpg
data/out_of_scope/cat1_corruption/near_black/near_black_0097.png,cat1_corruption,near_black,"internal train split, corrupted in software",same as data/brain_tumor (internal training data),fit,data/brain_tumor/notumor/Tr-no_513.jpg
data/out_of_scope/cat1_corruption/near_black/near_black_0098.png,cat1_corruption,near_black,"internal train split, corrupted in software",same as data/brain_tumor (internal training data),fit,data/brain_tumor/notumor/Tr-no_660.jpg
data/out_of_scope/cat1_corruption/near_black/near_black_0099.png,cat1_corruption,near_black,"internal train split, corrupted in software",same as data/brain_tumor (internal training data),eval,data/brain_tumor/notumor/Tr-no_95.jpg
data/out_of_scope/cat1_corruption/near_black/near_black_0100.png,cat1_corruption,near_black,"internal train split, corrupted in software",same as data/brain_tumor (internal training data),fit,data/brain_tumor/notumor/Tr-no_178.jpg
data/out_of_scope/cat1_corruption/near_black/near_black_0101.png,cat1_corruption,near_black,"internal train split, corrupted in software",same as data/brain_tumor (internal training data),fit,data/brain_tumor/notumor/Tr-no_401.jpg
data/out_of_scope/cat1_corruption/near_black/near_black_0102.png,cat1_corruption,near_black,"internal train split, corrupted in software",same as data/brain_tumor (internal training data),fit,data/brain_tumor/notumor/Te-no_140.jpg
data/out_of_scope/cat1_corruption/near_black/near_black_0103.png,cat1_corruption,near_black,"internal train split, corrupted in software",same as data/brain_tumor (internal training data),fit,data/brain_tumor/notumor/Tr-no_335.jpg
data/out_of_scope/cat1_corruption/near_black/near_black_0104.png,cat1_corruption,near_black,"internal train split, corrupted in software",same as data/brain_tumor (internal training data),fit,data/brain_tumor/notumor/Tr-no_477.jpg
data/out_of_scope/cat1_corruption/near_black/near_black_0105.png,cat1_corruption,near_black,"internal train split, corrupted in software",same as data/brain_tumor (internal training data),fit,data/brain_tumor/notumor/Tr-no_1257.jpg
data/out_of_scope/cat1_corruption/near_black/near_black_0106.png,cat1_corruption,near_black,"internal train split, corrupted in software",same as data/brain_tumor (internal training data),eval,data/brain_tumor/notumor/Tr-no_624.jpg
data/out_of_scope/cat1_corruption/near_black/near_black_0107.png,cat1_corruption,near_black,"internal train split, corrupted in software",same as data/brain_tumor (internal training data),fit,data/brain_tumor/notumor/Tr-no_20.jpg
data/out_of_scope/cat1_corruption/near_black/near_black_0108.png,cat1_corruption,near_black,"internal train split, corrupted in software",same as data/brain_tumor (internal training data),eval,data/brain_tumor/notumor/Te-no_240.jpg
data/out_of_scope/cat1_corruption/near_black/near_black_0109.png,cat1_corruption,near_black,"internal train split, corrupted in software",same as data/brain_tumor (internal training data),eval,data/brain_tumor/notumor/Tr-no_627.jpg
data/out_of_scope/cat1_corruption/near_black/near_black_0110.png,cat1_corruption,near_black,"internal train split, corrupted in software",same as data/brain_tumor (internal training data),eval,data/brain_tumor/notumor/Tr-no_1220.jpg
data/out_of_scope/cat1_corruption/near_black/near_black_0111.png,cat1_corruption,near_black,"internal train split, corrupted in software",same as data/brain_tumor (internal training data),eval,data/brain_tumor/notumor/Tr-no_446.jpg
data/out_of_scope/cat1_corruption/near_black/near_black_0112.png,cat1_corruption,near_black,"internal train split, corrupted in software",same as data/brain_tumor (internal training data),fit,data/brain_tumor/notumor/Tr-no_378.jpg
data/out_of_scope/cat1_corruption/near_black/near_black_0113.png,cat1_corruption,near_black,"internal train split, corrupted in software",same as data/brain_tumor (internal training data),fit,data/brain_tumor/notumor/Tr-no_596.jpg
data/out_of_scope/cat1_corruption/near_black/near_black_0114.png,cat1_corruption,near_black,"internal train split, corrupted in software",same as data/brain_tumor (internal training data),fit,data/brain_tumor/notumor/Te-no_223.jpg
data/out_of_scope/cat1_corruption/near_black/near_black_0115.png,cat1_corruption,near_black,"internal train split, corrupted in software",same as data/brain_tumor (internal training data),eval,data/brain_tumor/notumor/Te-no_105.jpg
data/out_of_scope/cat1_corruption/near_black/near_black_0116.png,cat1_corruption,near_black,"internal train split, corrupted in software",same as data/brain_tumor (internal training data),fit,data/brain_tumor/notumor/Tr-no_351.jpg
data/out_of_scope/cat1_corruption/near_black/near_black_0117.png,cat1_corruption,near_black,"internal train split, corrupted in software",same as data/brain_tumor (internal training data),eval,data/brain_tumor/notumor/Tr-no_966.jpg
data/out_of_scope/cat1_corruption/near_black/near_black_0118.png,cat1_corruption,near_black,"internal train split, corrupted in software",same as data/brain_tumor (internal training data),fit,data/brain_tumor/notumor/Tr-no_1284.jpg
data/out_of_scope/cat1_corruption/near_black/near_black_0119.png,cat1_corruption,near_black,"internal train split, corrupted in software",same as data/brain_tumor (internal training data),fit,data/brain_tumor/notumor/Tr-no_319.jpg
data/out_of_scope/cat1_corruption/near_white/near_white_0000.png,cat1_corruption,near_white,"internal train split, corrupted in software",same as data/brain_tumor (internal training data),eval,data/brain_tumor/glioma/Tr-gl_488.jpg
data/out_of_scope/cat1_corruption/near_white/near_white_0001.png,cat1_corruption,near_white,"internal train split, corrupted in software",same as data/brain_tumor (internal training data),fit,data/brain_tumor/glioma/Te-gl_224.jpg
data/out_of_scope/cat1_corruption/near_white/near_white_0002.png,cat1_corruption,near_white,"internal train split, corrupted in software",same as data/brain_tumor (internal training data),fit,data/brain_tumor/glioma/Tr-gl_946.jpg
data/out_of_scope/cat1_corruption/near_white/near_white_0003.png,cat1_corruption,near_white,"internal train split, corrupted in software",same as data/brain_tumor (internal training data),fit,data/brain_tumor/glioma/Tr-gl_1024.jpg
data/out_of_scope/cat1_corruption/near_white/near_white_0004.png,cat1_corruption,near_white,"internal train split, corrupted in software",same as data/brain_tumor (internal training data),eval,data/brain_tumor/glioma/Tr-gl_193.jpg
data/out_of_scope/cat1_corruption/near_white/near_white_0005.png,cat1_corruption,near_white,"internal train split, corrupted in software",same as data/brain_tumor (internal training data),eval,data/brain_tumor/glioma/Tr-gl_6.jpg
data/out_of_scope/cat1_corruption/near_white/near_white_0006.png,cat1_corruption,near_white,"internal train split, corrupted in software",same as data/brain_tumor (internal training data),fit,data/brain_tumor/glioma/Tr-gl_1120.jpg
data/out_of_scope/cat1_corruption/near_white/near_white_0007.png,cat1_corruption,near_white,"internal train split, corrupted in software",same as data/brain_tumor (internal training data),eval,data/brain_tumor/glioma/Te-gl_131.jpg
data/out_of_scope/cat1_corruption/near_white/near_white_0008.png,cat1_corruption,near_white,"internal train split, corrupted in software",same as data/brain_tumor (internal training data),eval,data/brain_tumor/glioma/Tr-gl_1052.jpg
data/out_of_scope/cat1_corruption/near_white/near_white_0009.png,cat1_corruption,near_white,"internal train split, corrupted in software",same as data/brain_tumor (internal training data),eval,data/brain_tumor/glioma/Tr-gl_574.jpg
data/out_of_scope/cat1_corruption/near_white/near_white_0010.png,cat1_corruption,near_white,"internal train split, corrupted in software",same as data/brain_tumor (internal training data),fit,data/brain_tumor/glioma/Tr-gl_711.jpg
data/out_of_scope/cat1_corruption/near_white/near_white_0011.png,cat1_corruption,near_white,"internal train split, corrupted in software",same as data/brain_tumor (internal training data),fit,data/brain_tumor/glioma/Te-gl_56.jpg
data/out_of_scope/cat1_corruption/near_white/near_white_0012.png,cat1_corruption,near_white,"internal train split, corrupted in software",same as data/brain_tumor (internal training data),eval,data/brain_tumor/glioma/Tr-gl_1252.jpg
data/out_of_scope/cat1_corruption/near_white/near_white_0013.png,cat1_corruption,near_white,"internal train split, corrupted in software",same as data/brain_tumor (internal training data),fit,data/brain_tumor/glioma/Te-gl_133.jpg
data/out_of_scope/cat1_corruption/near_white/near_white_0014.png,cat1_corruption,near_white,"internal train split, corrupted in software",same as data/brain_tumor (internal training data),fit,data/brain_tumor/glioma/Tr-gl_662.jpg
data/out_of_scope/cat1_corruption/near_white/near_white_0015.png,cat1_corruption,near_white,"internal train split, corrupted in software",same as data/brain_tumor (internal training data),eval,data/brain_tumor/glioma/Tr-gl_1225.jpg
data/out_of_scope/cat1_corruption/near_white/near_white_0016.png,cat1_corruption,near_white,"internal train split, corrupted in software",same as data/brain_tumor (internal training data),eval,data/brain_tumor/glioma/Tr-gl_443.jpg
data/out_of_scope/cat1_corruption/near_white/near_white_0017.png,cat1_corruption,near_white,"internal train split, corrupted in software",same as data/brain_tumor (internal training data),fit,data/brain_tumor/glioma/Te-gl_191.jpg
data/out_of_scope/cat1_corruption/near_white/near_white_0018.png,cat1_corruption,near_white,"internal train split, corrupted in software",same as data/brain_tumor (internal training data),fit,data/brain_tumor/glioma/Te-gl_280.jpg
data/out_of_scope/cat1_corruption/near_white/near_white_0019.png,cat1_corruption,near_white,"internal train split, corrupted in software",same as data/brain_tumor (internal training data),fit,data/brain_tumor/glioma/Tr-gl_114.jpg
data/out_of_scope/cat1_corruption/near_white/near_white_0020.png,cat1_corruption,near_white,"internal train split, corrupted in software",same as data/brain_tumor (internal training data),fit,data/brain_tumor/glioma/Tr-gl_886.jpg
data/out_of_scope/cat1_corruption/near_white/near_white_0021.png,cat1_corruption,near_white,"internal train split, corrupted in software",same as data/brain_tumor (internal training data),eval,data/brain_tumor/glioma/Te-gl_15.jpg
data/out_of_scope/cat1_corruption/near_white/near_white_0022.png,cat1_corruption,near_white,"internal train split, corrupted in software",same as data/brain_tumor (internal training data),eval,data/brain_tumor/glioma/Tr-gl_964.jpg
data/out_of_scope/cat1_corruption/near_white/near_white_0023.png,cat1_corruption,near_white,"internal train split, corrupted in software",same as data/brain_tumor (internal training data),eval,data/brain_tumor/glioma/Tr-gl_336.jpg
data/out_of_scope/cat1_corruption/near_white/near_white_0024.png,cat1_corruption,near_white,"internal train split, corrupted in software",same as data/brain_tumor (internal training data),fit,data/brain_tumor/glioma/Tr-gl_71.jpg
data/out_of_scope/cat1_corruption/near_white/near_white_0025.png,cat1_corruption,near_white,"internal train split, corrupted in software",same as data/brain_tumor (internal training data),eval,data/brain_tumor/glioma/Tr-gl_1214.jpg
data/out_of_scope/cat1_corruption/near_white/near_white_0026.png,cat1_corruption,near_white,"internal train split, corrupted in software",same as data/brain_tumor (internal training data),fit,data/brain_tumor/glioma/Tr-gl_314.jpg
data/out_of_scope/cat1_corruption/near_white/near_white_0027.png,cat1_corruption,near_white,"internal train split, corrupted in software",same as data/brain_tumor (internal training data),fit,data/brain_tumor/glioma/Tr-gl_992.jpg
data/out_of_scope/cat1_corruption/near_white/near_white_0028.png,cat1_corruption,near_white,"internal train split, corrupted in software",same as data/brain_tumor (internal training data),eval,data/brain_tumor/glioma/Tr-gl_832.jpg
data/out_of_scope/cat1_corruption/near_white/near_white_0029.png,cat1_corruption,near_white,"internal train split, corrupted in software",same as data/brain_tumor (internal training data),eval,data/brain_tumor/glioma/Tr-gl_777.jpg
data/out_of_scope/cat1_corruption/near_white/near_white_0030.png,cat1_corruption,near_white,"internal train split, corrupted in software",same as data/brain_tumor (internal training data),fit,data/brain_tumor/meningioma/Tr-me_260.jpg
data/out_of_scope/cat1_corruption/near_white/near_white_0031.png,cat1_corruption,near_white,"internal train split, corrupted in software",same as data/brain_tumor (internal training data),eval,data/brain_tumor/meningioma/Te-me_101.jpg
data/out_of_scope/cat1_corruption/near_white/near_white_0032.png,cat1_corruption,near_white,"internal train split, corrupted in software",same as data/brain_tumor (internal training data),eval,data/brain_tumor/meningioma/Tr-me_232.jpg
data/out_of_scope/cat1_corruption/near_white/near_white_0033.png,cat1_corruption,near_white,"internal train split, corrupted in software",same as data/brain_tumor (internal training data),eval,data/brain_tumor/meningioma/Tr-me_870.jpg
data/out_of_scope/cat1_corruption/near_white/near_white_0034.png,cat1_corruption,near_white,"internal train split, corrupted in software",same as data/brain_tumor (internal training data),eval,data/brain_tumor/meningioma/Tr-me_1204.jpg
data/out_of_scope/cat1_corruption/near_white/near_white_0035.png,cat1_corruption,near_white,"internal train split, corrupted in software",same as data/brain_tumor (internal training data),eval,data/brain_tumor/meningioma/Te-me_33.jpg
data/out_of_scope/cat1_corruption/near_white/near_white_0036.png,cat1_corruption,near_white,"internal train split, corrupted in software",same as data/brain_tumor (internal training data),fit,data/brain_tumor/meningioma/Tr-me_1059.jpg
data/out_of_scope/cat1_corruption/near_white/near_white_0037.png,cat1_corruption,near_white,"internal train split, corrupted in software",same as data/brain_tumor (internal training data),eval,data/brain_tumor/meningioma/Te-me_48.jpg
data/out_of_scope/cat1_corruption/near_white/near_white_0038.png,cat1_corruption,near_white,"internal train split, corrupted in software",same as data/brain_tumor (internal training data),eval,data/brain_tumor/meningioma/Te-me_112.jpg
data/out_of_scope/cat1_corruption/near_white/near_white_0039.png,cat1_corruption,near_white,"internal train split, corrupted in software",same as data/brain_tumor (internal training data),fit,data/brain_tumor/meningioma/Tr-me_64.jpg
data/out_of_scope/cat1_corruption/near_white/near_white_0040.png,cat1_corruption,near_white,"internal train split, corrupted in software",same as data/brain_tumor (internal training data),eval,data/brain_tumor/meningioma/Te-aug-me_68.jpg
data/out_of_scope/cat1_corruption/near_white/near_white_0041.png,cat1_corruption,near_white,"internal train split, corrupted in software",same as data/brain_tumor (internal training data),fit,data/brain_tumor/meningioma/Tr-me_1091.jpg
data/out_of_scope/cat1_corruption/near_white/near_white_0042.png,cat1_corruption,near_white,"internal train split, corrupted in software",same as data/brain_tumor (internal training data),eval,data/brain_tumor/meningioma/Tr-me_1047.jpg
data/out_of_scope/cat1_corruption/near_white/near_white_0043.png,cat1_corruption,near_white,"internal train split, corrupted in software",same as data/brain_tumor (internal training data),fit,data/brain_tumor/meningioma/Tr-me_698.jpg
data/out_of_scope/cat1_corruption/near_white/near_white_0044.png,cat1_corruption,near_white,"internal train split, corrupted in software",same as data/brain_tumor (internal training data),eval,data/brain_tumor/meningioma/Tr-me_610.jpg
data/out_of_scope/cat1_corruption/near_white/near_white_0045.png,cat1_corruption,near_white,"internal train split, corrupted in software",same as data/brain_tumor (internal training data),eval,data/brain_tumor/meningioma/Tr-me_403.jpg
data/out_of_scope/cat1_corruption/near_white/near_white_0046.png,cat1_corruption,near_white,"internal train split, corrupted in software",same as data/brain_tumor (internal training data),eval,data/brain_tumor/meningioma/Tr-me_503.jpg
data/out_of_scope/cat1_corruption/near_white/near_white_0047.png,cat1_corruption,near_white,"internal train split, corrupted in software",same as data/brain_tumor (internal training data),fit,data/brain_tumor/meningioma/Te-aug-me_50.jpg
data/out_of_scope/cat1_corruption/near_white/near_white_0048.png,cat1_corruption,near_white,"internal train split, corrupted in software",same as data/brain_tumor (internal training data),eval,data/brain_tumor/meningioma/Tr-me_460.jpg
data/out_of_scope/cat1_corruption/near_white/near_white_0049.png,cat1_corruption,near_white,"internal train split, corrupted in software",same as data/brain_tumor (internal training data),fit,data/brain_tumor/meningioma/Tr-me_505.jpg
data/out_of_scope/cat1_corruption/near_white/near_white_0050.png,cat1_corruption,near_white,"internal train split, corrupted in software",same as data/brain_tumor (internal training data),eval,data/brain_tumor/meningioma/Tr-me_664.jpg
data/out_of_scope/cat1_corruption/near_white/near_white_0051.png,cat1_corruption,near_white,"internal train split, corrupted in software",same as data/brain_tumor (internal training data),eval,data/brain_tumor/meningioma/Te-aug-me_5.jpg
data/out_of_scope/cat1_corruption/near_white/near_white_0052.png,cat1_corruption,near_white,"internal train split, corrupted in software",same as data/brain_tumor (internal training data),fit,data/brain_tumor/meningioma/Tr-me_774.jpg
data/out_of_scope/cat1_corruption/near_white/near_white_0053.png,cat1_corruption,near_white,"internal train split, corrupted in software",same as data/brain_tumor (internal training data),eval,data/brain_tumor/meningioma/Tr-me_306.jpg
data/out_of_scope/cat1_corruption/near_white/near_white_0054.png,cat1_corruption,near_white,"internal train split, corrupted in software",same as data/brain_tumor (internal training data),fit,data/brain_tumor/meningioma/Tr-me_1296.jpg
data/out_of_scope/cat1_corruption/near_white/near_white_0055.png,cat1_corruption,near_white,"internal train split, corrupted in software",same as data/brain_tumor (internal training data),fit,data/brain_tumor/meningioma/Tr-me_600.jpg
data/out_of_scope/cat1_corruption/near_white/near_white_0056.png,cat1_corruption,near_white,"internal train split, corrupted in software",same as data/brain_tumor (internal training data),eval,data/brain_tumor/meningioma/Tr-me_464.jpg
data/out_of_scope/cat1_corruption/near_white/near_white_0057.png,cat1_corruption,near_white,"internal train split, corrupted in software",same as data/brain_tumor (internal training data),fit,data/brain_tumor/meningioma/Tr-me_1153.jpg
data/out_of_scope/cat1_corruption/near_white/near_white_0058.png,cat1_corruption,near_white,"internal train split, corrupted in software",same as data/brain_tumor (internal training data),fit,data/brain_tumor/meningioma/Tr-me_454.jpg
data/out_of_scope/cat1_corruption/near_white/near_white_0059.png,cat1_corruption,near_white,"internal train split, corrupted in software",same as data/brain_tumor (internal training data),eval,data/brain_tumor/meningioma/Tr-me_819.jpg
data/out_of_scope/cat1_corruption/near_white/near_white_0060.png,cat1_corruption,near_white,"internal train split, corrupted in software",same as data/brain_tumor (internal training data),fit,data/brain_tumor/pituitary/Tr-pi_422.jpg
data/out_of_scope/cat1_corruption/near_white/near_white_0061.png,cat1_corruption,near_white,"internal train split, corrupted in software",same as data/brain_tumor (internal training data),eval,data/brain_tumor/pituitary/Tr-pi_353.jpg
data/out_of_scope/cat1_corruption/near_white/near_white_0062.png,cat1_corruption,near_white,"internal train split, corrupted in software",same as data/brain_tumor (internal training data),eval,data/brain_tumor/pituitary/Tr-pi_515.jpg
data/out_of_scope/cat1_corruption/near_white/near_white_0063.png,cat1_corruption,near_white,"internal train split, corrupted in software",same as data/brain_tumor (internal training data),fit,data/brain_tumor/pituitary/Tr-pi_561.jpg
data/out_of_scope/cat1_corruption/near_white/near_white_0064.png,cat1_corruption,near_white,"internal train split, corrupted in software",same as data/brain_tumor (internal training data),eval,data/brain_tumor/pituitary/Tr-pi_1167.jpg
data/out_of_scope/cat1_corruption/near_white/near_white_0065.png,cat1_corruption,near_white,"internal train split, corrupted in software",same as data/brain_tumor (internal training data),fit,data/brain_tumor/pituitary/Tr-pi_860.jpg
data/out_of_scope/cat1_corruption/near_white/near_white_0066.png,cat1_corruption,near_white,"internal train split, corrupted in software",same as data/brain_tumor (internal training data),eval,data/brain_tumor/pituitary/Te-pi_20.jpg
data/out_of_scope/cat1_corruption/near_white/near_white_0067.png,cat1_corruption,near_white,"internal train split, corrupted in software",same as data/brain_tumor (internal training data),fit,data/brain_tumor/pituitary/Te-pi_144.jpg
data/out_of_scope/cat1_corruption/near_white/near_white_0068.png,cat1_corruption,near_white,"internal train split, corrupted in software",same as data/brain_tumor (internal training data),eval,data/brain_tumor/pituitary/Tr-pi_516.jpg
data/out_of_scope/cat1_corruption/near_white/near_white_0069.png,cat1_corruption,near_white,"internal train split, corrupted in software",same as data/brain_tumor (internal training data),eval,data/brain_tumor/pituitary/Tr-pi_644.jpg
data/out_of_scope/cat1_corruption/near_white/near_white_0070.png,cat1_corruption,near_white,"internal train split, corrupted in software",same as data/brain_tumor (internal training data),fit,data/brain_tumor/pituitary/Tr-pi_442.jpg
data/out_of_scope/cat1_corruption/near_white/near_white_0071.png,cat1_corruption,near_white,"internal train split, corrupted in software",same as data/brain_tumor (internal training data),eval,data/brain_tumor/pituitary/Tr-pi_108.jpg
data/out_of_scope/cat1_corruption/near_white/near_white_0072.png,cat1_corruption,near_white,"internal train split, corrupted in software",same as data/brain_tumor (internal training data),eval,data/brain_tumor/pituitary/Tr-pi_653.jpg
data/out_of_scope/cat1_corruption/near_white/near_white_0073.png,cat1_corruption,near_white,"internal train split, corrupted in software",same as data/brain_tumor (internal training data),eval,data/brain_tumor/pituitary/Te-pi_146.jpg
data/out_of_scope/cat1_corruption/near_white/near_white_0074.png,cat1_corruption,near_white,"internal train split, corrupted in software",same as data/brain_tumor (internal training data),fit,data/brain_tumor/pituitary/Tr-pi_902.jpg
data/out_of_scope/cat1_corruption/near_white/near_white_0075.png,cat1_corruption,near_white,"internal train split, corrupted in software",same as data/brain_tumor (internal training data),eval,data/brain_tumor/pituitary/Tr-pi_1398.jpg
data/out_of_scope/cat1_corruption/near_white/near_white_0076.png,cat1_corruption,near_white,"internal train split, corrupted in software",same as data/brain_tumor (internal training data),eval,data/brain_tumor/pituitary/Tr-pi_431.jpg
data/out_of_scope/cat1_corruption/near_white/near_white_0077.png,cat1_corruption,near_white,"internal train split, corrupted in software",same as data/brain_tumor (internal training data),fit,data/brain_tumor/pituitary/Tr-pi_365.jpg
data/out_of_scope/cat1_corruption/near_white/near_white_0078.png,cat1_corruption,near_white,"internal train split, corrupted in software",same as data/brain_tumor (internal training data),fit,data/brain_tumor/pituitary/Tr-pi_1151.jpg
data/out_of_scope/cat1_corruption/near_white/near_white_0079.png,cat1_corruption,near_white,"internal train split, corrupted in software",same as data/brain_tumor (internal training data),eval,data/brain_tumor/pituitary/Tr-pi_525.jpg
data/out_of_scope/cat1_corruption/near_white/near_white_0080.png,cat1_corruption,near_white,"internal train split, corrupted in software",same as data/brain_tumor (internal training data),fit,data/brain_tumor/pituitary/Tr-pi_877.jpg
data/out_of_scope/cat1_corruption/near_white/near_white_0081.png,cat1_corruption,near_white,"internal train split, corrupted in software",same as data/brain_tumor (internal training data),fit,data/brain_tumor/pituitary/Te-pi_16.jpg
data/out_of_scope/cat1_corruption/near_white/near_white_0082.png,cat1_corruption,near_white,"internal train split, corrupted in software",same as data/brain_tumor (internal training data),fit,data/brain_tumor/pituitary/Tr-pi_1213.jpg
data/out_of_scope/cat1_corruption/near_white/near_white_0083.png,cat1_corruption,near_white,"internal train split, corrupted in software",same as data/brain_tumor (internal training data),eval,data/brain_tumor/pituitary/Tr-pi_906.jpg
data/out_of_scope/cat1_corruption/near_white/near_white_0084.png,cat1_corruption,near_white,"internal train split, corrupted in software",same as data/brain_tumor (internal training data),fit,data/brain_tumor/pituitary/Tr-pi_1190.jpg
data/out_of_scope/cat1_corruption/near_white/near_white_0085.png,cat1_corruption,near_white,"internal train split, corrupted in software",same as data/brain_tumor (internal training data),fit,data/brain_tumor/pituitary/Tr-pi_220.jpg
data/out_of_scope/cat1_corruption/near_white/near_white_0086.png,cat1_corruption,near_white,"internal train split, corrupted in software",same as data/brain_tumor (internal training data),fit,data/brain_tumor/pituitary/Tr-pi_40.jpg
data/out_of_scope/cat1_corruption/near_white/near_white_0087.png,cat1_corruption,near_white,"internal train split, corrupted in software",same as data/brain_tumor (internal training data),eval,data/brain_tumor/pituitary/Tr-pi_119.jpg
data/out_of_scope/cat1_corruption/near_white/near_white_0088.png,cat1_corruption,near_white,"internal train split, corrupted in software",same as data/brain_tumor (internal training data),eval,data/brain_tumor/pituitary/Tr-pi_1081.jpg
data/out_of_scope/cat1_corruption/near_white/near_white_0089.png,cat1_corruption,near_white,"internal train split, corrupted in software",same as data/brain_tumor (internal training data),eval,data/brain_tumor/pituitary/Tr-pi_76.jpg
data/out_of_scope/cat1_corruption/near_white/near_white_0090.png,cat1_corruption,near_white,"internal train split, corrupted in software",same as data/brain_tumor (internal training data),eval,data/brain_tumor/notumor/Tr-no_547.jpg
data/out_of_scope/cat1_corruption/near_white/near_white_0091.png,cat1_corruption,near_white,"internal train split, corrupted in software",same as data/brain_tumor (internal training data),fit,data/brain_tumor/notumor/Tr-no_1088.jpg
data/out_of_scope/cat1_corruption/near_white/near_white_0092.png,cat1_corruption,near_white,"internal train split, corrupted in software",same as data/brain_tumor (internal training data),fit,data/brain_tumor/notumor/Te-no_14.jpg
data/out_of_scope/cat1_corruption/near_white/near_white_0093.png,cat1_corruption,near_white,"internal train split, corrupted in software",same as data/brain_tumor (internal training data),eval,data/brain_tumor/notumor/Tr-no_1170.jpg
data/out_of_scope/cat1_corruption/near_white/near_white_0094.png,cat1_corruption,near_white,"internal train split, corrupted in software",same as data/brain_tumor (internal training data),fit,data/brain_tumor/notumor/Tr-no_416.jpg
data/out_of_scope/cat1_corruption/near_white/near_white_0095.png,cat1_corruption,near_white,"internal train split, corrupted in software",same as data/brain_tumor (internal training data),fit,data/brain_tumor/notumor/Tr-no_530.jpg
data/out_of_scope/cat1_corruption/near_white/near_white_0096.png,cat1_corruption,near_white,"internal train split, corrupted in software",same as data/brain_tumor (internal training data),eval,data/brain_tumor/notumor/Te-no_212.jpg
data/out_of_scope/cat1_corruption/near_white/near_white_0097.png,cat1_corruption,near_white,"internal train split, corrupted in software",same as data/brain_tumor (internal training data),fit,data/brain_tumor/notumor/Tr-no_513.jpg
data/out_of_scope/cat1_corruption/near_white/near_white_0098.png,cat1_corruption,near_white,"internal train split, corrupted in software",same as data/brain_tumor (internal training data),fit,data/brain_tumor/notumor/Tr-no_660.jpg
data/out_of_scope/cat1_corruption/near_white/near_white_0099.png,cat1_corruption,near_white,"internal train split, corrupted in software",same as data/brain_tumor (internal training data),eval,data/brain_tumor/notumor/Tr-no_95.jpg
data/out_of_scope/cat1_corruption/near_white/near_white_0100.png,cat1_corruption,near_white,"internal train split, corrupted in software",same as data/brain_tumor (internal training data),fit,data/brain_tumor/notumor/Tr-no_178.jpg
data/out_of_scope/cat1_corruption/near_white/near_white_0101.png,cat1_corruption,near_white,"internal train split, corrupted in software",same as data/brain_tumor (internal training data),fit,data/brain_tumor/notumor/Tr-no_401.jpg
data/out_of_scope/cat1_corruption/near_white/near_white_0102.png,cat1_corruption,near_white,"internal train split, corrupted in software",same as data/brain_tumor (internal training data),fit,data/brain_tumor/notumor/Te-no_140.jpg
data/out_of_scope/cat1_corruption/near_white/near_white_0103.png,cat1_corruption,near_white,"internal train split, corrupted in software",same as data/brain_tumor (internal training data),fit,data/brain_tumor/notumor/Tr-no_335.jpg
data/out_of_scope/cat1_corruption/near_white/near_white_0104.png,cat1_corruption,near_white,"internal train split, corrupted in software",same as data/brain_tumor (internal training data),fit,data/brain_tumor/notumor/Tr-no_477.jpg
data/out_of_scope/cat1_corruption/near_white/near_white_0105.png,cat1_corruption,near_white,"internal train split, corrupted in software",same as data/brain_tumor (internal training data),fit,data/brain_tumor/notumor/Tr-no_1257.jpg
data/out_of_scope/cat1_corruption/near_white/near_white_0106.png,cat1_corruption,near_white,"internal train split, corrupted in software",same as data/brain_tumor (internal training data),eval,data/brain_tumor/notumor/Tr-no_624.jpg
data/out_of_scope/cat1_corruption/near_white/near_white_0107.png,cat1_corruption,near_white,"internal train split, corrupted in software",same as data/brain_tumor (internal training data),fit,data/brain_tumor/notumor/Tr-no_20.jpg
data/out_of_scope/cat1_corruption/near_white/near_white_0108.png,cat1_corruption,near_white,"internal train split, corrupted in software",same as data/brain_tumor (internal training data),eval,data/brain_tumor/notumor/Te-no_240.jpg
data/out_of_scope/cat1_corruption/near_white/near_white_0109.png,cat1_corruption,near_white,"internal train split, corrupted in software",same as data/brain_tumor (internal training data),eval,data/brain_tumor/notumor/Tr-no_627.jpg
data/out_of_scope/cat1_corruption/near_white/near_white_0110.png,cat1_corruption,near_white,"internal train split, corrupted in software",same as data/brain_tumor (internal training data),eval,data/brain_tumor/notumor/Tr-no_1220.jpg
data/out_of_scope/cat1_corruption/near_white/near_white_0111.png,cat1_corruption,near_white,"internal train split, corrupted in software",same as data/brain_tumor (internal training data),eval,data/brain_tumor/notumor/Tr-no_446.jpg
data/out_of_scope/cat1_corruption/near_white/near_white_0112.png,cat1_corruption,near_white,"internal train split, corrupted in software",same as data/brain_tumor (internal training data),fit,data/brain_tumor/notumor/Tr-no_378.jpg
data/out_of_scope/cat1_corruption/near_white/near_white_0113.png,cat1_corruption,near_white,"internal train split, corrupted in software",same as data/brain_tumor (internal training data),fit,data/brain_tumor/notumor/Tr-no_596.jpg
data/out_of_scope/cat1_corruption/near_white/near_white_0114.png,cat1_corruption,near_white,"internal train split, corrupted in software",same as data/brain_tumor (internal training data),fit,data/brain_tumor/notumor/Te-no_223.jpg
data/out_of_scope/cat1_corruption/near_white/near_white_0115.png,cat1_corruption,near_white,"internal train split, corrupted in software",same as data/brain_tumor (internal training data),eval,data/brain_tumor/notumor/Te-no_105.jpg
data/out_of_scope/cat1_corruption/near_white/near_white_0116.png,cat1_corruption,near_white,"internal train split, corrupted in software",same as data/brain_tumor (internal training data),fit,data/brain_tumor/notumor/Tr-no_351.jpg
data/out_of_scope/cat1_corruption/near_white/near_white_0117.png,cat1_corruption,near_white,"internal train split, corrupted in software",same as data/brain_tumor (internal training data),eval,data/brain_tumor/notumor/Tr-no_966.jpg
data/out_of_scope/cat1_corruption/near_white/near_white_0118.png,cat1_corruption,near_white,"internal train split, corrupted in software",same as data/brain_tumor (internal training data),fit,data/brain_tumor/notumor/Tr-no_1284.jpg
data/out_of_scope/cat1_corruption/near_white/near_white_0119.png,cat1_corruption,near_white,"internal train split, corrupted in software",same as data/brain_tumor (internal training data),fit,data/brain_tumor/notumor/Tr-no_319.jpg
data/out_of_scope/cat1_corruption/underexposed/underexposed_0000.png,cat1_corruption,underexposed,"internal train split, corrupted in software",same as data/brain_tumor (internal training data),eval,data/brain_tumor/glioma/Tr-gl_488.jpg
data/out_of_scope/cat1_corruption/underexposed/underexposed_0001.png,cat1_corruption,underexposed,"internal train split, corrupted in software",same as data/brain_tumor (internal training data),fit,data/brain_tumor/glioma/Te-gl_224.jpg
data/out_of_scope/cat1_corruption/underexposed/underexposed_0002.png,cat1_corruption,underexposed,"internal train split, corrupted in software",same as data/brain_tumor (internal training data),fit,data/brain_tumor/glioma/Tr-gl_946.jpg
data/out_of_scope/cat1_corruption/underexposed/underexposed_0003.png,cat1_corruption,underexposed,"internal train split, corrupted in software",same as data/brain_tumor (internal training data),fit,data/brain_tumor/glioma/Tr-gl_1024.jpg
data/out_of_scope/cat1_corruption/underexposed/underexposed_0004.png,cat1_corruption,underexposed,"internal train split, corrupted in software",same as data/brain_tumor (internal training data),eval,data/brain_tumor/glioma/Tr-gl_193.jpg
data/out_of_scope/cat1_corruption/underexposed/underexposed_0005.png,cat1_corruption,underexposed,"internal train split, corrupted in software",same as data/brain_tumor (internal training data),eval,data/brain_tumor/glioma/Tr-gl_6.jpg
data/out_of_scope/cat1_corruption/underexposed/underexposed_0006.png,cat1_corruption,underexposed,"internal train split, corrupted in software",same as data/brain_tumor (internal training data),fit,data/brain_tumor/glioma/Tr-gl_1120.jpg
data/out_of_scope/cat1_corruption/underexposed/underexposed_0007.png,cat1_corruption,underexposed,"internal train split, corrupted in software",same as data/brain_tumor (internal training data),eval,data/brain_tumor/glioma/Te-gl_131.jpg
data/out_of_scope/cat1_corruption/underexposed/underexposed_0008.png,cat1_corruption,underexposed,"internal train split, corrupted in software",same as data/brain_tumor (internal training data),eval,data/brain_tumor/glioma/Tr-gl_1052.jpg
data/out_of_scope/cat1_corruption/underexposed/underexposed_0009.png,cat1_corruption,underexposed,"internal train split, corrupted in software",same as data/brain_tumor (internal training data),eval,data/brain_tumor/glioma/Tr-gl_574.jpg
data/out_of_scope/cat1_corruption/underexposed/underexposed_0010.png,cat1_corruption,underexposed,"internal train split, corrupted in software",same as data/brain_tumor (internal training data),fit,data/brain_tumor/glioma/Tr-gl_711.jpg
data/out_of_scope/cat1_corruption/underexposed/underexposed_0011.png,cat1_corruption,underexposed,"internal train split, corrupted in software",same as data/brain_tumor (internal training data),fit,data/brain_tumor/glioma/Te-gl_56.jpg
data/out_of_scope/cat1_corruption/underexposed/underexposed_0012.png,cat1_corruption,underexposed,"internal train split, corrupted in software",same as data/brain_tumor (internal training data),eval,data/brain_tumor/glioma/Tr-gl_1252.jpg
data/out_of_scope/cat1_corruption/underexposed/underexposed_0013.png,cat1_corruption,underexposed,"internal train split, corrupted in software",same as data/brain_tumor (internal training data),fit,data/brain_tumor/glioma/Te-gl_133.jpg
data/out_of_scope/cat1_corruption/underexposed/underexposed_0014.png,cat1_corruption,underexposed,"internal train split, corrupted in software",same as data/brain_tumor (internal training data),fit,data/brain_tumor/glioma/Tr-gl_662.jpg
data/out_of_scope/cat1_corruption/underexposed/underexposed_0015.png,cat1_corruption,underexposed,"internal train split, corrupted in software",same as data/brain_tumor (internal training data),eval,data/brain_tumor/glioma/Tr-gl_1225.jpg
data/out_of_scope/cat1_corruption/underexposed/underexposed_0016.png,cat1_corruption,underexposed,"internal train split, corrupted in software",same as data/brain_tumor (internal training data),eval,data/brain_tumor/glioma/Tr-gl_443.jpg
data/out_of_scope/cat1_corruption/underexposed/underexposed_0017.png,cat1_corruption,underexposed,"internal train split, corrupted in software",same as data/brain_tumor (internal training data),fit,data/brain_tumor/glioma/Te-gl_191.jpg
data/out_of_scope/cat1_corruption/underexposed/underexposed_0018.png,cat1_corruption,underexposed,"internal train split, corrupted in software",same as data/brain_tumor (internal training data),fit,data/brain_tumor/glioma/Te-gl_280.jpg
data/out_of_scope/cat1_corruption/underexposed/underexposed_0019.png,cat1_corruption,underexposed,"internal train split, corrupted in software",same as data/brain_tumor (internal training data),fit,data/brain_tumor/glioma/Tr-gl_114.jpg
data/out_of_scope/cat1_corruption/underexposed/underexposed_0020.png,cat1_corruption,underexposed,"internal train split, corrupted in software",same as data/brain_tumor (internal training data),fit,data/brain_tumor/glioma/Tr-gl_886.jpg
data/out_of_scope/cat1_corruption/underexposed/underexposed_0021.png,cat1_corruption,underexposed,"internal train split, corrupted in software",same as data/brain_tumor (internal training data),eval,data/brain_tumor/glioma/Te-gl_15.jpg
data/out_of_scope/cat1_corruption/underexposed/underexposed_0022.png,cat1_corruption,underexposed,"internal train split, corrupted in software",same as data/brain_tumor (internal training data),eval,data/brain_tumor/glioma/Tr-gl_964.jpg
data/out_of_scope/cat1_corruption/underexposed/underexposed_0023.png,cat1_corruption,underexposed,"internal train split, corrupted in software",same as data/brain_tumor (internal training data),eval,data/brain_tumor/glioma/Tr-gl_336.jpg
data/out_of_scope/cat1_corruption/underexposed/underexposed_0024.png,cat1_corruption,underexposed,"internal train split, corrupted in software",same as data/brain_tumor (internal training data),fit,data/brain_tumor/glioma/Tr-gl_71.jpg
data/out_of_scope/cat1_corruption/underexposed/underexposed_0025.png,cat1_corruption,underexposed,"internal train split, corrupted in software",same as data/brain_tumor (internal training data),eval,data/brain_tumor/glioma/Tr-gl_1214.jpg
data/out_of_scope/cat1_corruption/underexposed/underexposed_0026.png,cat1_corruption,underexposed,"internal train split, corrupted in software",same as data/brain_tumor (internal training data),fit,data/brain_tumor/glioma/Tr-gl_314.jpg
data/out_of_scope/cat1_corruption/underexposed/underexposed_0027.png,cat1_corruption,underexposed,"internal train split, corrupted in software",same as data/brain_tumor (internal training data),fit,data/brain_tumor/glioma/Tr-gl_992.jpg
data/out_of_scope/cat1_corruption/underexposed/underexposed_0028.png,cat1_corruption,underexposed,"internal train split, corrupted in software",same as data/brain_tumor (internal training data),eval,data/brain_tumor/glioma/Tr-gl_832.jpg
data/out_of_scope/cat1_corruption/underexposed/underexposed_0029.png,cat1_corruption,underexposed,"internal train split, corrupted in software",same as data/brain_tumor (internal training data),eval,data/brain_tumor/glioma/Tr-gl_777.jpg
data/out_of_scope/cat1_corruption/underexposed/underexposed_0030.png,cat1_corruption,underexposed,"internal train split, corrupted in software",same as data/brain_tumor (internal training data),fit,data/brain_tumor/meningioma/Tr-me_260.jpg
data/out_of_scope/cat1_corruption/underexposed/underexposed_0031.png,cat1_corruption,underexposed,"internal train split, corrupted in software",same as data/brain_tumor (internal training data),eval,data/brain_tumor/meningioma/Te-me_101.jpg
data/out_of_scope/cat1_corruption/underexposed/underexposed_0032.png,cat1_corruption,underexposed,"internal train split, corrupted in software",same as data/brain_tumor (internal training data),eval,data/brain_tumor/meningioma/Tr-me_232.jpg
data/out_of_scope/cat1_corruption/underexposed/underexposed_0033.png,cat1_corruption,underexposed,"internal train split, corrupted in software",same as data/brain_tumor (internal training data),eval,data/brain_tumor/meningioma/Tr-me_870.jpg
data/out_of_scope/cat1_corruption/underexposed/underexposed_0034.png,cat1_corruption,underexposed,"internal train split, corrupted in software",same as data/brain_tumor (internal training data),eval,data/brain_tumor/meningioma/Tr-me_1204.jpg
data/out_of_scope/cat1_corruption/underexposed/underexposed_0035.png,cat1_corruption,underexposed,"internal train split, corrupted in software",same as data/brain_tumor (internal training data),eval,data/brain_tumor/meningioma/Te-me_33.jpg
data/out_of_scope/cat1_corruption/underexposed/underexposed_0036.png,cat1_corruption,underexposed,"internal train split, corrupted in software",same as data/brain_tumor (internal training data),fit,data/brain_tumor/meningioma/Tr-me_1059.jpg
data/out_of_scope/cat1_corruption/underexposed/underexposed_0037.png,cat1_corruption,underexposed,"internal train split, corrupted in software",same as data/brain_tumor (internal training data),eval,data/brain_tumor/meningioma/Te-me_48.jpg
data/out_of_scope/cat1_corruption/underexposed/underexposed_0038.png,cat1_corruption,underexposed,"internal train split, corrupted in software",same as data/brain_tumor (internal training data),eval,data/brain_tumor/meningioma/Te-me_112.jpg
data/out_of_scope/cat1_corruption/underexposed/underexposed_0039.png,cat1_corruption,underexposed,"internal train split, corrupted in software",same as data/brain_tumor (internal training data),fit,data/brain_tumor/meningioma/Tr-me_64.jpg
data/out_of_scope/cat1_corruption/underexposed/underexposed_0040.png,cat1_corruption,underexposed,"internal train split, corrupted in software",same as data/brain_tumor (internal training data),eval,data/brain_tumor/meningioma/Te-aug-me_68.jpg
data/out_of_scope/cat1_corruption/underexposed/underexposed_0041.png,cat1_corruption,underexposed,"internal train split, corrupted in software",same as data/brain_tumor (internal training data),fit,data/brain_tumor/meningioma/Tr-me_1091.jpg
data/out_of_scope/cat1_corruption/underexposed/underexposed_0042.png,cat1_corruption,underexposed,"internal train split, corrupted in software",same as data/brain_tumor (internal training data),eval,data/brain_tumor/meningioma/Tr-me_1047.jpg
data/out_of_scope/cat1_corruption/underexposed/underexposed_0043.png,cat1_corruption,underexposed,"internal train split, corrupted in software",same as data/brain_tumor (internal training data),fit,data/brain_tumor/meningioma/Tr-me_698.jpg
data/out_of_scope/cat1_corruption/underexposed/underexposed_0044.png,cat1_corruption,underexposed,"internal train split, corrupted in software",same as data/brain_tumor (internal training data),eval,data/brain_tumor/meningioma/Tr-me_610.jpg
data/out_of_scope/cat1_corruption/underexposed/underexposed_0045.png,cat1_corruption,underexposed,"internal train split, corrupted in software",same as data/brain_tumor (internal training data),eval,data/brain_tumor/meningioma/Tr-me_403.jpg
data/out_of_scope/cat1_corruption/underexposed/underexposed_0046.png,cat1_corruption,underexposed,"internal train split, corrupted in software",same as data/brain_tumor (internal training data),eval,data/brain_tumor/meningioma/Tr-me_503.jpg
data/out_of_scope/cat1_corruption/underexposed/underexposed_0047.png,cat1_corruption,underexposed,"internal train split, corrupted in software",same as data/brain_tumor (internal training data),fit,data/brain_tumor/meningioma/Te-aug-me_50.jpg
data/out_of_scope/cat1_corruption/underexposed/underexposed_0048.png,cat1_corruption,underexposed,"internal train split, corrupted in software",same as data/brain_tumor (internal training data),eval,data/brain_tumor/meningioma/Tr-me_460.jpg
data/out_of_scope/cat1_corruption/underexposed/underexposed_0049.png,cat1_corruption,underexposed,"internal train split, corrupted in software",same as data/brain_tumor (internal training data),fit,data/brain_tumor/meningioma/Tr-me_505.jpg
data/out_of_scope/cat1_corruption/underexposed/underexposed_0050.png,cat1_corruption,underexposed,"internal train split, corrupted in software",same as data/brain_tumor (internal training data),eval,data/brain_tumor/meningioma/Tr-me_664.jpg
data/out_of_scope/cat1_corruption/underexposed/underexposed_0051.png,cat1_corruption,underexposed,"internal train split, corrupted in software",same as data/brain_tumor (internal training data),eval,data/brain_tumor/meningioma/Te-aug-me_5.jpg
data/out_of_scope/cat1_corruption/underexposed/underexposed_0052.png,cat1_corruption,underexposed,"internal train split, corrupted in software",same as data/brain_tumor (internal training data),fit,data/brain_tumor/meningioma/Tr-me_774.jpg
data/out_of_scope/cat1_corruption/underexposed/underexposed_0053.png,cat1_corruption,underexposed,"internal train split, corrupted in software",same as data/brain_tumor (internal training data),eval,data/brain_tumor/meningioma/Tr-me_306.jpg
data/out_of_scope/cat1_corruption/underexposed/underexposed_0054.png,cat1_corruption,underexposed,"internal train split, corrupted in software",same as data/brain_tumor (internal training data),fit,data/brain_tumor/meningioma/Tr-me_1296.jpg
data/out_of_scope/cat1_corruption/underexposed/underexposed_0055.png,cat1_corruption,underexposed,"internal train split, corrupted in software",same as data/brain_tumor (internal training data),fit,data/brain_tumor/meningioma/Tr-me_600.jpg
data/out_of_scope/cat1_corruption/underexposed/underexposed_0056.png,cat1_corruption,underexposed,"internal train split, corrupted in software",same as data/brain_tumor (internal training data),eval,data/brain_tumor/meningioma/Tr-me_464.jpg
data/out_of_scope/cat1_corruption/underexposed/underexposed_0057.png,cat1_corruption,underexposed,"internal train split, corrupted in software",same as data/brain_tumor (internal training data),fit,data/brain_tumor/meningioma/Tr-me_1153.jpg
data/out_of_scope/cat1_corruption/underexposed/underexposed_0058.png,cat1_corruption,underexposed,"internal train split, corrupted in software",same as data/brain_tumor (internal training data),fit,data/brain_tumor/meningioma/Tr-me_454.jpg
data/out_of_scope/cat1_corruption/underexposed/underexposed_0059.png,cat1_corruption,underexposed,"internal train split, corrupted in software",same as data/brain_tumor (internal training data),eval,data/brain_tumor/meningioma/Tr-me_819.jpg
data/out_of_scope/cat1_corruption/underexposed/underexposed_0060.png,cat1_corruption,underexposed,"internal train split, corrupted in software",same as data/brain_tumor (internal training data),fit,data/brain_tumor/pituitary/Tr-pi_422.jpg
data/out_of_scope/cat1_corruption/underexposed/underexposed_0061.png,cat1_corruption,underexposed,"internal train split, corrupted in software",same as data/brain_tumor (internal training data),eval,data/brain_tumor/pituitary/Tr-pi_353.jpg
data/out_of_scope/cat1_corruption/underexposed/underexposed_0062.png,cat1_corruption,underexposed,"internal train split, corrupted in software",same as data/brain_tumor (internal training data),eval,data/brain_tumor/pituitary/Tr-pi_515.jpg
data/out_of_scope/cat1_corruption/underexposed/underexposed_0063.png,cat1_corruption,underexposed,"internal train split, corrupted in software",same as data/brain_tumor (internal training data),fit,data/brain_tumor/pituitary/Tr-pi_561.jpg
data/out_of_scope/cat1_corruption/underexposed/underexposed_0064.png,cat1_corruption,underexposed,"internal train split, corrupted in software",same as data/brain_tumor (internal training data),eval,data/brain_tumor/pituitary/Tr-pi_1167.jpg
data/out_of_scope/cat1_corruption/underexposed/underexposed_0065.png,cat1_corruption,underexposed,"internal train split, corrupted in software",same as data/brain_tumor (internal training data),fit,data/brain_tumor/pituitary/Tr-pi_860.jpg
data/out_of_scope/cat1_corruption/underexposed/underexposed_0066.png,cat1_corruption,underexposed,"internal train split, corrupted in software",same as data/brain_tumor (internal training data),eval,data/brain_tumor/pituitary/Te-pi_20.jpg
data/out_of_scope/cat1_corruption/underexposed/underexposed_0067.png,cat1_corruption,underexposed,"internal train split, corrupted in software",same as data/brain_tumor (internal training data),fit,data/brain_tumor/pituitary/Te-pi_144.jpg
data/out_of_scope/cat1_corruption/underexposed/underexposed_0068.png,cat1_corruption,underexposed,"internal train split, corrupted in software",same as data/brain_tumor (internal training data),eval,data/brain_tumor/pituitary/Tr-pi_516.jpg
data/out_of_scope/cat1_corruption/underexposed/underexposed_0069.png,cat1_corruption,underexposed,"internal train split, corrupted in software",same as data/brain_tumor (internal training data),eval,data/brain_tumor/pituitary/Tr-pi_644.jpg
data/out_of_scope/cat1_corruption/underexposed/underexposed_0070.png,cat1_corruption,underexposed,"internal train split, corrupted in software",same as data/brain_tumor (internal training data),fit,data/brain_tumor/pituitary/Tr-pi_442.jpg
data/out_of_scope/cat1_corruption/underexposed/underexposed_0071.png,cat1_corruption,underexposed,"internal train split, corrupted in software",same as data/brain_tumor (internal training data),eval,data/brain_tumor/pituitary/Tr-pi_108.jpg
data/out_of_scope/cat1_corruption/underexposed/underexposed_0072.png,cat1_corruption,underexposed,"internal train split, corrupted in software",same as data/brain_tumor (internal training data),eval,data/brain_tumor/pituitary/Tr-pi_653.jpg
data/out_of_scope/cat1_corruption/underexposed/underexposed_0073.png,cat1_corruption,underexposed,"internal train split, corrupted in software",same as data/brain_tumor (internal training data),eval,data/brain_tumor/pituitary/Te-pi_146.jpg
data/out_of_scope/cat1_corruption/underexposed/underexposed_0074.png,cat1_corruption,underexposed,"internal train split, corrupted in software",same as data/brain_tumor (internal training data),fit,data/brain_tumor/pituitary/Tr-pi_902.jpg
data/out_of_scope/cat1_corruption/underexposed/underexposed_0075.png,cat1_corruption,underexposed,"internal train split, corrupted in software",same as data/brain_tumor (internal training data),eval,data/brain_tumor/pituitary/Tr-pi_1398.jpg
data/out_of_scope/cat1_corruption/underexposed/underexposed_0076.png,cat1_corruption,underexposed,"internal train split, corrupted in software",same as data/brain_tumor (internal training data),eval,data/brain_tumor/pituitary/Tr-pi_431.jpg
data/out_of_scope/cat1_corruption/underexposed/underexposed_0077.png,cat1_corruption,underexposed,"internal train split, corrupted in software",same as data/brain_tumor (internal training data),fit,data/brain_tumor/pituitary/Tr-pi_365.jpg
data/out_of_scope/cat1_corruption/underexposed/underexposed_0078.png,cat1_corruption,underexposed,"internal train split, corrupted in software",same as data/brain_tumor (internal training data),fit,data/brain_tumor/pituitary/Tr-pi_1151.jpg
data/out_of_scope/cat1_corruption/underexposed/underexposed_0079.png,cat1_corruption,underexposed,"internal train split, corrupted in software",same as data/brain_tumor (internal training data),eval,data/brain_tumor/pituitary/Tr-pi_525.jpg
data/out_of_scope/cat1_corruption/underexposed/underexposed_0080.png,cat1_corruption,underexposed,"internal train split, corrupted in software",same as data/brain_tumor (internal training data),fit,data/brain_tumor/pituitary/Tr-pi_877.jpg
data/out_of_scope/cat1_corruption/underexposed/underexposed_0081.png,cat1_corruption,underexposed,"internal train split, corrupted in software",same as data/brain_tumor (internal training data),fit,data/brain_tumor/pituitary/Te-pi_16.jpg
data/out_of_scope/cat1_corruption/underexposed/underexposed_0082.png,cat1_corruption,underexposed,"internal train split, corrupted in software",same as data/brain_tumor (internal training data),fit,data/brain_tumor/pituitary/Tr-pi_1213.jpg
data/out_of_scope/cat1_corruption/underexposed/underexposed_0083.png,cat1_corruption,underexposed,"internal train split, corrupted in software",same as data/brain_tumor (internal training data),eval,data/brain_tumor/pituitary/Tr-pi_906.jpg
data/out_of_scope/cat1_corruption/underexposed/underexposed_0084.png,cat1_corruption,underexposed,"internal train split, corrupted in software",same as data/brain_tumor (internal training data),fit,data/brain_tumor/pituitary/Tr-pi_1190.jpg
data/out_of_scope/cat1_corruption/underexposed/underexposed_0085.png,cat1_corruption,underexposed,"internal train split, corrupted in software",same as data/brain_tumor (internal training data),fit,data/brain_tumor/pituitary/Tr-pi_220.jpg
data/out_of_scope/cat1_corruption/underexposed/underexposed_0086.png,cat1_corruption,underexposed,"internal train split, corrupted in software",same as data/brain_tumor (internal training data),fit,data/brain_tumor/pituitary/Tr-pi_40.jpg
data/out_of_scope/cat1_corruption/underexposed/underexposed_0087.png,cat1_corruption,underexposed,"internal train split, corrupted in software",same as data/brain_tumor (internal training data),eval,data/brain_tumor/pituitary/Tr-pi_119.jpg
data/out_of_scope/cat1_corruption/underexposed/underexposed_0088.png,cat1_corruption,underexposed,"internal train split, corrupted in software",same as data/brain_tumor (internal training data),eval,data/brain_tumor/pituitary/Tr-pi_1081.jpg
data/out_of_scope/cat1_corruption/underexposed/underexposed_0089.png,cat1_corruption,underexposed,"internal train split, corrupted in software",same as data/brain_tumor (internal training data),eval,data/brain_tumor/pituitary/Tr-pi_76.jpg
data/out_of_scope/cat1_corruption/underexposed/underexposed_0090.png,cat1_corruption,underexposed,"internal train split, corrupted in software",same as data/brain_tumor (internal training data),eval,data/brain_tumor/notumor/Tr-no_547.jpg
data/out_of_scope/cat1_corruption/underexposed/underexposed_0091.png,cat1_corruption,underexposed,"internal train split, corrupted in software",same as data/brain_tumor (internal training data),fit,data/brain_tumor/notumor/Tr-no_1088.jpg
data/out_of_scope/cat1_corruption/underexposed/underexposed_0092.png,cat1_corruption,underexposed,"internal train split, corrupted in software",same as data/brain_tumor (internal training data),fit,data/brain_tumor/notumor/Te-no_14.jpg
data/out_of_scope/cat1_corruption/underexposed/underexposed_0093.png,cat1_corruption,underexposed,"internal train split, corrupted in software",same as data/brain_tumor (internal training data),eval,data/brain_tumor/notumor/Tr-no_1170.jpg
data/out_of_scope/cat1_corruption/underexposed/underexposed_0094.png,cat1_corruption,underexposed,"internal train split, corrupted in software",same as data/brain_tumor (internal training data),fit,data/brain_tumor/notumor/Tr-no_416.jpg
data/out_of_scope/cat1_corruption/underexposed/underexposed_0095.png,cat1_corruption,underexposed,"internal train split, corrupted in software",same as data/brain_tumor (internal training data),fit,data/brain_tumor/notumor/Tr-no_530.jpg
data/out_of_scope/cat1_corruption/underexposed/underexposed_0096.png,cat1_corruption,underexposed,"internal train split, corrupted in software",same as data/brain_tumor (internal training data),eval,data/brain_tumor/notumor/Te-no_212.jpg
data/out_of_scope/cat1_corruption/underexposed/underexposed_0097.png,cat1_corruption,underexposed,"internal train split, corrupted in software",same as data/brain_tumor (internal training data),fit,data/brain_tumor/notumor/Tr-no_513.jpg
data/out_of_scope/cat1_corruption/underexposed/underexposed_0098.png,cat1_corruption,underexposed,"internal train split, corrupted in software",same as data/brain_tumor (internal training data),fit,data/brain_tumor/notumor/Tr-no_660.jpg
data/out_of_scope/cat1_corruption/underexposed/underexposed_0099.png,cat1_corruption,underexposed,"internal train split, corrupted in software",same as data/brain_tumor (internal training data),eval,data/brain_tumor/notumor/Tr-no_95.jpg
data/out_of_scope/cat1_corruption/underexposed/underexposed_0100.png,cat1_corruption,underexposed,"internal train split, corrupted in software",same as data/brain_tumor (internal training data),fit,data/brain_tumor/notumor/Tr-no_178.jpg
data/out_of_scope/cat1_corruption/underexposed/underexposed_0101.png,cat1_corruption,underexposed,"internal train split, corrupted in software",same as data/brain_tumor (internal training data),fit,data/brain_tumor/notumor/Tr-no_401.jpg
data/out_of_scope/cat1_corruption/underexposed/underexposed_0102.png,cat1_corruption,underexposed,"internal train split, corrupted in software",same as data/brain_tumor (internal training data),fit,data/brain_tumor/notumor/Te-no_140.jpg
data/out_of_scope/cat1_corruption/underexposed/underexposed_0103.png,cat1_corruption,underexposed,"internal train split, corrupted in software",same as data/brain_tumor (internal training data),fit,data/brain_tumor/notumor/Tr-no_335.jpg
data/out_of_scope/cat1_corruption/underexposed/underexposed_0104.png,cat1_corruption,underexposed,"internal train split, corrupted in software",same as data/brain_tumor (internal training data),fit,data/brain_tumor/notumor/Tr-no_477.jpg
data/out_of_scope/cat1_corruption/underexposed/underexposed_0105.png,cat1_corruption,underexposed,"internal train split, corrupted in software",same as data/brain_tumor (internal training data),fit,data/brain_tumor/notumor/Tr-no_1257.jpg
data/out_of_scope/cat1_corruption/underexposed/underexposed_0106.png,cat1_corruption,underexposed,"internal train split, corrupted in software",same as data/brain_tumor (internal training data),eval,data/brain_tumor/notumor/Tr-no_624.jpg
data/out_of_scope/cat1_corruption/underexposed/underexposed_0107.png,cat1_corruption,underexposed,"internal train split, corrupted in software",same as data/brain_tumor (internal training data),fit,data/brain_tumor/notumor/Tr-no_20.jpg
data/out_of_scope/cat1_corruption/underexposed/underexposed_0108.png,cat1_corruption,underexposed,"internal train split, corrupted in software",same as data/brain_tumor (internal training data),eval,data/brain_tumor/notumor/Te-no_240.jpg
data/out_of_scope/cat1_corruption/underexposed/underexposed_0109.png,cat1_corruption,underexposed,"internal train split, corrupted in software",same as data/brain_tumor (internal training data),eval,data/brain_tumor/notumor/Tr-no_627.jpg
data/out_of_scope/cat1_corruption/underexposed/underexposed_0110.png,cat1_corruption,underexposed,"internal train split, corrupted in software",same as data/brain_tumor (internal training data),eval,data/brain_tumor/notumor/Tr-no_1220.jpg
data/out_of_scope/cat1_corruption/underexposed/underexposed_0111.png,cat1_corruption,underexposed,"internal train split, corrupted in software",same as data/brain_tumor (internal training data),eval,data/brain_tumor/notumor/Tr-no_446.jpg
data/out_of_scope/cat1_corruption/underexposed/underexposed_0112.png,cat1_corruption,underexposed,"internal train split, corrupted in software",same as data/brain_tumor (internal training data),fit,data/brain_tumor/notumor/Tr-no_378.jpg
data/out_of_scope/cat1_corruption/underexposed/underexposed_0113.png,cat1_corruption,underexposed,"internal train split, corrupted in software",same as data/brain_tumor (internal training data),fit,data/brain_tumor/notumor/Tr-no_596.jpg
data/out_of_scope/cat1_corruption/underexposed/underexposed_0114.png,cat1_corruption,underexposed,"internal train split, corrupted in software",same as data/brain_tumor (internal training data),fit,data/brain_tumor/notumor/Te-no_223.jpg
data/out_of_scope/cat1_corruption/underexposed/underexposed_0115.png,cat1_corruption,underexposed,"internal train split, corrupted in software",same as data/brain_tumor (internal training data),eval,data/brain_tumor/notumor/Te-no_105.jpg
data/out_of_scope/cat1_corruption/underexposed/underexposed_0116.png,cat1_corruption,underexposed,"internal train split, corrupted in software",same as data/brain_tumor (internal training data),fit,data/brain_tumor/notumor/Tr-no_351.jpg
data/out_of_scope/cat1_corruption/underexposed/underexposed_0117.png,cat1_corruption,underexposed,"internal train split, corrupted in software",same as data/brain_tumor (internal training data),eval,data/brain_tumor/notumor/Tr-no_966.jpg
data/out_of_scope/cat1_corruption/underexposed/underexposed_0118.png,cat1_corruption,underexposed,"internal train split, corrupted in software",same as data/brain_tumor (internal training data),fit,data/brain_tumor/notumor/Tr-no_1284.jpg
data/out_of_scope/cat1_corruption/underexposed/underexposed_0119.png,cat1_corruption,underexposed,"internal train split, corrupted in software",same as data/brain_tumor (internal training data),fit,data/brain_tumor/notumor/Tr-no_319.jpg
data/out_of_scope/cat1_corruption/overexposed/overexposed_0000.png,cat1_corruption,overexposed,"internal train split, corrupted in software",same as data/brain_tumor (internal training data),eval,data/brain_tumor/glioma/Tr-gl_488.jpg
data/out_of_scope/cat1_corruption/overexposed/overexposed_0001.png,cat1_corruption,overexposed,"internal train split, corrupted in software",same as data/brain_tumor (internal training data),fit,data/brain_tumor/glioma/Te-gl_224.jpg
data/out_of_scope/cat1_corruption/overexposed/overexposed_0002.png,cat1_corruption,overexposed,"internal train split, corrupted in software",same as data/brain_tumor (internal training data),fit,data/brain_tumor/glioma/Tr-gl_946.jpg
data/out_of_scope/cat1_corruption/overexposed/overexposed_0003.png,cat1_corruption,overexposed,"internal train split, corrupted in software",same as data/brain_tumor (internal training data),fit,data/brain_tumor/glioma/Tr-gl_1024.jpg
data/out_of_scope/cat1_corruption/overexposed/overexposed_0004.png,cat1_corruption,overexposed,"internal train split, corrupted in software",same as data/brain_tumor (internal training data),eval,data/brain_tumor/glioma/Tr-gl_193.jpg
data/out_of_scope/cat1_corruption/overexposed/overexposed_0005.png,cat1_corruption,overexposed,"internal train split, corrupted in software",same as data/brain_tumor (internal training data),eval,data/brain_tumor/glioma/Tr-gl_6.jpg
data/out_of_scope/cat1_corruption/overexposed/overexposed_0006.png,cat1_corruption,overexposed,"internal train split, corrupted in software",same as data/brain_tumor (internal training data),fit,data/brain_tumor/glioma/Tr-gl_1120.jpg
data/out_of_scope/cat1_corruption/overexposed/overexposed_0007.png,cat1_corruption,overexposed,"internal train split, corrupted in software",same as data/brain_tumor (internal training data),eval,data/brain_tumor/glioma/Te-gl_131.jpg
data/out_of_scope/cat1_corruption/overexposed/overexposed_0008.png,cat1_corruption,overexposed,"internal train split, corrupted in software",same as data/brain_tumor (internal training data),eval,data/brain_tumor/glioma/Tr-gl_1052.jpg
data/out_of_scope/cat1_corruption/overexposed/overexposed_0009.png,cat1_corruption,overexposed,"internal train split, corrupted in software",same as data/brain_tumor (internal training data),eval,data/brain_tumor/glioma/Tr-gl_574.jpg
data/out_of_scope/cat1_corruption/overexposed/overexposed_0010.png,cat1_corruption,overexposed,"internal train split, corrupted in software",same as data/brain_tumor (internal training data),fit,data/brain_tumor/glioma/Tr-gl_711.jpg
data/out_of_scope/cat1_corruption/overexposed/overexposed_0011.png,cat1_corruption,overexposed,"internal train split, corrupted in software",same as data/brain_tumor (internal training data),fit,data/brain_tumor/glioma/Te-gl_56.jpg
data/out_of_scope/cat1_corruption/overexposed/overexposed_0012.png,cat1_corruption,overexposed,"internal train split, corrupted in software",same as data/brain_tumor (internal training data),eval,data/brain_tumor/glioma/Tr-gl_1252.jpg
data/out_of_scope/cat1_corruption/overexposed/overexposed_0013.png,cat1_corruption,overexposed,"internal train split, corrupted in software",same as data/brain_tumor (internal training data),fit,data/brain_tumor/glioma/Te-gl_133.jpg
data/out_of_scope/cat1_corruption/overexposed/overexposed_0014.png,cat1_corruption,overexposed,"internal train split, corrupted in software",same as data/brain_tumor (internal training data),fit,data/brain_tumor/glioma/Tr-gl_662.jpg
data/out_of_scope/cat1_corruption/overexposed/overexposed_0015.png,cat1_corruption,overexposed,"internal train split, corrupted in software",same as data/brain_tumor (internal training data),eval,data/brain_tumor/glioma/Tr-gl_1225.jpg
data/out_of_scope/cat1_corruption/overexposed/overexposed_0016.png,cat1_corruption,overexposed,"internal train split, corrupted in software",same as data/brain_tumor (internal training data),eval,data/brain_tumor/glioma/Tr-gl_443.jpg
data/out_of_scope/cat1_corruption/overexposed/overexposed_0017.png,cat1_corruption,overexposed,"internal train split, corrupted in software",same as data/brain_tumor (internal training data),fit,data/brain_tumor/glioma/Te-gl_191.jpg
data/out_of_scope/cat1_corruption/overexposed/overexposed_0018.png,cat1_corruption,overexposed,"internal train split, corrupted in software",same as data/brain_tumor (internal training data),fit,data/brain_tumor/glioma/Te-gl_280.jpg
data/out_of_scope/cat1_corruption/overexposed/overexposed_0019.png,cat1_corruption,overexposed,"internal train split, corrupted in software",same as data/brain_tumor (internal training data),fit,data/brain_tumor/glioma/Tr-gl_114.jpg
data/out_of_scope/cat1_corruption/overexposed/overexposed_0020.png,cat1_corruption,overexposed,"internal train split, corrupted in software",same as data/brain_tumor (internal training data),fit,data/brain_tumor/glioma/Tr-gl_886.jpg
data/out_of_scope/cat1_corruption/overexposed/overexposed_0021.png,cat1_corruption,overexposed,"internal train split, corrupted in software",same as data/brain_tumor (internal training data),eval,data/brain_tumor/glioma/Te-gl_15.jpg
data/out_of_scope/cat1_corruption/overexposed/overexposed_0022.png,cat1_corruption,overexposed,"internal train split, corrupted in software",same as data/brain_tumor (internal training data),eval,data/brain_tumor/glioma/Tr-gl_964.jpg
data/out_of_scope/cat1_corruption/overexposed/overexposed_0023.png,cat1_corruption,overexposed,"internal train split, corrupted in software",same as data/brain_tumor (internal training data),eval,data/brain_tumor/glioma/Tr-gl_336.jpg
data/out_of_scope/cat1_corruption/overexposed/overexposed_0024.png,cat1_corruption,overexposed,"internal train split, corrupted in software",same as data/brain_tumor (internal training data),fit,data/brain_tumor/glioma/Tr-gl_71.jpg
data/out_of_scope/cat1_corruption/overexposed/overexposed_0025.png,cat1_corruption,overexposed,"internal train split, corrupted in software",same as data/brain_tumor (internal training data),eval,data/brain_tumor/glioma/Tr-gl_1214.jpg
data/out_of_scope/cat1_corruption/overexposed/overexposed_0026.png,cat1_corruption,overexposed,"internal train split, corrupted in software",same as data/brain_tumor (internal training data),fit,data/brain_tumor/glioma/Tr-gl_314.jpg
data/out_of_scope/cat1_corruption/overexposed/overexposed_0027.png,cat1_corruption,overexposed,"internal train split, corrupted in software",same as data/brain_tumor (internal training data),fit,data/brain_tumor/glioma/Tr-gl_992.jpg
data/out_of_scope/cat1_corruption/overexposed/overexposed_0028.png,cat1_corruption,overexposed,"internal train split, corrupted in software",same as data/brain_tumor (internal training data),eval,data/brain_tumor/glioma/Tr-gl_832.jpg
data/out_of_scope/cat1_corruption/overexposed/overexposed_0029.png,cat1_corruption,overexposed,"internal train split, corrupted in software",same as data/brain_tumor (internal training data),eval,data/brain_tumor/glioma/Tr-gl_777.jpg
data/out_of_scope/cat1_corruption/overexposed/overexposed_0030.png,cat1_corruption,overexposed,"internal train split, corrupted in software",same as data/brain_tumor (internal training data),fit,data/brain_tumor/meningioma/Tr-me_260.jpg
data/out_of_scope/cat1_corruption/overexposed/overexposed_0031.png,cat1_corruption,overexposed,"internal train split, corrupted in software",same as data/brain_tumor (internal training data),eval,data/brain_tumor/meningioma/Te-me_101.jpg
data/out_of_scope/cat1_corruption/overexposed/overexposed_0032.png,cat1_corruption,overexposed,"internal train split, corrupted in software",same as data/brain_tumor (internal training data),eval,data/brain_tumor/meningioma/Tr-me_232.jpg
data/out_of_scope/cat1_corruption/overexposed/overexposed_0033.png,cat1_corruption,overexposed,"internal train split, corrupted in software",same as data/brain_tumor (internal training data),eval,data/brain_tumor/meningioma/Tr-me_870.jpg
data/out_of_scope/cat1_corruption/overexposed/overexposed_0034.png,cat1_corruption,overexposed,"internal train split, corrupted in software",same as data/brain_tumor (internal training data),eval,data/brain_tumor/meningioma/Tr-me_1204.jpg
data/out_of_scope/cat1_corruption/overexposed/overexposed_0035.png,cat1_corruption,overexposed,"internal train split, corrupted in software",same as data/brain_tumor (internal training data),eval,data/brain_tumor/meningioma/Te-me_33.jpg
data/out_of_scope/cat1_corruption/overexposed/overexposed_0036.png,cat1_corruption,overexposed,"internal train split, corrupted in software",same as data/brain_tumor (internal training data),fit,data/brain_tumor/meningioma/Tr-me_1059.jpg
data/out_of_scope/cat1_corruption/overexposed/overexposed_0037.png,cat1_corruption,overexposed,"internal train split, corrupted in software",same as data/brain_tumor (internal training data),eval,data/brain_tumor/meningioma/Te-me_48.jpg
data/out_of_scope/cat1_corruption/overexposed/overexposed_0038.png,cat1_corruption,overexposed,"internal train split, corrupted in software",same as data/brain_tumor (internal training data),eval,data/brain_tumor/meningioma/Te-me_112.jpg
data/out_of_scope/cat1_corruption/overexposed/overexposed_0039.png,cat1_corruption,overexposed,"internal train split, corrupted in software",same as data/brain_tumor (internal training data),fit,data/brain_tumor/meningioma/Tr-me_64.jpg
data/out_of_scope/cat1_corruption/overexposed/overexposed_0040.png,cat1_corruption,overexposed,"internal train split, corrupted in software",same as data/brain_tumor (internal training data),eval,data/brain_tumor/meningioma/Te-aug-me_68.jpg
data/out_of_scope/cat1_corruption/overexposed/overexposed_0041.png,cat1_corruption,overexposed,"internal train split, corrupted in software",same as data/brain_tumor (internal training data),fit,data/brain_tumor/meningioma/Tr-me_1091.jpg
data/out_of_scope/cat1_corruption/overexposed/overexposed_0042.png,cat1_corruption,overexposed,"internal train split, corrupted in software",same as data/brain_tumor (internal training data),eval,data/brain_tumor/meningioma/Tr-me_1047.jpg
data/out_of_scope/cat1_corruption/overexposed/overexposed_0043.png,cat1_corruption,overexposed,"internal train split, corrupted in software",same as data/brain_tumor (internal training data),fit,data/brain_tumor/meningioma/Tr-me_698.jpg
data/out_of_scope/cat1_corruption/overexposed/overexposed_0044.png,cat1_corruption,overexposed,"internal train split, corrupted in software",same as data/brain_tumor (internal training data),eval,data/brain_tumor/meningioma/Tr-me_610.jpg
data/out_of_scope/cat1_corruption/overexposed/overexposed_0045.png,cat1_corruption,overexposed,"internal train split, corrupted in software",same as data/brain_tumor (internal training data),eval,data/brain_tumor/meningioma/Tr-me_403.jpg
data/out_of_scope/cat1_corruption/overexposed/overexposed_0046.png,cat1_corruption,overexposed,"internal train split, corrupted in software",same as data/brain_tumor (internal training data),eval,data/brain_tumor/meningioma/Tr-me_503.jpg
data/out_of_scope/cat1_corruption/overexposed/overexposed_0047.png,cat1_corruption,overexposed,"internal train split, corrupted in software",same as data/brain_tumor (internal training data),fit,data/brain_tumor/meningioma/Te-aug-me_50.jpg
data/out_of_scope/cat1_corruption/overexposed/overexposed_0048.png,cat1_corruption,overexposed,"internal train split, corrupted in software",same as data/brain_tumor (internal training data),eval,data/brain_tumor/meningioma/Tr-me_460.jpg
data/out_of_scope/cat1_corruption/overexposed/overexposed_0049.png,cat1_corruption,overexposed,"internal train split, corrupted in software",same as data/brain_tumor (internal training data),fit,data/brain_tumor/meningioma/Tr-me_505.jpg
data/out_of_scope/cat1_corruption/overexposed/overexposed_0050.png,cat1_corruption,overexposed,"internal train split, corrupted in software",same as data/brain_tumor (internal training data),eval,data/brain_tumor/meningioma/Tr-me_664.jpg
data/out_of_scope/cat1_corruption/overexposed/overexposed_0051.png,cat1_corruption,overexposed,"internal train split, corrupted in software",same as data/brain_tumor (internal training data),eval,data/brain_tumor/meningioma/Te-aug-me_5.jpg
data/out_of_scope/cat1_corruption/overexposed/overexposed_0052.png,cat1_corruption,overexposed,"internal train split, corrupted in software",same as data/brain_tumor (internal training data),fit,data/brain_tumor/meningioma/Tr-me_774.jpg
data/out_of_scope/cat1_corruption/overexposed/overexposed_0053.png,cat1_corruption,overexposed,"internal train split, corrupted in software",same as data/brain_tumor (internal training data),eval,data/brain_tumor/meningioma/Tr-me_306.jpg
data/out_of_scope/cat1_corruption/overexposed/overexposed_0054.png,cat1_corruption,overexposed,"internal train split, corrupted in software",same as data/brain_tumor (internal training data),fit,data/brain_tumor/meningioma/Tr-me_1296.jpg
data/out_of_scope/cat1_corruption/overexposed/overexposed_0055.png,cat1_corruption,overexposed,"internal train split, corrupted in software",same as data/brain_tumor (internal training data),fit,data/brain_tumor/meningioma/Tr-me_600.jpg
data/out_of_scope/cat1_corruption/overexposed/overexposed_0056.png,cat1_corruption,overexposed,"internal train split, corrupted in software",same as data/brain_tumor (internal training data),eval,data/brain_tumor/meningioma/Tr-me_464.jpg
data/out_of_scope/cat1_corruption/overexposed/overexposed_0057.png,cat1_corruption,overexposed,"internal train split, corrupted in software",same as data/brain_tumor (internal training data),fit,data/brain_tumor/meningioma/Tr-me_1153.jpg
data/out_of_scope/cat1_corruption/overexposed/overexposed_0058.png,cat1_corruption,overexposed,"internal train split, corrupted in software",same as data/brain_tumor (internal training data),fit,data/brain_tumor/meningioma/Tr-me_454.jpg
data/out_of_scope/cat1_corruption/overexposed/overexposed_0059.png,cat1_corruption,overexposed,"internal train split, corrupted in software",same as data/brain_tumor (internal training data),eval,data/brain_tumor/meningioma/Tr-me_819.jpg
data/out_of_scope/cat1_corruption/overexposed/overexposed_0060.png,cat1_corruption,overexposed,"internal train split, corrupted in software",same as data/brain_tumor (internal training data),fit,data/brain_tumor/pituitary/Tr-pi_422.jpg
data/out_of_scope/cat1_corruption/overexposed/overexposed_0061.png,cat1_corruption,overexposed,"internal train split, corrupted in software",same as data/brain_tumor (internal training data),eval,data/brain_tumor/pituitary/Tr-pi_353.jpg
data/out_of_scope/cat1_corruption/overexposed/overexposed_0062.png,cat1_corruption,overexposed,"internal train split, corrupted in software",same as data/brain_tumor (internal training data),eval,data/brain_tumor/pituitary/Tr-pi_515.jpg
data/out_of_scope/cat1_corruption/overexposed/overexposed_0063.png,cat1_corruption,overexposed,"internal train split, corrupted in software",same as data/brain_tumor (internal training data),fit,data/brain_tumor/pituitary/Tr-pi_561.jpg
data/out_of_scope/cat1_corruption/overexposed/overexposed_0064.png,cat1_corruption,overexposed,"internal train split, corrupted in software",same as data/brain_tumor (internal training data),eval,data/brain_tumor/pituitary/Tr-pi_1167.jpg
data/out_of_scope/cat1_corruption/overexposed/overexposed_0065.png,cat1_corruption,overexposed,"internal train split, corrupted in software",same as data/brain_tumor (internal training data),fit,data/brain_tumor/pituitary/Tr-pi_860.jpg
data/out_of_scope/cat1_corruption/overexposed/overexposed_0066.png,cat1_corruption,overexposed,"internal train split, corrupted in software",same as data/brain_tumor (internal training data),eval,data/brain_tumor/pituitary/Te-pi_20.jpg
data/out_of_scope/cat1_corruption/overexposed/overexposed_0067.png,cat1_corruption,overexposed,"internal train split, corrupted in software",same as data/brain_tumor (internal training data),fit,data/brain_tumor/pituitary/Te-pi_144.jpg
data/out_of_scope/cat1_corruption/overexposed/overexposed_0068.png,cat1_corruption,overexposed,"internal train split, corrupted in software",same as data/brain_tumor (internal training data),eval,data/brain_tumor/pituitary/Tr-pi_516.jpg
data/out_of_scope/cat1_corruption/overexposed/overexposed_0069.png,cat1_corruption,overexposed,"internal train split, corrupted in software",same as data/brain_tumor (internal training data),eval,data/brain_tumor/pituitary/Tr-pi_644.jpg
data/out_of_scope/cat1_corruption/overexposed/overexposed_0070.png,cat1_corruption,overexposed,"internal train split, corrupted in software",same as data/brain_tumor (internal training data),fit,data/brain_tumor/pituitary/Tr-pi_442.jpg
data/out_of_scope/cat1_corruption/overexposed/overexposed_0071.png,cat1_corruption,overexposed,"internal train split, corrupted in software",same as data/brain_tumor (internal training data),eval,data/brain_tumor/pituitary/Tr-pi_108.jpg
data/out_of_scope/cat1_corruption/overexposed/overexposed_0072.png,cat1_corruption,overexposed,"internal train split, corrupted in software",same as data/brain_tumor (internal training data),eval,data/brain_tumor/pituitary/Tr-pi_653.jpg
data/out_of_scope/cat1_corruption/overexposed/overexposed_0073.png,cat1_corruption,overexposed,"internal train split, corrupted in software",same as data/brain_tumor (internal training data),eval,data/brain_tumor/pituitary/Te-pi_146.jpg
data/out_of_scope/cat1_corruption/overexposed/overexposed_0074.png,cat1_corruption,overexposed,"internal train split, corrupted in software",same as data/brain_tumor (internal training data),fit,data/brain_tumor/pituitary/Tr-pi_902.jpg
data/out_of_scope/cat1_corruption/overexposed/overexposed_0075.png,cat1_corruption,overexposed,"internal train split, corrupted in software",same as data/brain_tumor (internal training data),eval,data/brain_tumor/pituitary/Tr-pi_1398.jpg
data/out_of_scope/cat1_corruption/overexposed/overexposed_0076.png,cat1_corruption,overexposed,"internal train split, corrupted in software",same as data/brain_tumor (internal training data),eval,data/brain_tumor/pituitary/Tr-pi_431.jpg
data/out_of_scope/cat1_corruption/overexposed/overexposed_0077.png,cat1_corruption,overexposed,"internal train split, corrupted in software",same as data/brain_tumor (internal training data),fit,data/brain_tumor/pituitary/Tr-pi_365.jpg
data/out_of_scope/cat1_corruption/overexposed/overexposed_0078.png,cat1_corruption,overexposed,"internal train split, corrupted in software",same as data/brain_tumor (internal training data),fit,data/brain_tumor/pituitary/Tr-pi_1151.jpg
data/out_of_scope/cat1_corruption/overexposed/overexposed_0079.png,cat1_corruption,overexposed,"internal train split, corrupted in software",same as data/brain_tumor (internal training data),eval,data/brain_tumor/pituitary/Tr-pi_525.jpg
data/out_of_scope/cat1_corruption/overexposed/overexposed_0080.png,cat1_corruption,overexposed,"internal train split, corrupted in software",same as data/brain_tumor (internal training data),fit,data/brain_tumor/pituitary/Tr-pi_877.jpg
data/out_of_scope/cat1_corruption/overexposed/overexposed_0081.png,cat1_corruption,overexposed,"internal train split, corrupted in software",same as data/brain_tumor (internal training data),fit,data/brain_tumor/pituitary/Te-pi_16.jpg
data/out_of_scope/cat1_corruption/overexposed/overexposed_0082.png,cat1_corruption,overexposed,"internal train split, corrupted in software",same as data/brain_tumor (internal training data),fit,data/brain_tumor/pituitary/Tr-pi_1213.jpg
data/out_of_scope/cat1_corruption/overexposed/overexposed_0083.png,cat1_corruption,overexposed,"internal train split, corrupted in software",same as data/brain_tumor (internal training data),eval,data/brain_tumor/pituitary/Tr-pi_906.jpg
data/out_of_scope/cat1_corruption/overexposed/overexposed_0084.png,cat1_corruption,overexposed,"internal train split, corrupted in software",same as data/brain_tumor (internal training data),fit,data/brain_tumor/pituitary/Tr-pi_1190.jpg
data/out_of_scope/cat1_corruption/overexposed/overexposed_0085.png,cat1_corruption,overexposed,"internal train split, corrupted in software",same as data/brain_tumor (internal training data),fit,data/brain_tumor/pituitary/Tr-pi_220.jpg
data/out_of_scope/cat1_corruption/overexposed/overexposed_0086.png,cat1_corruption,overexposed,"internal train split, corrupted in software",same as data/brain_tumor (internal training data),fit,data/brain_tumor/pituitary/Tr-pi_40.jpg
data/out_of_scope/cat1_corruption/overexposed/overexposed_0087.png,cat1_corruption,overexposed,"internal train split, corrupted in software",same as data/brain_tumor (internal training data),eval,data/brain_tumor/pituitary/Tr-pi_119.jpg
data/out_of_scope/cat1_corruption/overexposed/overexposed_0088.png,cat1_corruption,overexposed,"internal train split, corrupted in software",same as data/brain_tumor (internal training data),eval,data/brain_tumor/pituitary/Tr-pi_1081.jpg
data/out_of_scope/cat1_corruption/overexposed/overexposed_0089.png,cat1_corruption,overexposed,"internal train split, corrupted in software",same as data/brain_tumor (internal training data),eval,data/brain_tumor/pituitary/Tr-pi_76.jpg
data/out_of_scope/cat1_corruption/overexposed/overexposed_0090.png,cat1_corruption,overexposed,"internal train split, corrupted in software",same as data/brain_tumor (internal training data),eval,data/brain_tumor/notumor/Tr-no_547.jpg
data/out_of_scope/cat1_corruption/overexposed/overexposed_0091.png,cat1_corruption,overexposed,"internal train split, corrupted in software",same as data/brain_tumor (internal training data),fit,data/brain_tumor/notumor/Tr-no_1088.jpg
data/out_of_scope/cat1_corruption/overexposed/overexposed_0092.png,cat1_corruption,overexposed,"internal train split, corrupted in software",same as data/brain_tumor (internal training data),fit,data/brain_tumor/notumor/Te-no_14.jpg
data/out_of_scope/cat1_corruption/overexposed/overexposed_0093.png,cat1_corruption,overexposed,"internal train split, corrupted in software",same as data/brain_tumor (internal training data),eval,data/brain_tumor/notumor/Tr-no_1170.jpg
data/out_of_scope/cat1_corruption/overexposed/overexposed_0094.png,cat1_corruption,overexposed,"internal train split, corrupted in software",same as data/brain_tumor (internal training data),fit,data/brain_tumor/notumor/Tr-no_416.jpg
data/out_of_scope/cat1_corruption/overexposed/overexposed_0095.png,cat1_corruption,overexposed,"internal train split, corrupted in software",same as data/brain_tumor (internal training data),fit,data/brain_tumor/notumor/Tr-no_530.jpg
data/out_of_scope/cat1_corruption/overexposed/overexposed_0096.png,cat1_corruption,overexposed,"internal train split, corrupted in software",same as data/brain_tumor (internal training data),eval,data/brain_tumor/notumor/Te-no_212.jpg
data/out_of_scope/cat1_corruption/overexposed/overexposed_0097.png,cat1_corruption,overexposed,"internal train split, corrupted in software",same as data/brain_tumor (internal training data),fit,data/brain_tumor/notumor/Tr-no_513.jpg
data/out_of_scope/cat1_corruption/overexposed/overexposed_0098.png,cat1_corruption,overexposed,"internal train split, corrupted in software",same as data/brain_tumor (internal training data),fit,data/brain_tumor/notumor/Tr-no_660.jpg
data/out_of_scope/cat1_corruption/overexposed/overexposed_0099.png,cat1_corruption,overexposed,"internal train split, corrupted in software",same as data/brain_tumor (internal training data),eval,data/brain_tumor/notumor/Tr-no_95.jpg
data/out_of_scope/cat1_corruption/overexposed/overexposed_0100.png,cat1_corruption,overexposed,"internal train split, corrupted in software",same as data/brain_tumor (internal training data),fit,data/brain_tumor/notumor/Tr-no_178.jpg
data/out_of_scope/cat1_corruption/overexposed/overexposed_0101.png,cat1_corruption,overexposed,"internal train split, corrupted in software",same as data/brain_tumor (internal training data),fit,data/brain_tumor/notumor/Tr-no_401.jpg
data/out_of_scope/cat1_corruption/overexposed/overexposed_0102.png,cat1_corruption,overexposed,"internal train split, corrupted in software",same as data/brain_tumor (internal training data),fit,data/brain_tumor/notumor/Te-no_140.jpg
data/out_of_scope/cat1_corruption/overexposed/overexposed_0103.png,cat1_corruption,overexposed,"internal train split, corrupted in software",same as data/brain_tumor (internal training data),fit,data/brain_tumor/notumor/Tr-no_335.jpg
data/out_of_scope/cat1_corruption/overexposed/overexposed_0104.png,cat1_corruption,overexposed,"internal train split, corrupted in software",same as data/brain_tumor (internal training data),fit,data/brain_tumor/notumor/Tr-no_477.jpg
data/out_of_scope/cat1_corruption/overexposed/overexposed_0105.png,cat1_corruption,overexposed,"internal train split, corrupted in software",same as data/brain_tumor (internal training data),fit,data/brain_tumor/notumor/Tr-no_1257.jpg
data/out_of_scope/cat1_corruption/overexposed/overexposed_0106.png,cat1_corruption,overexposed,"internal train split, corrupted in software",same as data/brain_tumor (internal training data),eval,data/brain_tumor/notumor/Tr-no_624.jpg
data/out_of_scope/cat1_corruption/overexposed/overexposed_0107.png,cat1_corruption,overexposed,"internal train split, corrupted in software",same as data/brain_tumor (internal training data),fit,data/brain_tumor/notumor/Tr-no_20.jpg
data/out_of_scope/cat1_corruption/overexposed/overexposed_0108.png,cat1_corruption,overexposed,"internal train split, corrupted in software",same as data/brain_tumor (internal training data),eval,data/brain_tumor/notumor/Te-no_240.jpg
data/out_of_scope/cat1_corruption/overexposed/overexposed_0109.png,cat1_corruption,overexposed,"internal train split, corrupted in software",same as data/brain_tumor (internal training data),eval,data/brain_tumor/notumor/Tr-no_627.jpg
data/out_of_scope/cat1_corruption/overexposed/overexposed_0110.png,cat1_corruption,overexposed,"internal train split, corrupted in software",same as data/brain_tumor (internal training data),eval,data/brain_tumor/notumor/Tr-no_1220.jpg
data/out_of_scope/cat1_corruption/overexposed/overexposed_0111.png,cat1_corruption,overexposed,"internal train split, corrupted in software",same as data/brain_tumor (internal training data),eval,data/brain_tumor/notumor/Tr-no_446.jpg
data/out_of_scope/cat1_corruption/overexposed/overexposed_0112.png,cat1_corruption,overexposed,"internal train split, corrupted in software",same as data/brain_tumor (internal training data),fit,data/brain_tumor/notumor/Tr-no_378.jpg
data/out_of_scope/cat1_corruption/overexposed/overexposed_0113.png,cat1_corruption,overexposed,"internal train split, corrupted in software",same as data/brain_tumor (internal training data),fit,data/brain_tumor/notumor/Tr-no_596.jpg
data/out_of_scope/cat1_corruption/overexposed/overexposed_0114.png,cat1_corruption,overexposed,"internal train split, corrupted in software",same as data/brain_tumor (internal training data),fit,data/brain_tumor/notumor/Te-no_223.jpg
data/out_of_scope/cat1_corruption/overexposed/overexposed_0115.png,cat1_corruption,overexposed,"internal train split, corrupted in software",same as data/brain_tumor (internal training data),eval,data/brain_tumor/notumor/Te-no_105.jpg
data/out_of_scope/cat1_corruption/overexposed/overexposed_0116.png,cat1_corruption,overexposed,"internal train split, corrupted in software",same as data/brain_tumor (internal training data),fit,data/brain_tumor/notumor/Tr-no_351.jpg
data/out_of_scope/cat1_corruption/overexposed/overexposed_0117.png,cat1_corruption,overexposed,"internal train split, corrupted in software",same as data/brain_tumor (internal training data),eval,data/brain_tumor/notumor/Tr-no_966.jpg
data/out_of_scope/cat1_corruption/overexposed/overexposed_0118.png,cat1_corruption,overexposed,"internal train split, corrupted in software",same as data/brain_tumor (internal training data),fit,data/brain_tumor/notumor/Tr-no_1284.jpg
data/out_of_scope/cat1_corruption/overexposed/overexposed_0119.png,cat1_corruption,overexposed,"internal train split, corrupted in software",same as data/brain_tumor (internal training data),fit,data/brain_tumor/notumor/Tr-no_319.jpg
data/out_of_scope/cat1_corruption/corner_crop/corner_crop_0000.png,cat1_corruption,corner_crop,"internal train split, corrupted in software",same as data/brain_tumor (internal training data),eval,data/brain_tumor/glioma/Tr-gl_488.jpg
data/out_of_scope/cat1_corruption/corner_crop/corner_crop_0001.png,cat1_corruption,corner_crop,"internal train split, corrupted in software",same as data/brain_tumor (internal training data),fit,data/brain_tumor/glioma/Te-gl_224.jpg
data/out_of_scope/cat1_corruption/corner_crop/corner_crop_0002.png,cat1_corruption,corner_crop,"internal train split, corrupted in software",same as data/brain_tumor (internal training data),fit,data/brain_tumor/glioma/Tr-gl_946.jpg
data/out_of_scope/cat1_corruption/corner_crop/corner_crop_0003.png,cat1_corruption,corner_crop,"internal train split, corrupted in software",same as data/brain_tumor (internal training data),fit,data/brain_tumor/glioma/Tr-gl_1024.jpg
data/out_of_scope/cat1_corruption/corner_crop/corner_crop_0004.png,cat1_corruption,corner_crop,"internal train split, corrupted in software",same as data/brain_tumor (internal training data),eval,data/brain_tumor/glioma/Tr-gl_193.jpg
data/out_of_scope/cat1_corruption/corner_crop/corner_crop_0005.png,cat1_corruption,corner_crop,"internal train split, corrupted in software",same as data/brain_tumor (internal training data),eval,data/brain_tumor/glioma/Tr-gl_6.jpg
data/out_of_scope/cat1_corruption/corner_crop/corner_crop_0006.png,cat1_corruption,corner_crop,"internal train split, corrupted in software",same as data/brain_tumor (internal training data),fit,data/brain_tumor/glioma/Tr-gl_1120.jpg
data/out_of_scope/cat1_corruption/corner_crop/corner_crop_0007.png,cat1_corruption,corner_crop,"internal train split, corrupted in software",same as data/brain_tumor (internal training data),eval,data/brain_tumor/glioma/Te-gl_131.jpg
data/out_of_scope/cat1_corruption/corner_crop/corner_crop_0008.png,cat1_corruption,corner_crop,"internal train split, corrupted in software",same as data/brain_tumor (internal training data),eval,data/brain_tumor/glioma/Tr-gl_1052.jpg
data/out_of_scope/cat1_corruption/corner_crop/corner_crop_0009.png,cat1_corruption,corner_crop,"internal train split, corrupted in software",same as data/brain_tumor (internal training data),eval,data/brain_tumor/glioma/Tr-gl_574.jpg
data/out_of_scope/cat1_corruption/corner_crop/corner_crop_0010.png,cat1_corruption,corner_crop,"internal train split, corrupted in software",same as data/brain_tumor (internal training data),fit,data/brain_tumor/glioma/Tr-gl_711.jpg
data/out_of_scope/cat1_corruption/corner_crop/corner_crop_0011.png,cat1_corruption,corner_crop,"internal train split, corrupted in software",same as data/brain_tumor (internal training data),fit,data/brain_tumor/glioma/Te-gl_56.jpg
data/out_of_scope/cat1_corruption/corner_crop/corner_crop_0012.png,cat1_corruption,corner_crop,"internal train split, corrupted in software",same as data/brain_tumor (internal training data),eval,data/brain_tumor/glioma/Tr-gl_1252.jpg
data/out_of_scope/cat1_corruption/corner_crop/corner_crop_0013.png,cat1_corruption,corner_crop,"internal train split, corrupted in software",same as data/brain_tumor (internal training data),fit,data/brain_tumor/glioma/Te-gl_133.jpg
data/out_of_scope/cat1_corruption/corner_crop/corner_crop_0014.png,cat1_corruption,corner_crop,"internal train split, corrupted in software",same as data/brain_tumor (internal training data),fit,data/brain_tumor/glioma/Tr-gl_662.jpg
data/out_of_scope/cat1_corruption/corner_crop/corner_crop_0015.png,cat1_corruption,corner_crop,"internal train split, corrupted in software",same as data/brain_tumor (internal training data),eval,data/brain_tumor/glioma/Tr-gl_1225.jpg
data/out_of_scope/cat1_corruption/corner_crop/corner_crop_0016.png,cat1_corruption,corner_crop,"internal train split, corrupted in software",same as data/brain_tumor (internal training data),eval,data/brain_tumor/glioma/Tr-gl_443.jpg
data/out_of_scope/cat1_corruption/corner_crop/corner_crop_0017.png,cat1_corruption,corner_crop,"internal train split, corrupted in software",same as data/brain_tumor (internal training data),fit,data/brain_tumor/glioma/Te-gl_191.jpg
data/out_of_scope/cat1_corruption/corner_crop/corner_crop_0018.png,cat1_corruption,corner_crop,"internal train split, corrupted in software",same as data/brain_tumor (internal training data),fit,data/brain_tumor/glioma/Te-gl_280.jpg
data/out_of_scope/cat1_corruption/corner_crop/corner_crop_0019.png,cat1_corruption,corner_crop,"internal train split, corrupted in software",same as data/brain_tumor (internal training data),fit,data/brain_tumor/glioma/Tr-gl_114.jpg
data/out_of_scope/cat1_corruption/corner_crop/corner_crop_0020.png,cat1_corruption,corner_crop,"internal train split, corrupted in software",same as data/brain_tumor (internal training data),fit,data/brain_tumor/glioma/Tr-gl_886.jpg
data/out_of_scope/cat1_corruption/corner_crop/corner_crop_0021.png,cat1_corruption,corner_crop,"internal train split, corrupted in software",same as data/brain_tumor (internal training data),eval,data/brain_tumor/glioma/Te-gl_15.jpg
data/out_of_scope/cat1_corruption/corner_crop/corner_crop_0022.png,cat1_corruption,corner_crop,"internal train split, corrupted in software",same as data/brain_tumor (internal training data),eval,data/brain_tumor/glioma/Tr-gl_964.jpg
data/out_of_scope/cat1_corruption/corner_crop/corner_crop_0023.png,cat1_corruption,corner_crop,"internal train split, corrupted in software",same as data/brain_tumor (internal training data),eval,data/brain_tumor/glioma/Tr-gl_336.jpg
data/out_of_scope/cat1_corruption/corner_crop/corner_crop_0024.png,cat1_corruption,corner_crop,"internal train split, corrupted in software",same as data/brain_tumor (internal training data),fit,data/brain_tumor/glioma/Tr-gl_71.jpg
data/out_of_scope/cat1_corruption/corner_crop/corner_crop_0025.png,cat1_corruption,corner_crop,"internal train split, corrupted in software",same as data/brain_tumor (internal training data),eval,data/brain_tumor/glioma/Tr-gl_1214.jpg
data/out_of_scope/cat1_corruption/corner_crop/corner_crop_0026.png,cat1_corruption,corner_crop,"internal train split, corrupted in software",same as data/brain_tumor (internal training data),fit,data/brain_tumor/glioma/Tr-gl_314.jpg
data/out_of_scope/cat1_corruption/corner_crop/corner_crop_0027.png,cat1_corruption,corner_crop,"internal train split, corrupted in software",same as data/brain_tumor (internal training data),fit,data/brain_tumor/glioma/Tr-gl_992.jpg
data/out_of_scope/cat1_corruption/corner_crop/corner_crop_0028.png,cat1_corruption,corner_crop,"internal train split, corrupted in software",same as data/brain_tumor (internal training data),eval,data/brain_tumor/glioma/Tr-gl_832.jpg
data/out_of_scope/cat1_corruption/corner_crop/corner_crop_0029.png,cat1_corruption,corner_crop,"internal train split, corrupted in software",same as data/brain_tumor (internal training data),eval,data/brain_tumor/glioma/Tr-gl_777.jpg
data/out_of_scope/cat1_corruption/corner_crop/corner_crop_0030.png,cat1_corruption,corner_crop,"internal train split, corrupted in software",same as data/brain_tumor (internal training data),fit,data/brain_tumor/meningioma/Tr-me_260.jpg
data/out_of_scope/cat1_corruption/corner_crop/corner_crop_0031.png,cat1_corruption,corner_crop,"internal train split, corrupted in software",same as data/brain_tumor (internal training data),eval,data/brain_tumor/meningioma/Te-me_101.jpg
data/out_of_scope/cat1_corruption/corner_crop/corner_crop_0032.png,cat1_corruption,corner_crop,"internal train split, corrupted in software",same as data/brain_tumor (internal training data),eval,data/brain_tumor/meningioma/Tr-me_232.jpg
data/out_of_scope/cat1_corruption/corner_crop/corner_crop_0033.png,cat1_corruption,corner_crop,"internal train split, corrupted in software",same as data/brain_tumor (internal training data),eval,data/brain_tumor/meningioma/Tr-me_870.jpg
data/out_of_scope/cat1_corruption/corner_crop/corner_crop_0034.png,cat1_corruption,corner_crop,"internal train split, corrupted in software",same as data/brain_tumor (internal training data),eval,data/brain_tumor/meningioma/Tr-me_1204.jpg
data/out_of_scope/cat1_corruption/corner_crop/corner_crop_0035.png,cat1_corruption,corner_crop,"internal train split, corrupted in software",same as data/brain_tumor (internal training data),eval,data/brain_tumor/meningioma/Te-me_33.jpg
data/out_of_scope/cat1_corruption/corner_crop/corner_crop_0036.png,cat1_corruption,corner_crop,"internal train split, corrupted in software",same as data/brain_tumor (internal training data),fit,data/brain_tumor/meningioma/Tr-me_1059.jpg
data/out_of_scope/cat1_corruption/corner_crop/corner_crop_0037.png,cat1_corruption,corner_crop,"internal train split, corrupted in software",same as data/brain_tumor (internal training data),eval,data/brain_tumor/meningioma/Te-me_48.jpg
data/out_of_scope/cat1_corruption/corner_crop/corner_crop_0038.png,cat1_corruption,corner_crop,"internal train split, corrupted in software",same as data/brain_tumor (internal training data),eval,data/brain_tumor/meningioma/Te-me_112.jpg
data/out_of_scope/cat1_corruption/corner_crop/corner_crop_0039.png,cat1_corruption,corner_crop,"internal train split, corrupted in software",same as data/brain_tumor (internal training data),fit,data/brain_tumor/meningioma/Tr-me_64.jpg
data/out_of_scope/cat1_corruption/corner_crop/corner_crop_0040.png,cat1_corruption,corner_crop,"internal train split, corrupted in software",same as data/brain_tumor (internal training data),eval,data/brain_tumor/meningioma/Te-aug-me_68.jpg
data/out_of_scope/cat1_corruption/corner_crop/corner_crop_0041.png,cat1_corruption,corner_crop,"internal train split, corrupted in software",same as data/brain_tumor (internal training data),fit,data/brain_tumor/meningioma/Tr-me_1091.jpg
data/out_of_scope/cat1_corruption/corner_crop/corner_crop_0042.png,cat1_corruption,corner_crop,"internal train split, corrupted in software",same as data/brain_tumor (internal training data),eval,data/brain_tumor/meningioma/Tr-me_1047.jpg
data/out_of_scope/cat1_corruption/corner_crop/corner_crop_0043.png,cat1_corruption,corner_crop,"internal train split, corrupted in software",same as data/brain_tumor (internal training data),fit,data/brain_tumor/meningioma/Tr-me_698.jpg
data/out_of_scope/cat1_corruption/corner_crop/corner_crop_0044.png,cat1_corruption,corner_crop,"internal train split, corrupted in software",same as data/brain_tumor (internal training data),eval,data/brain_tumor/meningioma/Tr-me_610.jpg
data/out_of_scope/cat1_corruption/corner_crop/corner_crop_0045.png,cat1_corruption,corner_crop,"internal train split, corrupted in software",same as data/brain_tumor (internal training data),eval,data/brain_tumor/meningioma/Tr-me_403.jpg
data/out_of_scope/cat1_corruption/corner_crop/corner_crop_0046.png,cat1_corruption,corner_crop,"internal train split, corrupted in software",same as data/brain_tumor (internal training data),eval,data/brain_tumor/meningioma/Tr-me_503.jpg
data/out_of_scope/cat1_corruption/corner_crop/corner_crop_0047.png,cat1_corruption,corner_crop,"internal train split, corrupted in software",same as data/brain_tumor (internal training data),fit,data/brain_tumor/meningioma/Te-aug-me_50.jpg
data/out_of_scope/cat1_corruption/corner_crop/corner_crop_0048.png,cat1_corruption,corner_crop,"internal train split, corrupted in software",same as data/brain_tumor (internal training data),eval,data/brain_tumor/meningioma/Tr-me_460.jpg
data/out_of_scope/cat1_corruption/corner_crop/corner_crop_0049.png,cat1_corruption,corner_crop,"internal train split, corrupted in software",same as data/brain_tumor (internal training data),fit,data/brain_tumor/meningioma/Tr-me_505.jpg
data/out_of_scope/cat1_corruption/corner_crop/corner_crop_0050.png,cat1_corruption,corner_crop,"internal train split, corrupted in software",same as data/brain_tumor (internal training data),eval,data/brain_tumor/meningioma/Tr-me_664.jpg
data/out_of_scope/cat1_corruption/corner_crop/corner_crop_0051.png,cat1_corruption,corner_crop,"internal train split, corrupted in software",same as data/brain_tumor (internal training data),eval,data/brain_tumor/meningioma/Te-aug-me_5.jpg
data/out_of_scope/cat1_corruption/corner_crop/corner_crop_0052.png,cat1_corruption,corner_crop,"internal train split, corrupted in software",same as data/brain_tumor (internal training data),fit,data/brain_tumor/meningioma/Tr-me_774.jpg
data/out_of_scope/cat1_corruption/corner_crop/corner_crop_0053.png,cat1_corruption,corner_crop,"internal train split, corrupted in software",same as data/brain_tumor (internal training data),eval,data/brain_tumor/meningioma/Tr-me_306.jpg
data/out_of_scope/cat1_corruption/corner_crop/corner_crop_0054.png,cat1_corruption,corner_crop,"internal train split, corrupted in software",same as data/brain_tumor (internal training data),fit,data/brain_tumor/meningioma/Tr-me_1296.jpg
data/out_of_scope/cat1_corruption/corner_crop/corner_crop_0055.png,cat1_corruption,corner_crop,"internal train split, corrupted in software",same as data/brain_tumor (internal training data),fit,data/brain_tumor/meningioma/Tr-me_600.jpg
data/out_of_scope/cat1_corruption/corner_crop/corner_crop_0056.png,cat1_corruption,corner_crop,"internal train split, corrupted in software",same as data/brain_tumor (internal training data),eval,data/brain_tumor/meningioma/Tr-me_464.jpg
data/out_of_scope/cat1_corruption/corner_crop/corner_crop_0057.png,cat1_corruption,corner_crop,"internal train split, corrupted in software",same as data/brain_tumor (internal training data),fit,data/brain_tumor/meningioma/Tr-me_1153.jpg
data/out_of_scope/cat1_corruption/corner_crop/corner_crop_0058.png,cat1_corruption,corner_crop,"internal train split, corrupted in software",same as data/brain_tumor (internal training data),fit,data/brain_tumor/meningioma/Tr-me_454.jpg
data/out_of_scope/cat1_corruption/corner_crop/corner_crop_0059.png,cat1_corruption,corner_crop,"internal train split, corrupted in software",same as data/brain_tumor (internal training data),eval,data/brain_tumor/meningioma/Tr-me_819.jpg
data/out_of_scope/cat1_corruption/corner_crop/corner_crop_0060.png,cat1_corruption,corner_crop,"internal train split, corrupted in software",same as data/brain_tumor (internal training data),fit,data/brain_tumor/pituitary/Tr-pi_422.jpg
data/out_of_scope/cat1_corruption/corner_crop/corner_crop_0061.png,cat1_corruption,corner_crop,"internal train split, corrupted in software",same as data/brain_tumor (internal training data),eval,data/brain_tumor/pituitary/Tr-pi_353.jpg
data/out_of_scope/cat1_corruption/corner_crop/corner_crop_0062.png,cat1_corruption,corner_crop,"internal train split, corrupted in software",same as data/brain_tumor (internal training data),eval,data/brain_tumor/pituitary/Tr-pi_515.jpg
data/out_of_scope/cat1_corruption/corner_crop/corner_crop_0063.png,cat1_corruption,corner_crop,"internal train split, corrupted in software",same as data/brain_tumor (internal training data),fit,data/brain_tumor/pituitary/Tr-pi_561.jpg
data/out_of_scope/cat1_corruption/corner_crop/corner_crop_0064.png,cat1_corruption,corner_crop,"internal train split, corrupted in software",same as data/brain_tumor (internal training data),eval,data/brain_tumor/pituitary/Tr-pi_1167.jpg
data/out_of_scope/cat1_corruption/corner_crop/corner_crop_0065.png,cat1_corruption,corner_crop,"internal train split, corrupted in software",same as data/brain_tumor (internal training data),fit,data/brain_tumor/pituitary/Tr-pi_860.jpg
data/out_of_scope/cat1_corruption/corner_crop/corner_crop_0066.png,cat1_corruption,corner_crop,"internal train split, corrupted in software",same as data/brain_tumor (internal training data),eval,data/brain_tumor/pituitary/Te-pi_20.jpg
data/out_of_scope/cat1_corruption/corner_crop/corner_crop_0067.png,cat1_corruption,corner_crop,"internal train split, corrupted in software",same as data/brain_tumor (internal training data),fit,data/brain_tumor/pituitary/Te-pi_144.jpg
data/out_of_scope/cat1_corruption/corner_crop/corner_crop_0068.png,cat1_corruption,corner_crop,"internal train split, corrupted in software",same as data/brain_tumor (internal training data),eval,data/brain_tumor/pituitary/Tr-pi_516.jpg
data/out_of_scope/cat1_corruption/corner_crop/corner_crop_0069.png,cat1_corruption,corner_crop,"internal train split, corrupted in software",same as data/brain_tumor (internal training data),eval,data/brain_tumor/pituitary/Tr-pi_644.jpg
data/out_of_scope/cat1_corruption/corner_crop/corner_crop_0070.png,cat1_corruption,corner_crop,"internal train split, corrupted in software",same as data/brain_tumor (internal training data),fit,data/brain_tumor/pituitary/Tr-pi_442.jpg
data/out_of_scope/cat1_corruption/corner_crop/corner_crop_0071.png,cat1_corruption,corner_crop,"internal train split, corrupted in software",same as data/brain_tumor (internal training data),eval,data/brain_tumor/pituitary/Tr-pi_108.jpg
data/out_of_scope/cat1_corruption/corner_crop/corner_crop_0072.png,cat1_corruption,corner_crop,"internal train split, corrupted in software",same as data/brain_tumor (internal training data),eval,data/brain_tumor/pituitary/Tr-pi_653.jpg
data/out_of_scope/cat1_corruption/corner_crop/corner_crop_0073.png,cat1_corruption,corner_crop,"internal train split, corrupted in software",same as data/brain_tumor (internal training data),eval,data/brain_tumor/pituitary/Te-pi_146.jpg
data/out_of_scope/cat1_corruption/corner_crop/corner_crop_0074.png,cat1_corruption,corner_crop,"internal train split, corrupted in software",same as data/brain_tumor (internal training data),fit,data/brain_tumor/pituitary/Tr-pi_902.jpg
data/out_of_scope/cat1_corruption/corner_crop/corner_crop_0075.png,cat1_corruption,corner_crop,"internal train split, corrupted in software",same as data/brain_tumor (internal training data),eval,data/brain_tumor/pituitary/Tr-pi_1398.jpg
data/out_of_scope/cat1_corruption/corner_crop/corner_crop_0076.png,cat1_corruption,corner_crop,"internal train split, corrupted in software",same as data/brain_tumor (internal training data),eval,data/brain_tumor/pituitary/Tr-pi_431.jpg
data/out_of_scope/cat1_corruption/corner_crop/corner_crop_0077.png,cat1_corruption,corner_crop,"internal train split, corrupted in software",same as data/brain_tumor (internal training data),fit,data/brain_tumor/pituitary/Tr-pi_365.jpg
data/out_of_scope/cat1_corruption/corner_crop/corner_crop_0078.png,cat1_corruption,corner_crop,"internal train split, corrupted in software",same as data/brain_tumor (internal training data),fit,data/brain_tumor/pituitary/Tr-pi_1151.jpg
data/out_of_scope/cat1_corruption/corner_crop/corner_crop_0079.png,cat1_corruption,corner_crop,"internal train split, corrupted in software",same as data/brain_tumor (internal training data),eval,data/brain_tumor/pituitary/Tr-pi_525.jpg
data/out_of_scope/cat1_corruption/corner_crop/corner_crop_0080.png,cat1_corruption,corner_crop,"internal train split, corrupted in software",same as data/brain_tumor (internal training data),fit,data/brain_tumor/pituitary/Tr-pi_877.jpg
data/out_of_scope/cat1_corruption/corner_crop/corner_crop_0081.png,cat1_corruption,corner_crop,"internal train split, corrupted in software",same as data/brain_tumor (internal training data),fit,data/brain_tumor/pituitary/Te-pi_16.jpg
data/out_of_scope/cat1_corruption/corner_crop/corner_crop_0082.png,cat1_corruption,corner_crop,"internal train split, corrupted in software",same as data/brain_tumor (internal training data),fit,data/brain_tumor/pituitary/Tr-pi_1213.jpg
data/out_of_scope/cat1_corruption/corner_crop/corner_crop_0083.png,cat1_corruption,corner_crop,"internal train split, corrupted in software",same as data/brain_tumor (internal training data),eval,data/brain_tumor/pituitary/Tr-pi_906.jpg
data/out_of_scope/cat1_corruption/corner_crop/corner_crop_0084.png,cat1_corruption,corner_crop,"internal train split, corrupted in software",same as data/brain_tumor (internal training data),fit,data/brain_tumor/pituitary/Tr-pi_1190.jpg
data/out_of_scope/cat1_corruption/corner_crop/corner_crop_0085.png,cat1_corruption,corner_crop,"internal train split, corrupted in software",same as data/brain_tumor (internal training data),fit,data/brain_tumor/pituitary/Tr-pi_220.jpg
data/out_of_scope/cat1_corruption/corner_crop/corner_crop_0086.png,cat1_corruption,corner_crop,"internal train split, corrupted in software",same as data/brain_tumor (internal training data),fit,data/brain_tumor/pituitary/Tr-pi_40.jpg
data/out_of_scope/cat1_corruption/corner_crop/corner_crop_0087.png,cat1_corruption,corner_crop,"internal train split, corrupted in software",same as data/brain_tumor (internal training data),eval,data/brain_tumor/pituitary/Tr-pi_119.jpg
data/out_of_scope/cat1_corruption/corner_crop/corner_crop_0088.png,cat1_corruption,corner_crop,"internal train split, corrupted in software",same as data/brain_tumor (internal training data),eval,data/brain_tumor/pituitary/Tr-pi_1081.jpg
data/out_of_scope/cat1_corruption/corner_crop/corner_crop_0089.png,cat1_corruption,corner_crop,"internal train split, corrupted in software",same as data/brain_tumor (internal training data),eval,data/brain_tumor/pituitary/Tr-pi_76.jpg
data/out_of_scope/cat1_corruption/corner_crop/corner_crop_0090.png,cat1_corruption,corner_crop,"internal train split, corrupted in software",same as data/brain_tumor (internal training data),eval,data/brain_tumor/notumor/Tr-no_547.jpg
data/out_of_scope/cat1_corruption/corner_crop/corner_crop_0091.png,cat1_corruption,corner_crop,"internal train split, corrupted in software",same as data/brain_tumor (internal training data),fit,data/brain_tumor/notumor/Tr-no_1088.jpg
data/out_of_scope/cat1_corruption/corner_crop/corner_crop_0092.png,cat1_corruption,corner_crop,"internal train split, corrupted in software",same as data/brain_tumor (internal training data),fit,data/brain_tumor/notumor/Te-no_14.jpg
data/out_of_scope/cat1_corruption/corner_crop/corner_crop_0093.png,cat1_corruption,corner_crop,"internal train split, corrupted in software",same as data/brain_tumor (internal training data),eval,data/brain_tumor/notumor/Tr-no_1170.jpg
data/out_of_scope/cat1_corruption/corner_crop/corner_crop_0094.png,cat1_corruption,corner_crop,"internal train split, corrupted in software",same as data/brain_tumor (internal training data),fit,data/brain_tumor/notumor/Tr-no_416.jpg
data/out_of_scope/cat1_corruption/corner_crop/corner_crop_0095.png,cat1_corruption,corner_crop,"internal train split, corrupted in software",same as data/brain_tumor (internal training data),fit,data/brain_tumor/notumor/Tr-no_530.jpg
data/out_of_scope/cat1_corruption/corner_crop/corner_crop_0096.png,cat1_corruption,corner_crop,"internal train split, corrupted in software",same as data/brain_tumor (internal training data),eval,data/brain_tumor/notumor/Te-no_212.jpg
data/out_of_scope/cat1_corruption/corner_crop/corner_crop_0097.png,cat1_corruption,corner_crop,"internal train split, corrupted in software",same as data/brain_tumor (internal training data),fit,data/brain_tumor/notumor/Tr-no_513.jpg
data/out_of_scope/cat1_corruption/corner_crop/corner_crop_0098.png,cat1_corruption,corner_crop,"internal train split, corrupted in software",same as data/brain_tumor (internal training data),fit,data/brain_tumor/notumor/Tr-no_660.jpg
data/out_of_scope/cat1_corruption/corner_crop/corner_crop_0099.png,cat1_corruption,corner_crop,"internal train split, corrupted in software",same as data/brain_tumor (internal training data),eval,data/brain_tumor/notumor/Tr-no_95.jpg
data/out_of_scope/cat1_corruption/corner_crop/corner_crop_0100.png,cat1_corruption,corner_crop,"internal train split, corrupted in software",same as data/brain_tumor (internal training data),fit,data/brain_tumor/notumor/Tr-no_178.jpg
data/out_of_scope/cat1_corruption/corner_crop/corner_crop_0101.png,cat1_corruption,corner_crop,"internal train split, corrupted in software",same as data/brain_tumor (internal training data),fit,data/brain_tumor/notumor/Tr-no_401.jpg
data/out_of_scope/cat1_corruption/corner_crop/corner_crop_0102.png,cat1_corruption,corner_crop,"internal train split, corrupted in software",same as data/brain_tumor (internal training data),fit,data/brain_tumor/notumor/Te-no_140.jpg
data/out_of_scope/cat1_corruption/corner_crop/corner_crop_0103.png,cat1_corruption,corner_crop,"internal train split, corrupted in software",same as data/brain_tumor (internal training data),fit,data/brain_tumor/notumor/Tr-no_335.jpg
data/out_of_scope/cat1_corruption/corner_crop/corner_crop_0104.png,cat1_corruption,corner_crop,"internal train split, corrupted in software",same as data/brain_tumor (internal training data),fit,data/brain_tumor/notumor/Tr-no_477.jpg
data/out_of_scope/cat1_corruption/corner_crop/corner_crop_0105.png,cat1_corruption,corner_crop,"internal train split, corrupted in software",same as data/brain_tumor (internal training data),fit,data/brain_tumor/notumor/Tr-no_1257.jpg
data/out_of_scope/cat1_corruption/corner_crop/corner_crop_0106.png,cat1_corruption,corner_crop,"internal train split, corrupted in software",same as data/brain_tumor (internal training data),eval,data/brain_tumor/notumor/Tr-no_624.jpg
data/out_of_scope/cat1_corruption/corner_crop/corner_crop_0107.png,cat1_corruption,corner_crop,"internal train split, corrupted in software",same as data/brain_tumor (internal training data),fit,data/brain_tumor/notumor/Tr-no_20.jpg
data/out_of_scope/cat1_corruption/corner_crop/corner_crop_0108.png,cat1_corruption,corner_crop,"internal train split, corrupted in software",same as data/brain_tumor (internal training data),eval,data/brain_tumor/notumor/Te-no_240.jpg
data/out_of_scope/cat1_corruption/corner_crop/corner_crop_0109.png,cat1_corruption,corner_crop,"internal train split, corrupted in software",same as data/brain_tumor (internal training data),eval,data/brain_tumor/notumor/Tr-no_627.jpg
data/out_of_scope/cat1_corruption/corner_crop/corner_crop_0110.png,cat1_corruption,corner_crop,"internal train split, corrupted in software",same as data/brain_tumor (internal training data),eval,data/brain_tumor/notumor/Tr-no_1220.jpg
data/out_of_scope/cat1_corruption/corner_crop/corner_crop_0111.png,cat1_corruption,corner_crop,"internal train split, corrupted in software",same as data/brain_tumor (internal training data),eval,data/brain_tumor/notumor/Tr-no_446.jpg
data/out_of_scope/cat1_corruption/corner_crop/corner_crop_0112.png,cat1_corruption,corner_crop,"internal train split, corrupted in software",same as data/brain_tumor (internal training data),fit,data/brain_tumor/notumor/Tr-no_378.jpg
data/out_of_scope/cat1_corruption/corner_crop/corner_crop_0113.png,cat1_corruption,corner_crop,"internal train split, corrupted in software",same as data/brain_tumor (internal training data),fit,data/brain_tumor/notumor/Tr-no_596.jpg
data/out_of_scope/cat1_corruption/corner_crop/corner_crop_0114.png,cat1_corruption,corner_crop,"internal train split, corrupted in software",same as data/brain_tumor (internal training data),fit,data/brain_tumor/notumor/Te-no_223.jpg
data/out_of_scope/cat1_corruption/corner_crop/corner_crop_0115.png,cat1_corruption,corner_crop,"internal train split, corrupted in software",same as data/brain_tumor (internal training data),eval,data/brain_tumor/notumor/Te-no_105.jpg
data/out_of_scope/cat1_corruption/corner_crop/corner_crop_0116.png,cat1_corruption,corner_crop,"internal train split, corrupted in software",same as data/brain_tumor (internal training data),fit,data/brain_tumor/notumor/Tr-no_351.jpg
data/out_of_scope/cat1_corruption/corner_crop/corner_crop_0117.png,cat1_corruption,corner_crop,"internal train split, corrupted in software",same as data/brain_tumor (internal training data),eval,data/brain_tumor/notumor/Tr-no_966.jpg
data/out_of_scope/cat1_corruption/corner_crop/corner_crop_0118.png,cat1_corruption,corner_crop,"internal train split, corrupted in software",same as data/brain_tumor (internal training data),fit,data/brain_tumor/notumor/Tr-no_1284.jpg
data/out_of_scope/cat1_corruption/corner_crop/corner_crop_0119.png,cat1_corruption,corner_crop,"internal train split, corrupted in software",same as data/brain_tumor (internal training data),fit,data/brain_tumor/notumor/Tr-no_319.jpg
data/out_of_scope/cat1_corruption/rotated_90/rotated_90_0000.png,cat1_corruption,rotated_90,"internal train split, corrupted in software",same as data/brain_tumor (internal training data),eval,data/brain_tumor/glioma/Tr-gl_488.jpg
data/out_of_scope/cat1_corruption/rotated_90/rotated_90_0001.png,cat1_corruption,rotated_90,"internal train split, corrupted in software",same as data/brain_tumor (internal training data),fit,data/brain_tumor/glioma/Te-gl_224.jpg
data/out_of_scope/cat1_corruption/rotated_90/rotated_90_0002.png,cat1_corruption,rotated_90,"internal train split, corrupted in software",same as data/brain_tumor (internal training data),fit,data/brain_tumor/glioma/Tr-gl_946.jpg
data/out_of_scope/cat1_corruption/rotated_90/rotated_90_0003.png,cat1_corruption,rotated_90,"internal train split, corrupted in software",same as data/brain_tumor (internal training data),fit,data/brain_tumor/glioma/Tr-gl_1024.jpg
data/out_of_scope/cat1_corruption/rotated_90/rotated_90_0004.png,cat1_corruption,rotated_90,"internal train split, corrupted in software",same as data/brain_tumor (internal training data),eval,data/brain_tumor/glioma/Tr-gl_193.jpg
data/out_of_scope/cat1_corruption/rotated_90/rotated_90_0005.png,cat1_corruption,rotated_90,"internal train split, corrupted in software",same as data/brain_tumor (internal training data),eval,data/brain_tumor/glioma/Tr-gl_6.jpg
data/out_of_scope/cat1_corruption/rotated_90/rotated_90_0006.png,cat1_corruption,rotated_90,"internal train split, corrupted in software",same as data/brain_tumor (internal training data),fit,data/brain_tumor/glioma/Tr-gl_1120.jpg
data/out_of_scope/cat1_corruption/rotated_90/rotated_90_0007.png,cat1_corruption,rotated_90,"internal train split, corrupted in software",same as data/brain_tumor (internal training data),eval,data/brain_tumor/glioma/Te-gl_131.jpg
data/out_of_scope/cat1_corruption/rotated_90/rotated_90_0008.png,cat1_corruption,rotated_90,"internal train split, corrupted in software",same as data/brain_tumor (internal training data),eval,data/brain_tumor/glioma/Tr-gl_1052.jpg
data/out_of_scope/cat1_corruption/rotated_90/rotated_90_0009.png,cat1_corruption,rotated_90,"internal train split, corrupted in software",same as data/brain_tumor (internal training data),eval,data/brain_tumor/glioma/Tr-gl_574.jpg
data/out_of_scope/cat1_corruption/rotated_90/rotated_90_0010.png,cat1_corruption,rotated_90,"internal train split, corrupted in software",same as data/brain_tumor (internal training data),fit,data/brain_tumor/glioma/Tr-gl_711.jpg
data/out_of_scope/cat1_corruption/rotated_90/rotated_90_0011.png,cat1_corruption,rotated_90,"internal train split, corrupted in software",same as data/brain_tumor (internal training data),fit,data/brain_tumor/glioma/Te-gl_56.jpg
data/out_of_scope/cat1_corruption/rotated_90/rotated_90_0012.png,cat1_corruption,rotated_90,"internal train split, corrupted in software",same as data/brain_tumor (internal training data),eval,data/brain_tumor/glioma/Tr-gl_1252.jpg
data/out_of_scope/cat1_corruption/rotated_90/rotated_90_0013.png,cat1_corruption,rotated_90,"internal train split, corrupted in software",same as data/brain_tumor (internal training data),fit,data/brain_tumor/glioma/Te-gl_133.jpg
data/out_of_scope/cat1_corruption/rotated_90/rotated_90_0014.png,cat1_corruption,rotated_90,"internal train split, corrupted in software",same as data/brain_tumor (internal training data),fit,data/brain_tumor/glioma/Tr-gl_662.jpg
data/out_of_scope/cat1_corruption/rotated_90/rotated_90_0015.png,cat1_corruption,rotated_90,"internal train split, corrupted in software",same as data/brain_tumor (internal training data),eval,data/brain_tumor/glioma/Tr-gl_1225.jpg
data/out_of_scope/cat1_corruption/rotated_90/rotated_90_0016.png,cat1_corruption,rotated_90,"internal train split, corrupted in software",same as data/brain_tumor (internal training data),eval,data/brain_tumor/glioma/Tr-gl_443.jpg
data/out_of_scope/cat1_corruption/rotated_90/rotated_90_0017.png,cat1_corruption,rotated_90,"internal train split, corrupted in software",same as data/brain_tumor (internal training data),fit,data/brain_tumor/glioma/Te-gl_191.jpg
data/out_of_scope/cat1_corruption/rotated_90/rotated_90_0018.png,cat1_corruption,rotated_90,"internal train split, corrupted in software",same as data/brain_tumor (internal training data),fit,data/brain_tumor/glioma/Te-gl_280.jpg
data/out_of_scope/cat1_corruption/rotated_90/rotated_90_0019.png,cat1_corruption,rotated_90,"internal train split, corrupted in software",same as data/brain_tumor (internal training data),fit,data/brain_tumor/glioma/Tr-gl_114.jpg
data/out_of_scope/cat1_corruption/rotated_90/rotated_90_0020.png,cat1_corruption,rotated_90,"internal train split, corrupted in software",same as data/brain_tumor (internal training data),fit,data/brain_tumor/glioma/Tr-gl_886.jpg
data/out_of_scope/cat1_corruption/rotated_90/rotated_90_0021.png,cat1_corruption,rotated_90,"internal train split, corrupted in software",same as data/brain_tumor (internal training data),eval,data/brain_tumor/glioma/Te-gl_15.jpg
data/out_of_scope/cat1_corruption/rotated_90/rotated_90_0022.png,cat1_corruption,rotated_90,"internal train split, corrupted in software",same as data/brain_tumor (internal training data),eval,data/brain_tumor/glioma/Tr-gl_964.jpg
data/out_of_scope/cat1_corruption/rotated_90/rotated_90_0023.png,cat1_corruption,rotated_90,"internal train split, corrupted in software",same as data/brain_tumor (internal training data),eval,data/brain_tumor/glioma/Tr-gl_336.jpg
data/out_of_scope/cat1_corruption/rotated_90/rotated_90_0024.png,cat1_corruption,rotated_90,"internal train split, corrupted in software",same as data/brain_tumor (internal training data),fit,data/brain_tumor/glioma/Tr-gl_71.jpg
data/out_of_scope/cat1_corruption/rotated_90/rotated_90_0025.png,cat1_corruption,rotated_90,"internal train split, corrupted in software",same as data/brain_tumor (internal training data),eval,data/brain_tumor/glioma/Tr-gl_1214.jpg
data/out_of_scope/cat1_corruption/rotated_90/rotated_90_0026.png,cat1_corruption,rotated_90,"internal train split, corrupted in software",same as data/brain_tumor (internal training data),fit,data/brain_tumor/glioma/Tr-gl_314.jpg
data/out_of_scope/cat1_corruption/rotated_90/rotated_90_0027.png,cat1_corruption,rotated_90,"internal train split, corrupted in software",same as data/brain_tumor (internal training data),fit,data/brain_tumor/glioma/Tr-gl_992.jpg
data/out_of_scope/cat1_corruption/rotated_90/rotated_90_0028.png,cat1_corruption,rotated_90,"internal train split, corrupted in software",same as data/brain_tumor (internal training data),eval,data/brain_tumor/glioma/Tr-gl_832.jpg
data/out_of_scope/cat1_corruption/rotated_90/rotated_90_0029.png,cat1_corruption,rotated_90,"internal train split, corrupted in software",same as data/brain_tumor (internal training data),eval,data/brain_tumor/glioma/Tr-gl_777.jpg
data/out_of_scope/cat1_corruption/rotated_90/rotated_90_0030.png,cat1_corruption,rotated_90,"internal train split, corrupted in software",same as data/brain_tumor (internal training data),fit,data/brain_tumor/meningioma/Tr-me_260.jpg
data/out_of_scope/cat1_corruption/rotated_90/rotated_90_0031.png,cat1_corruption,rotated_90,"internal train split, corrupted in software",same as data/brain_tumor (internal training data),eval,data/brain_tumor/meningioma/Te-me_101.jpg
data/out_of_scope/cat1_corruption/rotated_90/rotated_90_0032.png,cat1_corruption,rotated_90,"internal train split, corrupted in software",same as data/brain_tumor (internal training data),eval,data/brain_tumor/meningioma/Tr-me_232.jpg
data/out_of_scope/cat1_corruption/rotated_90/rotated_90_0033.png,cat1_corruption,rotated_90,"internal train split, corrupted in software",same as data/brain_tumor (internal training data),eval,data/brain_tumor/meningioma/Tr-me_870.jpg
data/out_of_scope/cat1_corruption/rotated_90/rotated_90_0034.png,cat1_corruption,rotated_90,"internal train split, corrupted in software",same as data/brain_tumor (internal training data),eval,data/brain_tumor/meningioma/Tr-me_1204.jpg
data/out_of_scope/cat1_corruption/rotated_90/rotated_90_0035.png,cat1_corruption,rotated_90,"internal train split, corrupted in software",same as data/brain_tumor (internal training data),eval,data/brain_tumor/meningioma/Te-me_33.jpg
data/out_of_scope/cat1_corruption/rotated_90/rotated_90_0036.png,cat1_corruption,rotated_90,"internal train split, corrupted in software",same as data/brain_tumor (internal training data),fit,data/brain_tumor/meningioma/Tr-me_1059.jpg
data/out_of_scope/cat1_corruption/rotated_90/rotated_90_0037.png,cat1_corruption,rotated_90,"internal train split, corrupted in software",same as data/brain_tumor (internal training data),eval,data/brain_tumor/meningioma/Te-me_48.jpg
data/out_of_scope/cat1_corruption/rotated_90/rotated_90_0038.png,cat1_corruption,rotated_90,"internal train split, corrupted in software",same as data/brain_tumor (internal training data),eval,data/brain_tumor/meningioma/Te-me_112.jpg
data/out_of_scope/cat1_corruption/rotated_90/rotated_90_0039.png,cat1_corruption,rotated_90,"internal train split, corrupted in software",same as data/brain_tumor (internal training data),fit,data/brain_tumor/meningioma/Tr-me_64.jpg
data/out_of_scope/cat1_corruption/rotated_90/rotated_90_0040.png,cat1_corruption,rotated_90,"internal train split, corrupted in software",same as data/brain_tumor (internal training data),eval,data/brain_tumor/meningioma/Te-aug-me_68.jpg
data/out_of_scope/cat1_corruption/rotated_90/rotated_90_0041.png,cat1_corruption,rotated_90,"internal train split, corrupted in software",same as data/brain_tumor (internal training data),fit,data/brain_tumor/meningioma/Tr-me_1091.jpg
data/out_of_scope/cat1_corruption/rotated_90/rotated_90_0042.png,cat1_corruption,rotated_90,"internal train split, corrupted in software",same as data/brain_tumor (internal training data),eval,data/brain_tumor/meningioma/Tr-me_1047.jpg
data/out_of_scope/cat1_corruption/rotated_90/rotated_90_0043.png,cat1_corruption,rotated_90,"internal train split, corrupted in software",same as data/brain_tumor (internal training data),fit,data/brain_tumor/meningioma/Tr-me_698.jpg
data/out_of_scope/cat1_corruption/rotated_90/rotated_90_0044.png,cat1_corruption,rotated_90,"internal train split, corrupted in software",same as data/brain_tumor (internal training data),eval,data/brain_tumor/meningioma/Tr-me_610.jpg
data/out_of_scope/cat1_corruption/rotated_90/rotated_90_0045.png,cat1_corruption,rotated_90,"internal train split, corrupted in software",same as data/brain_tumor (internal training data),eval,data/brain_tumor/meningioma/Tr-me_403.jpg
data/out_of_scope/cat1_corruption/rotated_90/rotated_90_0046.png,cat1_corruption,rotated_90,"internal train split, corrupted in software",same as data/brain_tumor (internal training data),eval,data/brain_tumor/meningioma/Tr-me_503.jpg
data/out_of_scope/cat1_corruption/rotated_90/rotated_90_0047.png,cat1_corruption,rotated_90,"internal train split, corrupted in software",same as data/brain_tumor (internal training data),fit,data/brain_tumor/meningioma/Te-aug-me_50.jpg
data/out_of_scope/cat1_corruption/rotated_90/rotated_90_0048.png,cat1_corruption,rotated_90,"internal train split, corrupted in software",same as data/brain_tumor (internal training data),eval,data/brain_tumor/meningioma/Tr-me_460.jpg
data/out_of_scope/cat1_corruption/rotated_90/rotated_90_0049.png,cat1_corruption,rotated_90,"internal train split, corrupted in software",same as data/brain_tumor (internal training data),fit,data/brain_tumor/meningioma/Tr-me_505.jpg
data/out_of_scope/cat1_corruption/rotated_90/rotated_90_0050.png,cat1_corruption,rotated_90,"internal train split, corrupted in software",same as data/brain_tumor (internal training data),eval,data/brain_tumor/meningioma/Tr-me_664.jpg
data/out_of_scope/cat1_corruption/rotated_90/rotated_90_0051.png,cat1_corruption,rotated_90,"internal train split, corrupted in software",same as data/brain_tumor (internal training data),eval,data/brain_tumor/meningioma/Te-aug-me_5.jpg
data/out_of_scope/cat1_corruption/rotated_90/rotated_90_0052.png,cat1_corruption,rotated_90,"internal train split, corrupted in software",same as data/brain_tumor (internal training data),fit,data/brain_tumor/meningioma/Tr-me_774.jpg
data/out_of_scope/cat1_corruption/rotated_90/rotated_90_0053.png,cat1_corruption,rotated_90,"internal train split, corrupted in software",same as data/brain_tumor (internal training data),eval,data/brain_tumor/meningioma/Tr-me_306.jpg
data/out_of_scope/cat1_corruption/rotated_90/rotated_90_0054.png,cat1_corruption,rotated_90,"internal train split, corrupted in software",same as data/brain_tumor (internal training data),fit,data/brain_tumor/meningioma/Tr-me_1296.jpg
data/out_of_scope/cat1_corruption/rotated_90/rotated_90_0055.png,cat1_corruption,rotated_90,"internal train split, corrupted in software",same as data/brain_tumor (internal training data),fit,data/brain_tumor/meningioma/Tr-me_600.jpg
data/out_of_scope/cat1_corruption/rotated_90/rotated_90_0056.png,cat1_corruption,rotated_90,"internal train split, corrupted in software",same as data/brain_tumor (internal training data),eval,data/brain_tumor/meningioma/Tr-me_464.jpg
data/out_of_scope/cat1_corruption/rotated_90/rotated_90_0057.png,cat1_corruption,rotated_90,"internal train split, corrupted in software",same as data/brain_tumor (internal training data),fit,data/brain_tumor/meningioma/Tr-me_1153.jpg
data/out_of_scope/cat1_corruption/rotated_90/rotated_90_0058.png,cat1_corruption,rotated_90,"internal train split, corrupted in software",same as data/brain_tumor (internal training data),fit,data/brain_tumor/meningioma/Tr-me_454.jpg
data/out_of_scope/cat1_corruption/rotated_90/rotated_90_0059.png,cat1_corruption,rotated_90,"internal train split, corrupted in software",same as data/brain_tumor (internal training data),eval,data/brain_tumor/meningioma/Tr-me_819.jpg
data/out_of_scope/cat1_corruption/rotated_90/rotated_90_0060.png,cat1_corruption,rotated_90,"internal train split, corrupted in software",same as data/brain_tumor (internal training data),fit,data/brain_tumor/pituitary/Tr-pi_422.jpg
data/out_of_scope/cat1_corruption/rotated_90/rotated_90_0061.png,cat1_corruption,rotated_90,"internal train split, corrupted in software",same as data/brain_tumor (internal training data),eval,data/brain_tumor/pituitary/Tr-pi_353.jpg
data/out_of_scope/cat1_corruption/rotated_90/rotated_90_0062.png,cat1_corruption,rotated_90,"internal train split, corrupted in software",same as data/brain_tumor (internal training data),eval,data/brain_tumor/pituitary/Tr-pi_515.jpg
data/out_of_scope/cat1_corruption/rotated_90/rotated_90_0063.png,cat1_corruption,rotated_90,"internal train split, corrupted in software",same as data/brain_tumor (internal training data),fit,data/brain_tumor/pituitary/Tr-pi_561.jpg
data/out_of_scope/cat1_corruption/rotated_90/rotated_90_0064.png,cat1_corruption,rotated_90,"internal train split, corrupted in software",same as data/brain_tumor (internal training data),eval,data/brain_tumor/pituitary/Tr-pi_1167.jpg
data/out_of_scope/cat1_corruption/rotated_90/rotated_90_0065.png,cat1_corruption,rotated_90,"internal train split, corrupted in software",same as data/brain_tumor (internal training data),fit,data/brain_tumor/pituitary/Tr-pi_860.jpg
data/out_of_scope/cat1_corruption/rotated_90/rotated_90_0066.png,cat1_corruption,rotated_90,"internal train split, corrupted in software",same as data/brain_tumor (internal training data),eval,data/brain_tumor/pituitary/Te-pi_20.jpg
data/out_of_scope/cat1_corruption/rotated_90/rotated_90_0067.png,cat1_corruption,rotated_90,"internal train split, corrupted in software",same as data/brain_tumor (internal training data),fit,data/brain_tumor/pituitary/Te-pi_144.jpg
data/out_of_scope/cat1_corruption/rotated_90/rotated_90_0068.png,cat1_corruption,rotated_90,"internal train split, corrupted in software",same as data/brain_tumor (internal training data),eval,data/brain_tumor/pituitary/Tr-pi_516.jpg
data/out_of_scope/cat1_corruption/rotated_90/rotated_90_0069.png,cat1_corruption,rotated_90,"internal train split, corrupted in software",same as data/brain_tumor (internal training data),eval,data/brain_tumor/pituitary/Tr-pi_644.jpg
data/out_of_scope/cat1_corruption/rotated_90/rotated_90_0070.png,cat1_corruption,rotated_90,"internal train split, corrupted in software",same as data/brain_tumor (internal training data),fit,data/brain_tumor/pituitary/Tr-pi_442.jpg
data/out_of_scope/cat1_corruption/rotated_90/rotated_90_0071.png,cat1_corruption,rotated_90,"internal train split, corrupted in software",same as data/brain_tumor (internal training data),eval,data/brain_tumor/pituitary/Tr-pi_108.jpg
data/out_of_scope/cat1_corruption/rotated_90/rotated_90_0072.png,cat1_corruption,rotated_90,"internal train split, corrupted in software",same as data/brain_tumor (internal training data),eval,data/brain_tumor/pituitary/Tr-pi_653.jpg
data/out_of_scope/cat1_corruption/rotated_90/rotated_90_0073.png,cat1_corruption,rotated_90,"internal train split, corrupted in software",same as data/brain_tumor (internal training data),eval,data/brain_tumor/pituitary/Te-pi_146.jpg
data/out_of_scope/cat1_corruption/rotated_90/rotated_90_0074.png,cat1_corruption,rotated_90,"internal train split, corrupted in software",same as data/brain_tumor (internal training data),fit,data/brain_tumor/pituitary/Tr-pi_902.jpg
data/out_of_scope/cat1_corruption/rotated_90/rotated_90_0075.png,cat1_corruption,rotated_90,"internal train split, corrupted in software",same as data/brain_tumor (internal training data),eval,data/brain_tumor/pituitary/Tr-pi_1398.jpg
data/out_of_scope/cat1_corruption/rotated_90/rotated_90_0076.png,cat1_corruption,rotated_90,"internal train split, corrupted in software",same as data/brain_tumor (internal training data),eval,data/brain_tumor/pituitary/Tr-pi_431.jpg
data/out_of_scope/cat1_corruption/rotated_90/rotated_90_0077.png,cat1_corruption,rotated_90,"internal train split, corrupted in software",same as data/brain_tumor (internal training data),fit,data/brain_tumor/pituitary/Tr-pi_365.jpg
data/out_of_scope/cat1_corruption/rotated_90/rotated_90_0078.png,cat1_corruption,rotated_90,"internal train split, corrupted in software",same as data/brain_tumor (internal training data),fit,data/brain_tumor/pituitary/Tr-pi_1151.jpg
data/out_of_scope/cat1_corruption/rotated_90/rotated_90_0079.png,cat1_corruption,rotated_90,"internal train split, corrupted in software",same as data/brain_tumor (internal training data),eval,data/brain_tumor/pituitary/Tr-pi_525.jpg
data/out_of_scope/cat1_corruption/rotated_90/rotated_90_0080.png,cat1_corruption,rotated_90,"internal train split, corrupted in software",same as data/brain_tumor (internal training data),fit,data/brain_tumor/pituitary/Tr-pi_877.jpg
data/out_of_scope/cat1_corruption/rotated_90/rotated_90_0081.png,cat1_corruption,rotated_90,"internal train split, corrupted in software",same as data/brain_tumor (internal training data),fit,data/brain_tumor/pituitary/Te-pi_16.jpg
data/out_of_scope/cat1_corruption/rotated_90/rotated_90_0082.png,cat1_corruption,rotated_90,"internal train split, corrupted in software",same as data/brain_tumor (internal training data),fit,data/brain_tumor/pituitary/Tr-pi_1213.jpg
data/out_of_scope/cat1_corruption/rotated_90/rotated_90_0083.png,cat1_corruption,rotated_90,"internal train split, corrupted in software",same as data/brain_tumor (internal training data),eval,data/brain_tumor/pituitary/Tr-pi_906.jpg
data/out_of_scope/cat1_corruption/rotated_90/rotated_90_0084.png,cat1_corruption,rotated_90,"internal train split, corrupted in software",same as data/brain_tumor (internal training data),fit,data/brain_tumor/pituitary/Tr-pi_1190.jpg
data/out_of_scope/cat1_corruption/rotated_90/rotated_90_0085.png,cat1_corruption,rotated_90,"internal train split, corrupted in software",same as data/brain_tumor (internal training data),fit,data/brain_tumor/pituitary/Tr-pi_220.jpg
data/out_of_scope/cat1_corruption/rotated_90/rotated_90_0086.png,cat1_corruption,rotated_90,"internal train split, corrupted in software",same as data/brain_tumor (internal training data),fit,data/brain_tumor/pituitary/Tr-pi_40.jpg
data/out_of_scope/cat1_corruption/rotated_90/rotated_90_0087.png,cat1_corruption,rotated_90,"internal train split, corrupted in software",same as data/brain_tumor (internal training data),eval,data/brain_tumor/pituitary/Tr-pi_119.jpg
data/out_of_scope/cat1_corruption/rotated_90/rotated_90_0088.png,cat1_corruption,rotated_90,"internal train split, corrupted in software",same as data/brain_tumor (internal training data),eval,data/brain_tumor/pituitary/Tr-pi_1081.jpg
data/out_of_scope/cat1_corruption/rotated_90/rotated_90_0089.png,cat1_corruption,rotated_90,"internal train split, corrupted in software",same as data/brain_tumor (internal training data),eval,data/brain_tumor/pituitary/Tr-pi_76.jpg
data/out_of_scope/cat1_corruption/rotated_90/rotated_90_0090.png,cat1_corruption,rotated_90,"internal train split, corrupted in software",same as data/brain_tumor (internal training data),eval,data/brain_tumor/notumor/Tr-no_547.jpg
data/out_of_scope/cat1_corruption/rotated_90/rotated_90_0091.png,cat1_corruption,rotated_90,"internal train split, corrupted in software",same as data/brain_tumor (internal training data),fit,data/brain_tumor/notumor/Tr-no_1088.jpg
data/out_of_scope/cat1_corruption/rotated_90/rotated_90_0092.png,cat1_corruption,rotated_90,"internal train split, corrupted in software",same as data/brain_tumor (internal training data),fit,data/brain_tumor/notumor/Te-no_14.jpg
data/out_of_scope/cat1_corruption/rotated_90/rotated_90_0093.png,cat1_corruption,rotated_90,"internal train split, corrupted in software",same as data/brain_tumor (internal training data),eval,data/brain_tumor/notumor/Tr-no_1170.jpg
data/out_of_scope/cat1_corruption/rotated_90/rotated_90_0094.png,cat1_corruption,rotated_90,"internal train split, corrupted in software",same as data/brain_tumor (internal training data),fit,data/brain_tumor/notumor/Tr-no_416.jpg
data/out_of_scope/cat1_corruption/rotated_90/rotated_90_0095.png,cat1_corruption,rotated_90,"internal train split, corrupted in software",same as data/brain_tumor (internal training data),fit,data/brain_tumor/notumor/Tr-no_530.jpg
data/out_of_scope/cat1_corruption/rotated_90/rotated_90_0096.png,cat1_corruption,rotated_90,"internal train split, corrupted in software",same as data/brain_tumor (internal training data),eval,data/brain_tumor/notumor/Te-no_212.jpg
data/out_of_scope/cat1_corruption/rotated_90/rotated_90_0097.png,cat1_corruption,rotated_90,"internal train split, corrupted in software",same as data/brain_tumor (internal training data),fit,data/brain_tumor/notumor/Tr-no_513.jpg
data/out_of_scope/cat1_corruption/rotated_90/rotated_90_0098.png,cat1_corruption,rotated_90,"internal train split, corrupted in software",same as data/brain_tumor (internal training data),fit,data/brain_tumor/notumor/Tr-no_660.jpg
data/out_of_scope/cat1_corruption/rotated_90/rotated_90_0099.png,cat1_corruption,rotated_90,"internal train split, corrupted in software",same as data/brain_tumor (internal training data),eval,data/brain_tumor/notumor/Tr-no_95.jpg
data/out_of_scope/cat1_corruption/rotated_90/rotated_90_0100.png,cat1_corruption,rotated_90,"internal train split, corrupted in software",same as data/brain_tumor (internal training data),fit,data/brain_tumor/notumor/Tr-no_178.jpg
data/out_of_scope/cat1_corruption/rotated_90/rotated_90_0101.png,cat1_corruption,rotated_90,"internal train split, corrupted in software",same as data/brain_tumor (internal training data),fit,data/brain_tumor/notumor/Tr-no_401.jpg
data/out_of_scope/cat1_corruption/rotated_90/rotated_90_0102.png,cat1_corruption,rotated_90,"internal train split, corrupted in software",same as data/brain_tumor (internal training data),fit,data/brain_tumor/notumor/Te-no_140.jpg
data/out_of_scope/cat1_corruption/rotated_90/rotated_90_0103.png,cat1_corruption,rotated_90,"internal train split, corrupted in software",same as data/brain_tumor (internal training data),fit,data/brain_tumor/notumor/Tr-no_335.jpg
data/out_of_scope/cat1_corruption/rotated_90/rotated_90_0104.png,cat1_corruption,rotated_90,"internal train split, corrupted in software",same as data/brain_tumor (internal training data),fit,data/brain_tumor/notumor/Tr-no_477.jpg
data/out_of_scope/cat1_corruption/rotated_90/rotated_90_0105.png,cat1_corruption,rotated_90,"internal train split, corrupted in software",same as data/brain_tumor (internal training data),fit,data/brain_tumor/notumor/Tr-no_1257.jpg
data/out_of_scope/cat1_corruption/rotated_90/rotated_90_0106.png,cat1_corruption,rotated_90,"internal train split, corrupted in software",same as data/brain_tumor (internal training data),eval,data/brain_tumor/notumor/Tr-no_624.jpg
data/out_of_scope/cat1_corruption/rotated_90/rotated_90_0107.png,cat1_corruption,rotated_90,"internal train split, corrupted in software",same as data/brain_tumor (internal training data),fit,data/brain_tumor/notumor/Tr-no_20.jpg
data/out_of_scope/cat1_corruption/rotated_90/rotated_90_0108.png,cat1_corruption,rotated_90,"internal train split, corrupted in software",same as data/brain_tumor (internal training data),eval,data/brain_tumor/notumor/Te-no_240.jpg
data/out_of_scope/cat1_corruption/rotated_90/rotated_90_0109.png,cat1_corruption,rotated_90,"internal train split, corrupted in software",same as data/brain_tumor (internal training data),eval,data/brain_tumor/notumor/Tr-no_627.jpg
data/out_of_scope/cat1_corruption/rotated_90/rotated_90_0110.png,cat1_corruption,rotated_90,"internal train split, corrupted in software",same as data/brain_tumor (internal training data),eval,data/brain_tumor/notumor/Tr-no_1220.jpg
data/out_of_scope/cat1_corruption/rotated_90/rotated_90_0111.png,cat1_corruption,rotated_90,"internal train split, corrupted in software",same as data/brain_tumor (internal training data),eval,data/brain_tumor/notumor/Tr-no_446.jpg
data/out_of_scope/cat1_corruption/rotated_90/rotated_90_0112.png,cat1_corruption,rotated_90,"internal train split, corrupted in software",same as data/brain_tumor (internal training data),fit,data/brain_tumor/notumor/Tr-no_378.jpg
data/out_of_scope/cat1_corruption/rotated_90/rotated_90_0113.png,cat1_corruption,rotated_90,"internal train split, corrupted in software",same as data/brain_tumor (internal training data),fit,data/brain_tumor/notumor/Tr-no_596.jpg
data/out_of_scope/cat1_corruption/rotated_90/rotated_90_0114.png,cat1_corruption,rotated_90,"internal train split, corrupted in software",same as data/brain_tumor (internal training data),fit,data/brain_tumor/notumor/Te-no_223.jpg
data/out_of_scope/cat1_corruption/rotated_90/rotated_90_0115.png,cat1_corruption,rotated_90,"internal train split, corrupted in software",same as data/brain_tumor (internal training data),eval,data/brain_tumor/notumor/Te-no_105.jpg
data/out_of_scope/cat1_corruption/rotated_90/rotated_90_0116.png,cat1_corruption,rotated_90,"internal train split, corrupted in software",same as data/brain_tumor (internal training data),fit,data/brain_tumor/notumor/Tr-no_351.jpg
data/out_of_scope/cat1_corruption/rotated_90/rotated_90_0117.png,cat1_corruption,rotated_90,"internal train split, corrupted in software",same as data/brain_tumor (internal training data),eval,data/brain_tumor/notumor/Tr-no_966.jpg
data/out_of_scope/cat1_corruption/rotated_90/rotated_90_0118.png,cat1_corruption,rotated_90,"internal train split, corrupted in software",same as data/brain_tumor (internal training data),fit,data/brain_tumor/notumor/Tr-no_1284.jpg
data/out_of_scope/cat1_corruption/rotated_90/rotated_90_0119.png,cat1_corruption,rotated_90,"internal train split, corrupted in software",same as data/brain_tumor (internal training data),fit,data/brain_tumor/notumor/Tr-no_319.jpg
data/out_of_scope/cat1_corruption/upside_down/upside_down_0000.png,cat1_corruption,upside_down,"internal train split, corrupted in software",same as data/brain_tumor (internal training data),eval,data/brain_tumor/glioma/Tr-gl_488.jpg
data/out_of_scope/cat1_corruption/upside_down/upside_down_0001.png,cat1_corruption,upside_down,"internal train split, corrupted in software",same as data/brain_tumor (internal training data),fit,data/brain_tumor/glioma/Te-gl_224.jpg
data/out_of_scope/cat1_corruption/upside_down/upside_down_0002.png,cat1_corruption,upside_down,"internal train split, corrupted in software",same as data/brain_tumor (internal training data),fit,data/brain_tumor/glioma/Tr-gl_946.jpg
data/out_of_scope/cat1_corruption/upside_down/upside_down_0003.png,cat1_corruption,upside_down,"internal train split, corrupted in software",same as data/brain_tumor (internal training data),fit,data/brain_tumor/glioma/Tr-gl_1024.jpg
data/out_of_scope/cat1_corruption/upside_down/upside_down_0004.png,cat1_corruption,upside_down,"internal train split, corrupted in software",same as data/brain_tumor (internal training data),eval,data/brain_tumor/glioma/Tr-gl_193.jpg
data/out_of_scope/cat1_corruption/upside_down/upside_down_0005.png,cat1_corruption,upside_down,"internal train split, corrupted in software",same as data/brain_tumor (internal training data),eval,data/brain_tumor/glioma/Tr-gl_6.jpg
data/out_of_scope/cat1_corruption/upside_down/upside_down_0006.png,cat1_corruption,upside_down,"internal train split, corrupted in software",same as data/brain_tumor (internal training data),fit,data/brain_tumor/glioma/Tr-gl_1120.jpg
data/out_of_scope/cat1_corruption/upside_down/upside_down_0007.png,cat1_corruption,upside_down,"internal train split, corrupted in software",same as data/brain_tumor (internal training data),eval,data/brain_tumor/glioma/Te-gl_131.jpg
data/out_of_scope/cat1_corruption/upside_down/upside_down_0008.png,cat1_corruption,upside_down,"internal train split, corrupted in software",same as data/brain_tumor (internal training data),eval,data/brain_tumor/glioma/Tr-gl_1052.jpg
data/out_of_scope/cat1_corruption/upside_down/upside_down_0009.png,cat1_corruption,upside_down,"internal train split, corrupted in software",same as data/brain_tumor (internal training data),eval,data/brain_tumor/glioma/Tr-gl_574.jpg
data/out_of_scope/cat1_corruption/upside_down/upside_down_0010.png,cat1_corruption,upside_down,"internal train split, corrupted in software",same as data/brain_tumor (internal training data),fit,data/brain_tumor/glioma/Tr-gl_711.jpg
data/out_of_scope/cat1_corruption/upside_down/upside_down_0011.png,cat1_corruption,upside_down,"internal train split, corrupted in software",same as data/brain_tumor (internal training data),fit,data/brain_tumor/glioma/Te-gl_56.jpg
data/out_of_scope/cat1_corruption/upside_down/upside_down_0012.png,cat1_corruption,upside_down,"internal train split, corrupted in software",same as data/brain_tumor (internal training data),eval,data/brain_tumor/glioma/Tr-gl_1252.jpg
data/out_of_scope/cat1_corruption/upside_down/upside_down_0013.png,cat1_corruption,upside_down,"internal train split, corrupted in software",same as data/brain_tumor (internal training data),fit,data/brain_tumor/glioma/Te-gl_133.jpg
data/out_of_scope/cat1_corruption/upside_down/upside_down_0014.png,cat1_corruption,upside_down,"internal train split, corrupted in software",same as data/brain_tumor (internal training data),fit,data/brain_tumor/glioma/Tr-gl_662.jpg
data/out_of_scope/cat1_corruption/upside_down/upside_down_0015.png,cat1_corruption,upside_down,"internal train split, corrupted in software",same as data/brain_tumor (internal training data),eval,data/brain_tumor/glioma/Tr-gl_1225.jpg
data/out_of_scope/cat1_corruption/upside_down/upside_down_0016.png,cat1_corruption,upside_down,"internal train split, corrupted in software",same as data/brain_tumor (internal training data),eval,data/brain_tumor/glioma/Tr-gl_443.jpg
data/out_of_scope/cat1_corruption/upside_down/upside_down_0017.png,cat1_corruption,upside_down,"internal train split, corrupted in software",same as data/brain_tumor (internal training data),fit,data/brain_tumor/glioma/Te-gl_191.jpg
data/out_of_scope/cat1_corruption/upside_down/upside_down_0018.png,cat1_corruption,upside_down,"internal train split, corrupted in software",same as data/brain_tumor (internal training data),fit,data/brain_tumor/glioma/Te-gl_280.jpg
data/out_of_scope/cat1_corruption/upside_down/upside_down_0019.png,cat1_corruption,upside_down,"internal train split, corrupted in software",same as data/brain_tumor (internal training data),fit,data/brain_tumor/glioma/Tr-gl_114.jpg
data/out_of_scope/cat1_corruption/upside_down/upside_down_0020.png,cat1_corruption,upside_down,"internal train split, corrupted in software",same as data/brain_tumor (internal training data),fit,data/brain_tumor/glioma/Tr-gl_886.jpg
data/out_of_scope/cat1_corruption/upside_down/upside_down_0021.png,cat1_corruption,upside_down,"internal train split, corrupted in software",same as data/brain_tumor (internal training data),eval,data/brain_tumor/glioma/Te-gl_15.jpg
data/out_of_scope/cat1_corruption/upside_down/upside_down_0022.png,cat1_corruption,upside_down,"internal train split, corrupted in software",same as data/brain_tumor (internal training data),eval,data/brain_tumor/glioma/Tr-gl_964.jpg
data/out_of_scope/cat1_corruption/upside_down/upside_down_0023.png,cat1_corruption,upside_down,"internal train split, corrupted in software",same as data/brain_tumor (internal training data),eval,data/brain_tumor/glioma/Tr-gl_336.jpg
data/out_of_scope/cat1_corruption/upside_down/upside_down_0024.png,cat1_corruption,upside_down,"internal train split, corrupted in software",same as data/brain_tumor (internal training data),fit,data/brain_tumor/glioma/Tr-gl_71.jpg
data/out_of_scope/cat1_corruption/upside_down/upside_down_0025.png,cat1_corruption,upside_down,"internal train split, corrupted in software",same as data/brain_tumor (internal training data),eval,data/brain_tumor/glioma/Tr-gl_1214.jpg
data/out_of_scope/cat1_corruption/upside_down/upside_down_0026.png,cat1_corruption,upside_down,"internal train split, corrupted in software",same as data/brain_tumor (internal training data),fit,data/brain_tumor/glioma/Tr-gl_314.jpg
data/out_of_scope/cat1_corruption/upside_down/upside_down_0027.png,cat1_corruption,upside_down,"internal train split, corrupted in software",same as data/brain_tumor (internal training data),fit,data/brain_tumor/glioma/Tr-gl_992.jpg
data/out_of_scope/cat1_corruption/upside_down/upside_down_0028.png,cat1_corruption,upside_down,"internal train split, corrupted in software",same as data/brain_tumor (internal training data),eval,data/brain_tumor/glioma/Tr-gl_832.jpg
data/out_of_scope/cat1_corruption/upside_down/upside_down_0029.png,cat1_corruption,upside_down,"internal train split, corrupted in software",same as data/brain_tumor (internal training data),eval,data/brain_tumor/glioma/Tr-gl_777.jpg
data/out_of_scope/cat1_corruption/upside_down/upside_down_0030.png,cat1_corruption,upside_down,"internal train split, corrupted in software",same as data/brain_tumor (internal training data),fit,data/brain_tumor/meningioma/Tr-me_260.jpg
data/out_of_scope/cat1_corruption/upside_down/upside_down_0031.png,cat1_corruption,upside_down,"internal train split, corrupted in software",same as data/brain_tumor (internal training data),eval,data/brain_tumor/meningioma/Te-me_101.jpg
data/out_of_scope/cat1_corruption/upside_down/upside_down_0032.png,cat1_corruption,upside_down,"internal train split, corrupted in software",same as data/brain_tumor (internal training data),eval,data/brain_tumor/meningioma/Tr-me_232.jpg
data/out_of_scope/cat1_corruption/upside_down/upside_down_0033.png,cat1_corruption,upside_down,"internal train split, corrupted in software",same as data/brain_tumor (internal training data),eval,data/brain_tumor/meningioma/Tr-me_870.jpg
data/out_of_scope/cat1_corruption/upside_down/upside_down_0034.png,cat1_corruption,upside_down,"internal train split, corrupted in software",same as data/brain_tumor (internal training data),eval,data/brain_tumor/meningioma/Tr-me_1204.jpg
data/out_of_scope/cat1_corruption/upside_down/upside_down_0035.png,cat1_corruption,upside_down,"internal train split, corrupted in software",same as data/brain_tumor (internal training data),eval,data/brain_tumor/meningioma/Te-me_33.jpg
data/out_of_scope/cat1_corruption/upside_down/upside_down_0036.png,cat1_corruption,upside_down,"internal train split, corrupted in software",same as data/brain_tumor (internal training data),fit,data/brain_tumor/meningioma/Tr-me_1059.jpg
data/out_of_scope/cat1_corruption/upside_down/upside_down_0037.png,cat1_corruption,upside_down,"internal train split, corrupted in software",same as data/brain_tumor (internal training data),eval,data/brain_tumor/meningioma/Te-me_48.jpg
data/out_of_scope/cat1_corruption/upside_down/upside_down_0038.png,cat1_corruption,upside_down,"internal train split, corrupted in software",same as data/brain_tumor (internal training data),eval,data/brain_tumor/meningioma/Te-me_112.jpg
data/out_of_scope/cat1_corruption/upside_down/upside_down_0039.png,cat1_corruption,upside_down,"internal train split, corrupted in software",same as data/brain_tumor (internal training data),fit,data/brain_tumor/meningioma/Tr-me_64.jpg
data/out_of_scope/cat1_corruption/upside_down/upside_down_0040.png,cat1_corruption,upside_down,"internal train split, corrupted in software",same as data/brain_tumor (internal training data),eval,data/brain_tumor/meningioma/Te-aug-me_68.jpg
data/out_of_scope/cat1_corruption/upside_down/upside_down_0041.png,cat1_corruption,upside_down,"internal train split, corrupted in software",same as data/brain_tumor (internal training data),fit,data/brain_tumor/meningioma/Tr-me_1091.jpg
data/out_of_scope/cat1_corruption/upside_down/upside_down_0042.png,cat1_corruption,upside_down,"internal train split, corrupted in software",same as data/brain_tumor (internal training data),eval,data/brain_tumor/meningioma/Tr-me_1047.jpg
data/out_of_scope/cat1_corruption/upside_down/upside_down_0043.png,cat1_corruption,upside_down,"internal train split, corrupted in software",same as data/brain_tumor (internal training data),fit,data/brain_tumor/meningioma/Tr-me_698.jpg
data/out_of_scope/cat1_corruption/upside_down/upside_down_0044.png,cat1_corruption,upside_down,"internal train split, corrupted in software",same as data/brain_tumor (internal training data),eval,data/brain_tumor/meningioma/Tr-me_610.jpg
data/out_of_scope/cat1_corruption/upside_down/upside_down_0045.png,cat1_corruption,upside_down,"internal train split, corrupted in software",same as data/brain_tumor (internal training data),eval,data/brain_tumor/meningioma/Tr-me_403.jpg
data/out_of_scope/cat1_corruption/upside_down/upside_down_0046.png,cat1_corruption,upside_down,"internal train split, corrupted in software",same as data/brain_tumor (internal training data),eval,data/brain_tumor/meningioma/Tr-me_503.jpg
data/out_of_scope/cat1_corruption/upside_down/upside_down_0047.png,cat1_corruption,upside_down,"internal train split, corrupted in software",same as data/brain_tumor (internal training data),fit,data/brain_tumor/meningioma/Te-aug-me_50.jpg
data/out_of_scope/cat1_corruption/upside_down/upside_down_0048.png,cat1_corruption,upside_down,"internal train split, corrupted in software",same as data/brain_tumor (internal training data),eval,data/brain_tumor/meningioma/Tr-me_460.jpg
data/out_of_scope/cat1_corruption/upside_down/upside_down_0049.png,cat1_corruption,upside_down,"internal train split, corrupted in software",same as data/brain_tumor (internal training data),fit,data/brain_tumor/meningioma/Tr-me_505.jpg
data/out_of_scope/cat1_corruption/upside_down/upside_down_0050.png,cat1_corruption,upside_down,"internal train split, corrupted in software",same as data/brain_tumor (internal training data),eval,data/brain_tumor/meningioma/Tr-me_664.jpg
data/out_of_scope/cat1_corruption/upside_down/upside_down_0051.png,cat1_corruption,upside_down,"internal train split, corrupted in software",same as data/brain_tumor (internal training data),eval,data/brain_tumor/meningioma/Te-aug-me_5.jpg
data/out_of_scope/cat1_corruption/upside_down/upside_down_0052.png,cat1_corruption,upside_down,"internal train split, corrupted in software",same as data/brain_tumor (internal training data),fit,data/brain_tumor/meningioma/Tr-me_774.jpg
data/out_of_scope/cat1_corruption/upside_down/upside_down_0053.png,cat1_corruption,upside_down,"internal train split, corrupted in software",same as data/brain_tumor (internal training data),eval,data/brain_tumor/meningioma/Tr-me_306.jpg
data/out_of_scope/cat1_corruption/upside_down/upside_down_0054.png,cat1_corruption,upside_down,"internal train split, corrupted in software",same as data/brain_tumor (internal training data),fit,data/brain_tumor/meningioma/Tr-me_1296.jpg
data/out_of_scope/cat1_corruption/upside_down/upside_down_0055.png,cat1_corruption,upside_down,"internal train split, corrupted in software",same as data/brain_tumor (internal training data),fit,data/brain_tumor/meningioma/Tr-me_600.jpg
data/out_of_scope/cat1_corruption/upside_down/upside_down_0056.png,cat1_corruption,upside_down,"internal train split, corrupted in software",same as data/brain_tumor (internal training data),eval,data/brain_tumor/meningioma/Tr-me_464.jpg
data/out_of_scope/cat1_corruption/upside_down/upside_down_0057.png,cat1_corruption,upside_down,"internal train split, corrupted in software",same as data/brain_tumor (internal training data),fit,data/brain_tumor/meningioma/Tr-me_1153.jpg
data/out_of_scope/cat1_corruption/upside_down/upside_down_0058.png,cat1_corruption,upside_down,"internal train split, corrupted in software",same as data/brain_tumor (internal training data),fit,data/brain_tumor/meningioma/Tr-me_454.jpg
data/out_of_scope/cat1_corruption/upside_down/upside_down_0059.png,cat1_corruption,upside_down,"internal train split, corrupted in software",same as data/brain_tumor (internal training data),eval,data/brain_tumor/meningioma/Tr-me_819.jpg
data/out_of_scope/cat1_corruption/upside_down/upside_down_0060.png,cat1_corruption,upside_down,"internal train split, corrupted in software",same as data/brain_tumor (internal training data),fit,data/brain_tumor/pituitary/Tr-pi_422.jpg
data/out_of_scope/cat1_corruption/upside_down/upside_down_0061.png,cat1_corruption,upside_down,"internal train split, corrupted in software",same as data/brain_tumor (internal training data),eval,data/brain_tumor/pituitary/Tr-pi_353.jpg
data/out_of_scope/cat1_corruption/upside_down/upside_down_0062.png,cat1_corruption,upside_down,"internal train split, corrupted in software",same as data/brain_tumor (internal training data),eval,data/brain_tumor/pituitary/Tr-pi_515.jpg
data/out_of_scope/cat1_corruption/upside_down/upside_down_0063.png,cat1_corruption,upside_down,"internal train split, corrupted in software",same as data/brain_tumor (internal training data),fit,data/brain_tumor/pituitary/Tr-pi_561.jpg
data/out_of_scope/cat1_corruption/upside_down/upside_down_0064.png,cat1_corruption,upside_down,"internal train split, corrupted in software",same as data/brain_tumor (internal training data),eval,data/brain_tumor/pituitary/Tr-pi_1167.jpg
data/out_of_scope/cat1_corruption/upside_down/upside_down_0065.png,cat1_corruption,upside_down,"internal train split, corrupted in software",same as data/brain_tumor (internal training data),fit,data/brain_tumor/pituitary/Tr-pi_860.jpg
data/out_of_scope/cat1_corruption/upside_down/upside_down_0066.png,cat1_corruption,upside_down,"internal train split, corrupted in software",same as data/brain_tumor (internal training data),eval,data/brain_tumor/pituitary/Te-pi_20.jpg
data/out_of_scope/cat1_corruption/upside_down/upside_down_0067.png,cat1_corruption,upside_down,"internal train split, corrupted in software",same as data/brain_tumor (internal training data),fit,data/brain_tumor/pituitary/Te-pi_144.jpg
data/out_of_scope/cat1_corruption/upside_down/upside_down_0068.png,cat1_corruption,upside_down,"internal train split, corrupted in software",same as data/brain_tumor (internal training data),eval,data/brain_tumor/pituitary/Tr-pi_516.jpg
data/out_of_scope/cat1_corruption/upside_down/upside_down_0069.png,cat1_corruption,upside_down,"internal train split, corrupted in software",same as data/brain_tumor (internal training data),eval,data/brain_tumor/pituitary/Tr-pi_644.jpg
data/out_of_scope/cat1_corruption/upside_down/upside_down_0070.png,cat1_corruption,upside_down,"internal train split, corrupted in software",same as data/brain_tumor (internal training data),fit,data/brain_tumor/pituitary/Tr-pi_442.jpg
data/out_of_scope/cat1_corruption/upside_down/upside_down_0071.png,cat1_corruption,upside_down,"internal train split, corrupted in software",same as data/brain_tumor (internal training data),eval,data/brain_tumor/pituitary/Tr-pi_108.jpg
data/out_of_scope/cat1_corruption/upside_down/upside_down_0072.png,cat1_corruption,upside_down,"internal train split, corrupted in software",same as data/brain_tumor (internal training data),eval,data/brain_tumor/pituitary/Tr-pi_653.jpg
data/out_of_scope/cat1_corruption/upside_down/upside_down_0073.png,cat1_corruption,upside_down,"internal train split, corrupted in software",same as data/brain_tumor (internal training data),eval,data/brain_tumor/pituitary/Te-pi_146.jpg
data/out_of_scope/cat1_corruption/upside_down/upside_down_0074.png,cat1_corruption,upside_down,"internal train split, corrupted in software",same as data/brain_tumor (internal training data),fit,data/brain_tumor/pituitary/Tr-pi_902.jpg
data/out_of_scope/cat1_corruption/upside_down/upside_down_0075.png,cat1_corruption,upside_down,"internal train split, corrupted in software",same as data/brain_tumor (internal training data),eval,data/brain_tumor/pituitary/Tr-pi_1398.jpg
data/out_of_scope/cat1_corruption/upside_down/upside_down_0076.png,cat1_corruption,upside_down,"internal train split, corrupted in software",same as data/brain_tumor (internal training data),eval,data/brain_tumor/pituitary/Tr-pi_431.jpg
data/out_of_scope/cat1_corruption/upside_down/upside_down_0077.png,cat1_corruption,upside_down,"internal train split, corrupted in software",same as data/brain_tumor (internal training data),fit,data/brain_tumor/pituitary/Tr-pi_365.jpg
data/out_of_scope/cat1_corruption/upside_down/upside_down_0078.png,cat1_corruption,upside_down,"internal train split, corrupted in software",same as data/brain_tumor (internal training data),fit,data/brain_tumor/pituitary/Tr-pi_1151.jpg
data/out_of_scope/cat1_corruption/upside_down/upside_down_0079.png,cat1_corruption,upside_down,"internal train split, corrupted in software",same as data/brain_tumor (internal training data),eval,data/brain_tumor/pituitary/Tr-pi_525.jpg
data/out_of_scope/cat1_corruption/upside_down/upside_down_0080.png,cat1_corruption,upside_down,"internal train split, corrupted in software",same as data/brain_tumor (internal training data),fit,data/brain_tumor/pituitary/Tr-pi_877.jpg
data/out_of_scope/cat1_corruption/upside_down/upside_down_0081.png,cat1_corruption,upside_down,"internal train split, corrupted in software",same as data/brain_tumor (internal training data),fit,data/brain_tumor/pituitary/Te-pi_16.jpg
data/out_of_scope/cat1_corruption/upside_down/upside_down_0082.png,cat1_corruption,upside_down,"internal train split, corrupted in software",same as data/brain_tumor (internal training data),fit,data/brain_tumor/pituitary/Tr-pi_1213.jpg
data/out_of_scope/cat1_corruption/upside_down/upside_down_0083.png,cat1_corruption,upside_down,"internal train split, corrupted in software",same as data/brain_tumor (internal training data),eval,data/brain_tumor/pituitary/Tr-pi_906.jpg
data/out_of_scope/cat1_corruption/upside_down/upside_down_0084.png,cat1_corruption,upside_down,"internal train split, corrupted in software",same as data/brain_tumor (internal training data),fit,data/brain_tumor/pituitary/Tr-pi_1190.jpg
data/out_of_scope/cat1_corruption/upside_down/upside_down_0085.png,cat1_corruption,upside_down,"internal train split, corrupted in software",same as data/brain_tumor (internal training data),fit,data/brain_tumor/pituitary/Tr-pi_220.jpg
data/out_of_scope/cat1_corruption/upside_down/upside_down_0086.png,cat1_corruption,upside_down,"internal train split, corrupted in software",same as data/brain_tumor (internal training data),fit,data/brain_tumor/pituitary/Tr-pi_40.jpg
data/out_of_scope/cat1_corruption/upside_down/upside_down_0087.png,cat1_corruption,upside_down,"internal train split, corrupted in software",same as data/brain_tumor (internal training data),eval,data/brain_tumor/pituitary/Tr-pi_119.jpg
data/out_of_scope/cat1_corruption/upside_down/upside_down_0088.png,cat1_corruption,upside_down,"internal train split, corrupted in software",same as data/brain_tumor (internal training data),eval,data/brain_tumor/pituitary/Tr-pi_1081.jpg
data/out_of_scope/cat1_corruption/upside_down/upside_down_0089.png,cat1_corruption,upside_down,"internal train split, corrupted in software",same as data/brain_tumor (internal training data),eval,data/brain_tumor/pituitary/Tr-pi_76.jpg
data/out_of_scope/cat1_corruption/upside_down/upside_down_0090.png,cat1_corruption,upside_down,"internal train split, corrupted in software",same as data/brain_tumor (internal training data),eval,data/brain_tumor/notumor/Tr-no_547.jpg
data/out_of_scope/cat1_corruption/upside_down/upside_down_0091.png,cat1_corruption,upside_down,"internal train split, corrupted in software",same as data/brain_tumor (internal training data),fit,data/brain_tumor/notumor/Tr-no_1088.jpg
data/out_of_scope/cat1_corruption/upside_down/upside_down_0092.png,cat1_corruption,upside_down,"internal train split, corrupted in software",same as data/brain_tumor (internal training data),fit,data/brain_tumor/notumor/Te-no_14.jpg
data/out_of_scope/cat1_corruption/upside_down/upside_down_0093.png,cat1_corruption,upside_down,"internal train split, corrupted in software",same as data/brain_tumor (internal training data),eval,data/brain_tumor/notumor/Tr-no_1170.jpg
data/out_of_scope/cat1_corruption/upside_down/upside_down_0094.png,cat1_corruption,upside_down,"internal train split, corrupted in software",same as data/brain_tumor (internal training data),fit,data/brain_tumor/notumor/Tr-no_416.jpg
data/out_of_scope/cat1_corruption/upside_down/upside_down_0095.png,cat1_corruption,upside_down,"internal train split, corrupted in software",same as data/brain_tumor (internal training data),fit,data/brain_tumor/notumor/Tr-no_530.jpg
data/out_of_scope/cat1_corruption/upside_down/upside_down_0096.png,cat1_corruption,upside_down,"internal train split, corrupted in software",same as data/brain_tumor (internal training data),eval,data/brain_tumor/notumor/Te-no_212.jpg
data/out_of_scope/cat1_corruption/upside_down/upside_down_0097.png,cat1_corruption,upside_down,"internal train split, corrupted in software",same as data/brain_tumor (internal training data),fit,data/brain_tumor/notumor/Tr-no_513.jpg
data/out_of_scope/cat1_corruption/upside_down/upside_down_0098.png,cat1_corruption,upside_down,"internal train split, corrupted in software",same as data/brain_tumor (internal training data),fit,data/brain_tumor/notumor/Tr-no_660.jpg
data/out_of_scope/cat1_corruption/upside_down/upside_down_0099.png,cat1_corruption,upside_down,"internal train split, corrupted in software",same as data/brain_tumor (internal training data),eval,data/brain_tumor/notumor/Tr-no_95.jpg
data/out_of_scope/cat1_corruption/upside_down/upside_down_0100.png,cat1_corruption,upside_down,"internal train split, corrupted in software",same as data/brain_tumor (internal training data),fit,data/brain_tumor/notumor/Tr-no_178.jpg
data/out_of_scope/cat1_corruption/upside_down/upside_down_0101.png,cat1_corruption,upside_down,"internal train split, corrupted in software",same as data/brain_tumor (internal training data),fit,data/brain_tumor/notumor/Tr-no_401.jpg
data/out_of_scope/cat1_corruption/upside_down/upside_down_0102.png,cat1_corruption,upside_down,"internal train split, corrupted in software",same as data/brain_tumor (internal training data),fit,data/brain_tumor/notumor/Te-no_140.jpg
data/out_of_scope/cat1_corruption/upside_down/upside_down_0103.png,cat1_corruption,upside_down,"internal train split, corrupted in software",same as data/brain_tumor (internal training data),fit,data/brain_tumor/notumor/Tr-no_335.jpg
data/out_of_scope/cat1_corruption/upside_down/upside_down_0104.png,cat1_corruption,upside_down,"internal train split, corrupted in software",same as data/brain_tumor (internal training data),fit,data/brain_tumor/notumor/Tr-no_477.jpg
data/out_of_scope/cat1_corruption/upside_down/upside_down_0105.png,cat1_corruption,upside_down,"internal train split, corrupted in software",same as data/brain_tumor (internal training data),fit,data/brain_tumor/notumor/Tr-no_1257.jpg
data/out_of_scope/cat1_corruption/upside_down/upside_down_0106.png,cat1_corruption,upside_down,"internal train split, corrupted in software",same as data/brain_tumor (internal training data),eval,data/brain_tumor/notumor/Tr-no_624.jpg
data/out_of_scope/cat1_corruption/upside_down/upside_down_0107.png,cat1_corruption,upside_down,"internal train split, corrupted in software",same as data/brain_tumor (internal training data),fit,data/brain_tumor/notumor/Tr-no_20.jpg
data/out_of_scope/cat1_corruption/upside_down/upside_down_0108.png,cat1_corruption,upside_down,"internal train split, corrupted in software",same as data/brain_tumor (internal training data),eval,data/brain_tumor/notumor/Te-no_240.jpg
data/out_of_scope/cat1_corruption/upside_down/upside_down_0109.png,cat1_corruption,upside_down,"internal train split, corrupted in software",same as data/brain_tumor (internal training data),eval,data/brain_tumor/notumor/Tr-no_627.jpg
data/out_of_scope/cat1_corruption/upside_down/upside_down_0110.png,cat1_corruption,upside_down,"internal train split, corrupted in software",same as data/brain_tumor (internal training data),eval,data/brain_tumor/notumor/Tr-no_1220.jpg
data/out_of_scope/cat1_corruption/upside_down/upside_down_0111.png,cat1_corruption,upside_down,"internal train split, corrupted in software",same as data/brain_tumor (internal training data),eval,data/brain_tumor/notumor/Tr-no_446.jpg
data/out_of_scope/cat1_corruption/upside_down/upside_down_0112.png,cat1_corruption,upside_down,"internal train split, corrupted in software",same as data/brain_tumor (internal training data),fit,data/brain_tumor/notumor/Tr-no_378.jpg
data/out_of_scope/cat1_corruption/upside_down/upside_down_0113.png,cat1_corruption,upside_down,"internal train split, corrupted in software",same as data/brain_tumor (internal training data),fit,data/brain_tumor/notumor/Tr-no_596.jpg
data/out_of_scope/cat1_corruption/upside_down/upside_down_0114.png,cat1_corruption,upside_down,"internal train split, corrupted in software",same as data/brain_tumor (internal training data),fit,data/brain_tumor/notumor/Te-no_223.jpg
data/out_of_scope/cat1_corruption/upside_down/upside_down_0115.png,cat1_corruption,upside_down,"internal train split, corrupted in software",same as data/brain_tumor (internal training data),eval,data/brain_tumor/notumor/Te-no_105.jpg
data/out_of_scope/cat1_corruption/upside_down/upside_down_0116.png,cat1_corruption,upside_down,"internal train split, corrupted in software",same as data/brain_tumor (internal training data),fit,data/brain_tumor/notumor/Tr-no_351.jpg
data/out_of_scope/cat1_corruption/upside_down/upside_down_0117.png,cat1_corruption,upside_down,"internal train split, corrupted in software",same as data/brain_tumor (internal training data),eval,data/brain_tumor/notumor/Tr-no_966.jpg
data/out_of_scope/cat1_corruption/upside_down/upside_down_0118.png,cat1_corruption,upside_down,"internal train split, corrupted in software",same as data/brain_tumor (internal training data),fit,data/brain_tumor/notumor/Tr-no_1284.jpg
data/out_of_scope/cat1_corruption/upside_down/upside_down_0119.png,cat1_corruption,upside_down,"internal train split, corrupted in software",same as data/brain_tumor (internal training data),fit,data/brain_tumor/notumor/Tr-no_319.jpg
data/out_of_scope/cat1_corruption/jpeg_q5/jpeg_q5_0000.png,cat1_corruption,jpeg_q5,"internal train split, corrupted in software",same as data/brain_tumor (internal training data),eval,data/brain_tumor/glioma/Tr-gl_488.jpg
data/out_of_scope/cat1_corruption/jpeg_q5/jpeg_q5_0001.png,cat1_corruption,jpeg_q5,"internal train split, corrupted in software",same as data/brain_tumor (internal training data),fit,data/brain_tumor/glioma/Te-gl_224.jpg
data/out_of_scope/cat1_corruption/jpeg_q5/jpeg_q5_0002.png,cat1_corruption,jpeg_q5,"internal train split, corrupted in software",same as data/brain_tumor (internal training data),fit,data/brain_tumor/glioma/Tr-gl_946.jpg
data/out_of_scope/cat1_corruption/jpeg_q5/jpeg_q5_0003.png,cat1_corruption,jpeg_q5,"internal train split, corrupted in software",same as data/brain_tumor (internal training data),fit,data/brain_tumor/glioma/Tr-gl_1024.jpg
data/out_of_scope/cat1_corruption/jpeg_q5/jpeg_q5_0004.png,cat1_corruption,jpeg_q5,"internal train split, corrupted in software",same as data/brain_tumor (internal training data),eval,data/brain_tumor/glioma/Tr-gl_193.jpg
data/out_of_scope/cat1_corruption/jpeg_q5/jpeg_q5_0005.png,cat1_corruption,jpeg_q5,"internal train split, corrupted in software",same as data/brain_tumor (internal training data),eval,data/brain_tumor/glioma/Tr-gl_6.jpg
data/out_of_scope/cat1_corruption/jpeg_q5/jpeg_q5_0006.png,cat1_corruption,jpeg_q5,"internal train split, corrupted in software",same as data/brain_tumor (internal training data),fit,data/brain_tumor/glioma/Tr-gl_1120.jpg
data/out_of_scope/cat1_corruption/jpeg_q5/jpeg_q5_0007.png,cat1_corruption,jpeg_q5,"internal train split, corrupted in software",same as data/brain_tumor (internal training data),eval,data/brain_tumor/glioma/Te-gl_131.jpg
data/out_of_scope/cat1_corruption/jpeg_q5/jpeg_q5_0008.png,cat1_corruption,jpeg_q5,"internal train split, corrupted in software",same as data/brain_tumor (internal training data),eval,data/brain_tumor/glioma/Tr-gl_1052.jpg
data/out_of_scope/cat1_corruption/jpeg_q5/jpeg_q5_0009.png,cat1_corruption,jpeg_q5,"internal train split, corrupted in software",same as data/brain_tumor (internal training data),eval,data/brain_tumor/glioma/Tr-gl_574.jpg
data/out_of_scope/cat1_corruption/jpeg_q5/jpeg_q5_0010.png,cat1_corruption,jpeg_q5,"internal train split, corrupted in software",same as data/brain_tumor (internal training data),fit,data/brain_tumor/glioma/Tr-gl_711.jpg
data/out_of_scope/cat1_corruption/jpeg_q5/jpeg_q5_0011.png,cat1_corruption,jpeg_q5,"internal train split, corrupted in software",same as data/brain_tumor (internal training data),fit,data/brain_tumor/glioma/Te-gl_56.jpg
data/out_of_scope/cat1_corruption/jpeg_q5/jpeg_q5_0012.png,cat1_corruption,jpeg_q5,"internal train split, corrupted in software",same as data/brain_tumor (internal training data),eval,data/brain_tumor/glioma/Tr-gl_1252.jpg
data/out_of_scope/cat1_corruption/jpeg_q5/jpeg_q5_0013.png,cat1_corruption,jpeg_q5,"internal train split, corrupted in software",same as data/brain_tumor (internal training data),fit,data/brain_tumor/glioma/Te-gl_133.jpg
data/out_of_scope/cat1_corruption/jpeg_q5/jpeg_q5_0014.png,cat1_corruption,jpeg_q5,"internal train split, corrupted in software",same as data/brain_tumor (internal training data),fit,data/brain_tumor/glioma/Tr-gl_662.jpg
data/out_of_scope/cat1_corruption/jpeg_q5/jpeg_q5_0015.png,cat1_corruption,jpeg_q5,"internal train split, corrupted in software",same as data/brain_tumor (internal training data),eval,data/brain_tumor/glioma/Tr-gl_1225.jpg
data/out_of_scope/cat1_corruption/jpeg_q5/jpeg_q5_0016.png,cat1_corruption,jpeg_q5,"internal train split, corrupted in software",same as data/brain_tumor (internal training data),eval,data/brain_tumor/glioma/Tr-gl_443.jpg
data/out_of_scope/cat1_corruption/jpeg_q5/jpeg_q5_0017.png,cat1_corruption,jpeg_q5,"internal train split, corrupted in software",same as data/brain_tumor (internal training data),fit,data/brain_tumor/glioma/Te-gl_191.jpg
data/out_of_scope/cat1_corruption/jpeg_q5/jpeg_q5_0018.png,cat1_corruption,jpeg_q5,"internal train split, corrupted in software",same as data/brain_tumor (internal training data),fit,data/brain_tumor/glioma/Te-gl_280.jpg
data/out_of_scope/cat1_corruption/jpeg_q5/jpeg_q5_0019.png,cat1_corruption,jpeg_q5,"internal train split, corrupted in software",same as data/brain_tumor (internal training data),fit,data/brain_tumor/glioma/Tr-gl_114.jpg
data/out_of_scope/cat1_corruption/jpeg_q5/jpeg_q5_0020.png,cat1_corruption,jpeg_q5,"internal train split, corrupted in software",same as data/brain_tumor (internal training data),fit,data/brain_tumor/glioma/Tr-gl_886.jpg
data/out_of_scope/cat1_corruption/jpeg_q5/jpeg_q5_0021.png,cat1_corruption,jpeg_q5,"internal train split, corrupted in software",same as data/brain_tumor (internal training data),eval,data/brain_tumor/glioma/Te-gl_15.jpg
data/out_of_scope/cat1_corruption/jpeg_q5/jpeg_q5_0022.png,cat1_corruption,jpeg_q5,"internal train split, corrupted in software",same as data/brain_tumor (internal training data),eval,data/brain_tumor/glioma/Tr-gl_964.jpg
data/out_of_scope/cat1_corruption/jpeg_q5/jpeg_q5_0023.png,cat1_corruption,jpeg_q5,"internal train split, corrupted in software",same as data/brain_tumor (internal training data),eval,data/brain_tumor/glioma/Tr-gl_336.jpg
data/out_of_scope/cat1_corruption/jpeg_q5/jpeg_q5_0024.png,cat1_corruption,jpeg_q5,"internal train split, corrupted in software",same as data/brain_tumor (internal training data),fit,data/brain_tumor/glioma/Tr-gl_71.jpg
data/out_of_scope/cat1_corruption/jpeg_q5/jpeg_q5_0025.png,cat1_corruption,jpeg_q5,"internal train split, corrupted in software",same as data/brain_tumor (internal training data),eval,data/brain_tumor/glioma/Tr-gl_1214.jpg
data/out_of_scope/cat1_corruption/jpeg_q5/jpeg_q5_0026.png,cat1_corruption,jpeg_q5,"internal train split, corrupted in software",same as data/brain_tumor (internal training data),fit,data/brain_tumor/glioma/Tr-gl_314.jpg
data/out_of_scope/cat1_corruption/jpeg_q5/jpeg_q5_0027.png,cat1_corruption,jpeg_q5,"internal train split, corrupted in software",same as data/brain_tumor (internal training data),fit,data/brain_tumor/glioma/Tr-gl_992.jpg
data/out_of_scope/cat1_corruption/jpeg_q5/jpeg_q5_0028.png,cat1_corruption,jpeg_q5,"internal train split, corrupted in software",same as data/brain_tumor (internal training data),eval,data/brain_tumor/glioma/Tr-gl_832.jpg
data/out_of_scope/cat1_corruption/jpeg_q5/jpeg_q5_0029.png,cat1_corruption,jpeg_q5,"internal train split, corrupted in software",same as data/brain_tumor (internal training data),eval,data/brain_tumor/glioma/Tr-gl_777.jpg
data/out_of_scope/cat1_corruption/jpeg_q5/jpeg_q5_0030.png,cat1_corruption,jpeg_q5,"internal train split, corrupted in software",same as data/brain_tumor (internal training data),fit,data/brain_tumor/meningioma/Tr-me_260.jpg
data/out_of_scope/cat1_corruption/jpeg_q5/jpeg_q5_0031.png,cat1_corruption,jpeg_q5,"internal train split, corrupted in software",same as data/brain_tumor (internal training data),eval,data/brain_tumor/meningioma/Te-me_101.jpg
data/out_of_scope/cat1_corruption/jpeg_q5/jpeg_q5_0032.png,cat1_corruption,jpeg_q5,"internal train split, corrupted in software",same as data/brain_tumor (internal training data),eval,data/brain_tumor/meningioma/Tr-me_232.jpg
data/out_of_scope/cat1_corruption/jpeg_q5/jpeg_q5_0033.png,cat1_corruption,jpeg_q5,"internal train split, corrupted in software",same as data/brain_tumor (internal training data),eval,data/brain_tumor/meningioma/Tr-me_870.jpg
data/out_of_scope/cat1_corruption/jpeg_q5/jpeg_q5_0034.png,cat1_corruption,jpeg_q5,"internal train split, corrupted in software",same as data/brain_tumor (internal training data),eval,data/brain_tumor/meningioma/Tr-me_1204.jpg
data/out_of_scope/cat1_corruption/jpeg_q5/jpeg_q5_0035.png,cat1_corruption,jpeg_q5,"internal train split, corrupted in software",same as data/brain_tumor (internal training data),eval,data/brain_tumor/meningioma/Te-me_33.jpg
data/out_of_scope/cat1_corruption/jpeg_q5/jpeg_q5_0036.png,cat1_corruption,jpeg_q5,"internal train split, corrupted in software",same as data/brain_tumor (internal training data),fit,data/brain_tumor/meningioma/Tr-me_1059.jpg
data/out_of_scope/cat1_corruption/jpeg_q5/jpeg_q5_0037.png,cat1_corruption,jpeg_q5,"internal train split, corrupted in software",same as data/brain_tumor (internal training data),eval,data/brain_tumor/meningioma/Te-me_48.jpg
data/out_of_scope/cat1_corruption/jpeg_q5/jpeg_q5_0038.png,cat1_corruption,jpeg_q5,"internal train split, corrupted in software",same as data/brain_tumor (internal training data),eval,data/brain_tumor/meningioma/Te-me_112.jpg
data/out_of_scope/cat1_corruption/jpeg_q5/jpeg_q5_0039.png,cat1_corruption,jpeg_q5,"internal train split, corrupted in software",same as data/brain_tumor (internal training data),fit,data/brain_tumor/meningioma/Tr-me_64.jpg
data/out_of_scope/cat1_corruption/jpeg_q5/jpeg_q5_0040.png,cat1_corruption,jpeg_q5,"internal train split, corrupted in software",same as data/brain_tumor (internal training data),eval,data/brain_tumor/meningioma/Te-aug-me_68.jpg
data/out_of_scope/cat1_corruption/jpeg_q5/jpeg_q5_0041.png,cat1_corruption,jpeg_q5,"internal train split, corrupted in software",same as data/brain_tumor (internal training data),fit,data/brain_tumor/meningioma/Tr-me_1091.jpg
data/out_of_scope/cat1_corruption/jpeg_q5/jpeg_q5_0042.png,cat1_corruption,jpeg_q5,"internal train split, corrupted in software",same as data/brain_tumor (internal training data),eval,data/brain_tumor/meningioma/Tr-me_1047.jpg
data/out_of_scope/cat1_corruption/jpeg_q5/jpeg_q5_0043.png,cat1_corruption,jpeg_q5,"internal train split, corrupted in software",same as data/brain_tumor (internal training data),fit,data/brain_tumor/meningioma/Tr-me_698.jpg
data/out_of_scope/cat1_corruption/jpeg_q5/jpeg_q5_0044.png,cat1_corruption,jpeg_q5,"internal train split, corrupted in software",same as data/brain_tumor (internal training data),eval,data/brain_tumor/meningioma/Tr-me_610.jpg
data/out_of_scope/cat1_corruption/jpeg_q5/jpeg_q5_0045.png,cat1_corruption,jpeg_q5,"internal train split, corrupted in software",same as data/brain_tumor (internal training data),eval,data/brain_tumor/meningioma/Tr-me_403.jpg
data/out_of_scope/cat1_corruption/jpeg_q5/jpeg_q5_0046.png,cat1_corruption,jpeg_q5,"internal train split, corrupted in software",same as data/brain_tumor (internal training data),eval,data/brain_tumor/meningioma/Tr-me_503.jpg
data/out_of_scope/cat1_corruption/jpeg_q5/jpeg_q5_0047.png,cat1_corruption,jpeg_q5,"internal train split, corrupted in software",same as data/brain_tumor (internal training data),fit,data/brain_tumor/meningioma/Te-aug-me_50.jpg
data/out_of_scope/cat1_corruption/jpeg_q5/jpeg_q5_0048.png,cat1_corruption,jpeg_q5,"internal train split, corrupted in software",same as data/brain_tumor (internal training data),eval,data/brain_tumor/meningioma/Tr-me_460.jpg
data/out_of_scope/cat1_corruption/jpeg_q5/jpeg_q5_0049.png,cat1_corruption,jpeg_q5,"internal train split, corrupted in software",same as data/brain_tumor (internal training data),fit,data/brain_tumor/meningioma/Tr-me_505.jpg
data/out_of_scope/cat1_corruption/jpeg_q5/jpeg_q5_0050.png,cat1_corruption,jpeg_q5,"internal train split, corrupted in software",same as data/brain_tumor (internal training data),eval,data/brain_tumor/meningioma/Tr-me_664.jpg
data/out_of_scope/cat1_corruption/jpeg_q5/jpeg_q5_0051.png,cat1_corruption,jpeg_q5,"internal train split, corrupted in software",same as data/brain_tumor (internal training data),eval,data/brain_tumor/meningioma/Te-aug-me_5.jpg
data/out_of_scope/cat1_corruption/jpeg_q5/jpeg_q5_0052.png,cat1_corruption,jpeg_q5,"internal train split, corrupted in software",same as data/brain_tumor (internal training data),fit,data/brain_tumor/meningioma/Tr-me_774.jpg
data/out_of_scope/cat1_corruption/jpeg_q5/jpeg_q5_0053.png,cat1_corruption,jpeg_q5,"internal train split, corrupted in software",same as data/brain_tumor (internal training data),eval,data/brain_tumor/meningioma/Tr-me_306.jpg
data/out_of_scope/cat1_corruption/jpeg_q5/jpeg_q5_0054.png,cat1_corruption,jpeg_q5,"internal train split, corrupted in software",same as data/brain_tumor (internal training data),fit,data/brain_tumor/meningioma/Tr-me_1296.jpg
data/out_of_scope/cat1_corruption/jpeg_q5/jpeg_q5_0055.png,cat1_corruption,jpeg_q5,"internal train split, corrupted in software",same as data/brain_tumor (internal training data),fit,data/brain_tumor/meningioma/Tr-me_600.jpg
data/out_of_scope/cat1_corruption/jpeg_q5/jpeg_q5_0056.png,cat1_corruption,jpeg_q5,"internal train split, corrupted in software",same as data/brain_tumor (internal training data),eval,data/brain_tumor/meningioma/Tr-me_464.jpg
data/out_of_scope/cat1_corruption/jpeg_q5/jpeg_q5_0057.png,cat1_corruption,jpeg_q5,"internal train split, corrupted in software",same as data/brain_tumor (internal training data),fit,data/brain_tumor/meningioma/Tr-me_1153.jpg
data/out_of_scope/cat1_corruption/jpeg_q5/jpeg_q5_0058.png,cat1_corruption,jpeg_q5,"internal train split, corrupted in software",same as data/brain_tumor (internal training data),fit,data/brain_tumor/meningioma/Tr-me_454.jpg
data/out_of_scope/cat1_corruption/jpeg_q5/jpeg_q5_0059.png,cat1_corruption,jpeg_q5,"internal train split, corrupted in software",same as data/brain_tumor (internal training data),eval,data/brain_tumor/meningioma/Tr-me_819.jpg
data/out_of_scope/cat1_corruption/jpeg_q5/jpeg_q5_0060.png,cat1_corruption,jpeg_q5,"internal train split, corrupted in software",same as data/brain_tumor (internal training data),fit,data/brain_tumor/pituitary/Tr-pi_422.jpg
data/out_of_scope/cat1_corruption/jpeg_q5/jpeg_q5_0061.png,cat1_corruption,jpeg_q5,"internal train split, corrupted in software",same as data/brain_tumor (internal training data),eval,data/brain_tumor/pituitary/Tr-pi_353.jpg
data/out_of_scope/cat1_corruption/jpeg_q5/jpeg_q5_0062.png,cat1_corruption,jpeg_q5,"internal train split, corrupted in software",same as data/brain_tumor (internal training data),eval,data/brain_tumor/pituitary/Tr-pi_515.jpg
data/out_of_scope/cat1_corruption/jpeg_q5/jpeg_q5_0063.png,cat1_corruption,jpeg_q5,"internal train split, corrupted in software",same as data/brain_tumor (internal training data),fit,data/brain_tumor/pituitary/Tr-pi_561.jpg
data/out_of_scope/cat1_corruption/jpeg_q5/jpeg_q5_0064.png,cat1_corruption,jpeg_q5,"internal train split, corrupted in software",same as data/brain_tumor (internal training data),eval,data/brain_tumor/pituitary/Tr-pi_1167.jpg
data/out_of_scope/cat1_corruption/jpeg_q5/jpeg_q5_0065.png,cat1_corruption,jpeg_q5,"internal train split, corrupted in software",same as data/brain_tumor (internal training data),fit,data/brain_tumor/pituitary/Tr-pi_860.jpg
data/out_of_scope/cat1_corruption/jpeg_q5/jpeg_q5_0066.png,cat1_corruption,jpeg_q5,"internal train split, corrupted in software",same as data/brain_tumor (internal training data),eval,data/brain_tumor/pituitary/Te-pi_20.jpg
data/out_of_scope/cat1_corruption/jpeg_q5/jpeg_q5_0067.png,cat1_corruption,jpeg_q5,"internal train split, corrupted in software",same as data/brain_tumor (internal training data),fit,data/brain_tumor/pituitary/Te-pi_144.jpg
data/out_of_scope/cat1_corruption/jpeg_q5/jpeg_q5_0068.png,cat1_corruption,jpeg_q5,"internal train split, corrupted in software",same as data/brain_tumor (internal training data),eval,data/brain_tumor/pituitary/Tr-pi_516.jpg
data/out_of_scope/cat1_corruption/jpeg_q5/jpeg_q5_0069.png,cat1_corruption,jpeg_q5,"internal train split, corrupted in software",same as data/brain_tumor (internal training data),eval,data/brain_tumor/pituitary/Tr-pi_644.jpg
data/out_of_scope/cat1_corruption/jpeg_q5/jpeg_q5_0070.png,cat1_corruption,jpeg_q5,"internal train split, corrupted in software",same as data/brain_tumor (internal training data),fit,data/brain_tumor/pituitary/Tr-pi_442.jpg
data/out_of_scope/cat1_corruption/jpeg_q5/jpeg_q5_0071.png,cat1_corruption,jpeg_q5,"internal train split, corrupted in software",same as data/brain_tumor (internal training data),eval,data/brain_tumor/pituitary/Tr-pi_108.jpg
data/out_of_scope/cat1_corruption/jpeg_q5/jpeg_q5_0072.png,cat1_corruption,jpeg_q5,"internal train split, corrupted in software",same as data/brain_tumor (internal training data),eval,data/brain_tumor/pituitary/Tr-pi_653.jpg
data/out_of_scope/cat1_corruption/jpeg_q5/jpeg_q5_0073.png,cat1_corruption,jpeg_q5,"internal train split, corrupted in software",same as data/brain_tumor (internal training data),eval,data/brain_tumor/pituitary/Te-pi_146.jpg
data/out_of_scope/cat1_corruption/jpeg_q5/jpeg_q5_0074.png,cat1_corruption,jpeg_q5,"internal train split, corrupted in software",same as data/brain_tumor (internal training data),fit,data/brain_tumor/pituitary/Tr-pi_902.jpg
data/out_of_scope/cat1_corruption/jpeg_q5/jpeg_q5_0075.png,cat1_corruption,jpeg_q5,"internal train split, corrupted in software",same as data/brain_tumor (internal training data),eval,data/brain_tumor/pituitary/Tr-pi_1398.jpg
data/out_of_scope/cat1_corruption/jpeg_q5/jpeg_q5_0076.png,cat1_corruption,jpeg_q5,"internal train split, corrupted in software",same as data/brain_tumor (internal training data),eval,data/brain_tumor/pituitary/Tr-pi_431.jpg
data/out_of_scope/cat1_corruption/jpeg_q5/jpeg_q5_0077.png,cat1_corruption,jpeg_q5,"internal train split, corrupted in software",same as data/brain_tumor (internal training data),fit,data/brain_tumor/pituitary/Tr-pi_365.jpg
data/out_of_scope/cat1_corruption/jpeg_q5/jpeg_q5_0078.png,cat1_corruption,jpeg_q5,"internal train split, corrupted in software",same as data/brain_tumor (internal training data),fit,data/brain_tumor/pituitary/Tr-pi_1151.jpg
data/out_of_scope/cat1_corruption/jpeg_q5/jpeg_q5_0079.png,cat1_corruption,jpeg_q5,"internal train split, corrupted in software",same as data/brain_tumor (internal training data),eval,data/brain_tumor/pituitary/Tr-pi_525.jpg
data/out_of_scope/cat1_corruption/jpeg_q5/jpeg_q5_0080.png,cat1_corruption,jpeg_q5,"internal train split, corrupted in software",same as data/brain_tumor (internal training data),fit,data/brain_tumor/pituitary/Tr-pi_877.jpg
data/out_of_scope/cat1_corruption/jpeg_q5/jpeg_q5_0081.png,cat1_corruption,jpeg_q5,"internal train split, corrupted in software",same as data/brain_tumor (internal training data),fit,data/brain_tumor/pituitary/Te-pi_16.jpg
data/out_of_scope/cat1_corruption/jpeg_q5/jpeg_q5_0082.png,cat1_corruption,jpeg_q5,"internal train split, corrupted in software",same as data/brain_tumor (internal training data),fit,data/brain_tumor/pituitary/Tr-pi_1213.jpg
data/out_of_scope/cat1_corruption/jpeg_q5/jpeg_q5_0083.png,cat1_corruption,jpeg_q5,"internal train split, corrupted in software",same as data/brain_tumor (internal training data),eval,data/brain_tumor/pituitary/Tr-pi_906.jpg
data/out_of_scope/cat1_corruption/jpeg_q5/jpeg_q5_0084.png,cat1_corruption,jpeg_q5,"internal train split, corrupted in software",same as data/brain_tumor (internal training data),fit,data/brain_tumor/pituitary/Tr-pi_1190.jpg
data/out_of_scope/cat1_corruption/jpeg_q5/jpeg_q5_0085.png,cat1_corruption,jpeg_q5,"internal train split, corrupted in software",same as data/brain_tumor (internal training data),fit,data/brain_tumor/pituitary/Tr-pi_220.jpg
data/out_of_scope/cat1_corruption/jpeg_q5/jpeg_q5_0086.png,cat1_corruption,jpeg_q5,"internal train split, corrupted in software",same as data/brain_tumor (internal training data),fit,data/brain_tumor/pituitary/Tr-pi_40.jpg
data/out_of_scope/cat1_corruption/jpeg_q5/jpeg_q5_0087.png,cat1_corruption,jpeg_q5,"internal train split, corrupted in software",same as data/brain_tumor (internal training data),eval,data/brain_tumor/pituitary/Tr-pi_119.jpg
data/out_of_scope/cat1_corruption/jpeg_q5/jpeg_q5_0088.png,cat1_corruption,jpeg_q5,"internal train split, corrupted in software",same as data/brain_tumor (internal training data),eval,data/brain_tumor/pituitary/Tr-pi_1081.jpg
data/out_of_scope/cat1_corruption/jpeg_q5/jpeg_q5_0089.png,cat1_corruption,jpeg_q5,"internal train split, corrupted in software",same as data/brain_tumor (internal training data),eval,data/brain_tumor/pituitary/Tr-pi_76.jpg
data/out_of_scope/cat1_corruption/jpeg_q5/jpeg_q5_0090.png,cat1_corruption,jpeg_q5,"internal train split, corrupted in software",same as data/brain_tumor (internal training data),eval,data/brain_tumor/notumor/Tr-no_547.jpg
data/out_of_scope/cat1_corruption/jpeg_q5/jpeg_q5_0091.png,cat1_corruption,jpeg_q5,"internal train split, corrupted in software",same as data/brain_tumor (internal training data),fit,data/brain_tumor/notumor/Tr-no_1088.jpg
data/out_of_scope/cat1_corruption/jpeg_q5/jpeg_q5_0092.png,cat1_corruption,jpeg_q5,"internal train split, corrupted in software",same as data/brain_tumor (internal training data),fit,data/brain_tumor/notumor/Te-no_14.jpg
data/out_of_scope/cat1_corruption/jpeg_q5/jpeg_q5_0093.png,cat1_corruption,jpeg_q5,"internal train split, corrupted in software",same as data/brain_tumor (internal training data),eval,data/brain_tumor/notumor/Tr-no_1170.jpg
data/out_of_scope/cat1_corruption/jpeg_q5/jpeg_q5_0094.png,cat1_corruption,jpeg_q5,"internal train split, corrupted in software",same as data/brain_tumor (internal training data),fit,data/brain_tumor/notumor/Tr-no_416.jpg
data/out_of_scope/cat1_corruption/jpeg_q5/jpeg_q5_0095.png,cat1_corruption,jpeg_q5,"internal train split, corrupted in software",same as data/brain_tumor (internal training data),fit,data/brain_tumor/notumor/Tr-no_530.jpg
data/out_of_scope/cat1_corruption/jpeg_q5/jpeg_q5_0096.png,cat1_corruption,jpeg_q5,"internal train split, corrupted in software",same as data/brain_tumor (internal training data),eval,data/brain_tumor/notumor/Te-no_212.jpg
data/out_of_scope/cat1_corruption/jpeg_q5/jpeg_q5_0097.png,cat1_corruption,jpeg_q5,"internal train split, corrupted in software",same as data/brain_tumor (internal training data),fit,data/brain_tumor/notumor/Tr-no_513.jpg
data/out_of_scope/cat1_corruption/jpeg_q5/jpeg_q5_0098.png,cat1_corruption,jpeg_q5,"internal train split, corrupted in software",same as data/brain_tumor (internal training data),fit,data/brain_tumor/notumor/Tr-no_660.jpg
data/out_of_scope/cat1_corruption/jpeg_q5/jpeg_q5_0099.png,cat1_corruption,jpeg_q5,"internal train split, corrupted in software",same as data/brain_tumor (internal training data),eval,data/brain_tumor/notumor/Tr-no_95.jpg
data/out_of_scope/cat1_corruption/jpeg_q5/jpeg_q5_0100.png,cat1_corruption,jpeg_q5,"internal train split, corrupted in software",same as data/brain_tumor (internal training data),fit,data/brain_tumor/notumor/Tr-no_178.jpg
data/out_of_scope/cat1_corruption/jpeg_q5/jpeg_q5_0101.png,cat1_corruption,jpeg_q5,"internal train split, corrupted in software",same as data/brain_tumor (internal training data),fit,data/brain_tumor/notumor/Tr-no_401.jpg
data/out_of_scope/cat1_corruption/jpeg_q5/jpeg_q5_0102.png,cat1_corruption,jpeg_q5,"internal train split, corrupted in software",same as data/brain_tumor (internal training data),fit,data/brain_tumor/notumor/Te-no_140.jpg
data/out_of_scope/cat1_corruption/jpeg_q5/jpeg_q5_0103.png,cat1_corruption,jpeg_q5,"internal train split, corrupted in software",same as data/brain_tumor (internal training data),fit,data/brain_tumor/notumor/Tr-no_335.jpg
data/out_of_scope/cat1_corruption/jpeg_q5/jpeg_q5_0104.png,cat1_corruption,jpeg_q5,"internal train split, corrupted in software",same as data/brain_tumor (internal training data),fit,data/brain_tumor/notumor/Tr-no_477.jpg
data/out_of_scope/cat1_corruption/jpeg_q5/jpeg_q5_0105.png,cat1_corruption,jpeg_q5,"internal train split, corrupted in software",same as data/brain_tumor (internal training data),fit,data/brain_tumor/notumor/Tr-no_1257.jpg
data/out_of_scope/cat1_corruption/jpeg_q5/jpeg_q5_0106.png,cat1_corruption,jpeg_q5,"internal train split, corrupted in software",same as data/brain_tumor (internal training data),eval,data/brain_tumor/notumor/Tr-no_624.jpg
data/out_of_scope/cat1_corruption/jpeg_q5/jpeg_q5_0107.png,cat1_corruption,jpeg_q5,"internal train split, corrupted in software",same as data/brain_tumor (internal training data),fit,data/brain_tumor/notumor/Tr-no_20.jpg
data/out_of_scope/cat1_corruption/jpeg_q5/jpeg_q5_0108.png,cat1_corruption,jpeg_q5,"internal train split, corrupted in software",same as data/brain_tumor (internal training data),eval,data/brain_tumor/notumor/Te-no_240.jpg
data/out_of_scope/cat1_corruption/jpeg_q5/jpeg_q5_0109.png,cat1_corruption,jpeg_q5,"internal train split, corrupted in software",same as data/brain_tumor (internal training data),eval,data/brain_tumor/notumor/Tr-no_627.jpg
data/out_of_scope/cat1_corruption/jpeg_q5/jpeg_q5_0110.png,cat1_corruption,jpeg_q5,"internal train split, corrupted in software",same as data/brain_tumor (internal training data),eval,data/brain_tumor/notumor/Tr-no_1220.jpg
data/out_of_scope/cat1_corruption/jpeg_q5/jpeg_q5_0111.png,cat1_corruption,jpeg_q5,"internal train split, corrupted in software",same as data/brain_tumor (internal training data),eval,data/brain_tumor/notumor/Tr-no_446.jpg
data/out_of_scope/cat1_corruption/jpeg_q5/jpeg_q5_0112.png,cat1_corruption,jpeg_q5,"internal train split, corrupted in software",same as data/brain_tumor (internal training data),fit,data/brain_tumor/notumor/Tr-no_378.jpg
data/out_of_scope/cat1_corruption/jpeg_q5/jpeg_q5_0113.png,cat1_corruption,jpeg_q5,"internal train split, corrupted in software",same as data/brain_tumor (internal training data),fit,data/brain_tumor/notumor/Tr-no_596.jpg
data/out_of_scope/cat1_corruption/jpeg_q5/jpeg_q5_0114.png,cat1_corruption,jpeg_q5,"internal train split, corrupted in software",same as data/brain_tumor (internal training data),fit,data/brain_tumor/notumor/Te-no_223.jpg
data/out_of_scope/cat1_corruption/jpeg_q5/jpeg_q5_0115.png,cat1_corruption,jpeg_q5,"internal train split, corrupted in software",same as data/brain_tumor (internal training data),eval,data/brain_tumor/notumor/Te-no_105.jpg
data/out_of_scope/cat1_corruption/jpeg_q5/jpeg_q5_0116.png,cat1_corruption,jpeg_q5,"internal train split, corrupted in software",same as data/brain_tumor (internal training data),fit,data/brain_tumor/notumor/Tr-no_351.jpg
data/out_of_scope/cat1_corruption/jpeg_q5/jpeg_q5_0117.png,cat1_corruption,jpeg_q5,"internal train split, corrupted in software",same as data/brain_tumor (internal training data),eval,data/brain_tumor/notumor/Tr-no_966.jpg
data/out_of_scope/cat1_corruption/jpeg_q5/jpeg_q5_0118.png,cat1_corruption,jpeg_q5,"internal train split, corrupted in software",same as data/brain_tumor (internal training data),fit,data/brain_tumor/notumor/Tr-no_1284.jpg
data/out_of_scope/cat1_corruption/jpeg_q5/jpeg_q5_0119.png,cat1_corruption,jpeg_q5,"internal train split, corrupted in software",same as data/brain_tumor (internal training data),fit,data/brain_tumor/notumor/Tr-no_319.jpg
data/out_of_scope/cat1_corruption/thumbnail/thumbnail_0000.png,cat1_corruption,thumbnail,"internal train split, corrupted in software",same as data/brain_tumor (internal training data),eval,data/brain_tumor/glioma/Tr-gl_488.jpg
data/out_of_scope/cat1_corruption/thumbnail/thumbnail_0001.png,cat1_corruption,thumbnail,"internal train split, corrupted in software",same as data/brain_tumor (internal training data),fit,data/brain_tumor/glioma/Te-gl_224.jpg
data/out_of_scope/cat1_corruption/thumbnail/thumbnail_0002.png,cat1_corruption,thumbnail,"internal train split, corrupted in software",same as data/brain_tumor (internal training data),fit,data/brain_tumor/glioma/Tr-gl_946.jpg
data/out_of_scope/cat1_corruption/thumbnail/thumbnail_0003.png,cat1_corruption,thumbnail,"internal train split, corrupted in software",same as data/brain_tumor (internal training data),fit,data/brain_tumor/glioma/Tr-gl_1024.jpg
data/out_of_scope/cat1_corruption/thumbnail/thumbnail_0004.png,cat1_corruption,thumbnail,"internal train split, corrupted in software",same as data/brain_tumor (internal training data),eval,data/brain_tumor/glioma/Tr-gl_193.jpg
data/out_of_scope/cat1_corruption/thumbnail/thumbnail_0005.png,cat1_corruption,thumbnail,"internal train split, corrupted in software",same as data/brain_tumor (internal training data),eval,data/brain_tumor/glioma/Tr-gl_6.jpg
data/out_of_scope/cat1_corruption/thumbnail/thumbnail_0006.png,cat1_corruption,thumbnail,"internal train split, corrupted in software",same as data/brain_tumor (internal training data),fit,data/brain_tumor/glioma/Tr-gl_1120.jpg
data/out_of_scope/cat1_corruption/thumbnail/thumbnail_0007.png,cat1_corruption,thumbnail,"internal train split, corrupted in software",same as data/brain_tumor (internal training data),eval,data/brain_tumor/glioma/Te-gl_131.jpg
data/out_of_scope/cat1_corruption/thumbnail/thumbnail_0008.png,cat1_corruption,thumbnail,"internal train split, corrupted in software",same as data/brain_tumor (internal training data),eval,data/brain_tumor/glioma/Tr-gl_1052.jpg
data/out_of_scope/cat1_corruption/thumbnail/thumbnail_0009.png,cat1_corruption,thumbnail,"internal train split, corrupted in software",same as data/brain_tumor (internal training data),eval,data/brain_tumor/glioma/Tr-gl_574.jpg
data/out_of_scope/cat1_corruption/thumbnail/thumbnail_0010.png,cat1_corruption,thumbnail,"internal train split, corrupted in software",same as data/brain_tumor (internal training data),fit,data/brain_tumor/glioma/Tr-gl_711.jpg
data/out_of_scope/cat1_corruption/thumbnail/thumbnail_0011.png,cat1_corruption,thumbnail,"internal train split, corrupted in software",same as data/brain_tumor (internal training data),fit,data/brain_tumor/glioma/Te-gl_56.jpg
data/out_of_scope/cat1_corruption/thumbnail/thumbnail_0012.png,cat1_corruption,thumbnail,"internal train split, corrupted in software",same as data/brain_tumor (internal training data),eval,data/brain_tumor/glioma/Tr-gl_1252.jpg
data/out_of_scope/cat1_corruption/thumbnail/thumbnail_0013.png,cat1_corruption,thumbnail,"internal train split, corrupted in software",same as data/brain_tumor (internal training data),fit,data/brain_tumor/glioma/Te-gl_133.jpg
data/out_of_scope/cat1_corruption/thumbnail/thumbnail_0014.png,cat1_corruption,thumbnail,"internal train split, corrupted in software",same as data/brain_tumor (internal training data),fit,data/brain_tumor/glioma/Tr-gl_662.jpg
data/out_of_scope/cat1_corruption/thumbnail/thumbnail_0015.png,cat1_corruption,thumbnail,"internal train split, corrupted in software",same as data/brain_tumor (internal training data),eval,data/brain_tumor/glioma/Tr-gl_1225.jpg
data/out_of_scope/cat1_corruption/thumbnail/thumbnail_0016.png,cat1_corruption,thumbnail,"internal train split, corrupted in software",same as data/brain_tumor (internal training data),eval,data/brain_tumor/glioma/Tr-gl_443.jpg
data/out_of_scope/cat1_corruption/thumbnail/thumbnail_0017.png,cat1_corruption,thumbnail,"internal train split, corrupted in software",same as data/brain_tumor (internal training data),fit,data/brain_tumor/glioma/Te-gl_191.jpg
data/out_of_scope/cat1_corruption/thumbnail/thumbnail_0018.png,cat1_corruption,thumbnail,"internal train split, corrupted in software",same as data/brain_tumor (internal training data),fit,data/brain_tumor/glioma/Te-gl_280.jpg
data/out_of_scope/cat1_corruption/thumbnail/thumbnail_0019.png,cat1_corruption,thumbnail,"internal train split, corrupted in software",same as data/brain_tumor (internal training data),fit,data/brain_tumor/glioma/Tr-gl_114.jpg
data/out_of_scope/cat1_corruption/thumbnail/thumbnail_0020.png,cat1_corruption,thumbnail,"internal train split, corrupted in software",same as data/brain_tumor (internal training data),fit,data/brain_tumor/glioma/Tr-gl_886.jpg
data/out_of_scope/cat1_corruption/thumbnail/thumbnail_0021.png,cat1_corruption,thumbnail,"internal train split, corrupted in software",same as data/brain_tumor (internal training data),eval,data/brain_tumor/glioma/Te-gl_15.jpg
data/out_of_scope/cat1_corruption/thumbnail/thumbnail_0022.png,cat1_corruption,thumbnail,"internal train split, corrupted in software",same as data/brain_tumor (internal training data),eval,data/brain_tumor/glioma/Tr-gl_964.jpg
data/out_of_scope/cat1_corruption/thumbnail/thumbnail_0023.png,cat1_corruption,thumbnail,"internal train split, corrupted in software",same as data/brain_tumor (internal training data),eval,data/brain_tumor/glioma/Tr-gl_336.jpg
data/out_of_scope/cat1_corruption/thumbnail/thumbnail_0024.png,cat1_corruption,thumbnail,"internal train split, corrupted in software",same as data/brain_tumor (internal training data),fit,data/brain_tumor/glioma/Tr-gl_71.jpg
data/out_of_scope/cat1_corruption/thumbnail/thumbnail_0025.png,cat1_corruption,thumbnail,"internal train split, corrupted in software",same as data/brain_tumor (internal training data),eval,data/brain_tumor/glioma/Tr-gl_1214.jpg
data/out_of_scope/cat1_corruption/thumbnail/thumbnail_0026.png,cat1_corruption,thumbnail,"internal train split, corrupted in software",same as data/brain_tumor (internal training data),fit,data/brain_tumor/glioma/Tr-gl_314.jpg
data/out_of_scope/cat1_corruption/thumbnail/thumbnail_0027.png,cat1_corruption,thumbnail,"internal train split, corrupted in software",same as data/brain_tumor (internal training data),fit,data/brain_tumor/glioma/Tr-gl_992.jpg
data/out_of_scope/cat1_corruption/thumbnail/thumbnail_0028.png,cat1_corruption,thumbnail,"internal train split, corrupted in software",same as data/brain_tumor (internal training data),eval,data/brain_tumor/glioma/Tr-gl_832.jpg
data/out_of_scope/cat1_corruption/thumbnail/thumbnail_0029.png,cat1_corruption,thumbnail,"internal train split, corrupted in software",same as data/brain_tumor (internal training data),eval,data/brain_tumor/glioma/Tr-gl_777.jpg
data/out_of_scope/cat1_corruption/thumbnail/thumbnail_0030.png,cat1_corruption,thumbnail,"internal train split, corrupted in software",same as data/brain_tumor (internal training data),fit,data/brain_tumor/meningioma/Tr-me_260.jpg
data/out_of_scope/cat1_corruption/thumbnail/thumbnail_0031.png,cat1_corruption,thumbnail,"internal train split, corrupted in software",same as data/brain_tumor (internal training data),eval,data/brain_tumor/meningioma/Te-me_101.jpg
data/out_of_scope/cat1_corruption/thumbnail/thumbnail_0032.png,cat1_corruption,thumbnail,"internal train split, corrupted in software",same as data/brain_tumor (internal training data),eval,data/brain_tumor/meningioma/Tr-me_232.jpg
data/out_of_scope/cat1_corruption/thumbnail/thumbnail_0033.png,cat1_corruption,thumbnail,"internal train split, corrupted in software",same as data/brain_tumor (internal training data),eval,data/brain_tumor/meningioma/Tr-me_870.jpg
data/out_of_scope/cat1_corruption/thumbnail/thumbnail_0034.png,cat1_corruption,thumbnail,"internal train split, corrupted in software",same as data/brain_tumor (internal training data),eval,data/brain_tumor/meningioma/Tr-me_1204.jpg
data/out_of_scope/cat1_corruption/thumbnail/thumbnail_0035.png,cat1_corruption,thumbnail,"internal train split, corrupted in software",same as data/brain_tumor (internal training data),eval,data/brain_tumor/meningioma/Te-me_33.jpg
data/out_of_scope/cat1_corruption/thumbnail/thumbnail_0036.png,cat1_corruption,thumbnail,"internal train split, corrupted in software",same as data/brain_tumor (internal training data),fit,data/brain_tumor/meningioma/Tr-me_1059.jpg
data/out_of_scope/cat1_corruption/thumbnail/thumbnail_0037.png,cat1_corruption,thumbnail,"internal train split, corrupted in software",same as data/brain_tumor (internal training data),eval,data/brain_tumor/meningioma/Te-me_48.jpg
data/out_of_scope/cat1_corruption/thumbnail/thumbnail_0038.png,cat1_corruption,thumbnail,"internal train split, corrupted in software",same as data/brain_tumor (internal training data),eval,data/brain_tumor/meningioma/Te-me_112.jpg
data/out_of_scope/cat1_corruption/thumbnail/thumbnail_0039.png,cat1_corruption,thumbnail,"internal train split, corrupted in software",same as data/brain_tumor (internal training data),fit,data/brain_tumor/meningioma/Tr-me_64.jpg
data/out_of_scope/cat1_corruption/thumbnail/thumbnail_0040.png,cat1_corruption,thumbnail,"internal train split, corrupted in software",same as data/brain_tumor (internal training data),eval,data/brain_tumor/meningioma/Te-aug-me_68.jpg
data/out_of_scope/cat1_corruption/thumbnail/thumbnail_0041.png,cat1_corruption,thumbnail,"internal train split, corrupted in software",same as data/brain_tumor (internal training data),fit,data/brain_tumor/meningioma/Tr-me_1091.jpg
data/out_of_scope/cat1_corruption/thumbnail/thumbnail_0042.png,cat1_corruption,thumbnail,"internal train split, corrupted in software",same as data/brain_tumor (internal training data),eval,data/brain_tumor/meningioma/Tr-me_1047.jpg
data/out_of_scope/cat1_corruption/thumbnail/thumbnail_0043.png,cat1_corruption,thumbnail,"internal train split, corrupted in software",same as data/brain_tumor (internal training data),fit,data/brain_tumor/meningioma/Tr-me_698.jpg
data/out_of_scope/cat1_corruption/thumbnail/thumbnail_0044.png,cat1_corruption,thumbnail,"internal train split, corrupted in software",same as data/brain_tumor (internal training data),eval,data/brain_tumor/meningioma/Tr-me_610.jpg
data/out_of_scope/cat1_corruption/thumbnail/thumbnail_0045.png,cat1_corruption,thumbnail,"internal train split, corrupted in software",same as data/brain_tumor (internal training data),eval,data/brain_tumor/meningioma/Tr-me_403.jpg
data/out_of_scope/cat1_corruption/thumbnail/thumbnail_0046.png,cat1_corruption,thumbnail,"internal train split, corrupted in software",same as data/brain_tumor (internal training data),eval,data/brain_tumor/meningioma/Tr-me_503.jpg
data/out_of_scope/cat1_corruption/thumbnail/thumbnail_0047.png,cat1_corruption,thumbnail,"internal train split, corrupted in software",same as data/brain_tumor (internal training data),fit,data/brain_tumor/meningioma/Te-aug-me_50.jpg
data/out_of_scope/cat1_corruption/thumbnail/thumbnail_0048.png,cat1_corruption,thumbnail,"internal train split, corrupted in software",same as data/brain_tumor (internal training data),eval,data/brain_tumor/meningioma/Tr-me_460.jpg
data/out_of_scope/cat1_corruption/thumbnail/thumbnail_0049.png,cat1_corruption,thumbnail,"internal train split, corrupted in software",same as data/brain_tumor (internal training data),fit,data/brain_tumor/meningioma/Tr-me_505.jpg
data/out_of_scope/cat1_corruption/thumbnail/thumbnail_0050.png,cat1_corruption,thumbnail,"internal train split, corrupted in software",same as data/brain_tumor (internal training data),eval,data/brain_tumor/meningioma/Tr-me_664.jpg
data/out_of_scope/cat1_corruption/thumbnail/thumbnail_0051.png,cat1_corruption,thumbnail,"internal train split, corrupted in software",same as data/brain_tumor (internal training data),eval,data/brain_tumor/meningioma/Te-aug-me_5.jpg
data/out_of_scope/cat1_corruption/thumbnail/thumbnail_0052.png,cat1_corruption,thumbnail,"internal train split, corrupted in software",same as data/brain_tumor (internal training data),fit,data/brain_tumor/meningioma/Tr-me_774.jpg
data/out_of_scope/cat1_corruption/thumbnail/thumbnail_0053.png,cat1_corruption,thumbnail,"internal train split, corrupted in software",same as data/brain_tumor (internal training data),eval,data/brain_tumor/meningioma/Tr-me_306.jpg
data/out_of_scope/cat1_corruption/thumbnail/thumbnail_0054.png,cat1_corruption,thumbnail,"internal train split, corrupted in software",same as data/brain_tumor (internal training data),fit,data/brain_tumor/meningioma/Tr-me_1296.jpg
data/out_of_scope/cat1_corruption/thumbnail/thumbnail_0055.png,cat1_corruption,thumbnail,"internal train split, corrupted in software",same as data/brain_tumor (internal training data),fit,data/brain_tumor/meningioma/Tr-me_600.jpg
data/out_of_scope/cat1_corruption/thumbnail/thumbnail_0056.png,cat1_corruption,thumbnail,"internal train split, corrupted in software",same as data/brain_tumor (internal training data),eval,data/brain_tumor/meningioma/Tr-me_464.jpg
data/out_of_scope/cat1_corruption/thumbnail/thumbnail_0057.png,cat1_corruption,thumbnail,"internal train split, corrupted in software",same as data/brain_tumor (internal training data),fit,data/brain_tumor/meningioma/Tr-me_1153.jpg
data/out_of_scope/cat1_corruption/thumbnail/thumbnail_0058.png,cat1_corruption,thumbnail,"internal train split, corrupted in software",same as data/brain_tumor (internal training data),fit,data/brain_tumor/meningioma/Tr-me_454.jpg
data/out_of_scope/cat1_corruption/thumbnail/thumbnail_0059.png,cat1_corruption,thumbnail,"internal train split, corrupted in software",same as data/brain_tumor (internal training data),eval,data/brain_tumor/meningioma/Tr-me_819.jpg
data/out_of_scope/cat1_corruption/thumbnail/thumbnail_0060.png,cat1_corruption,thumbnail,"internal train split, corrupted in software",same as data/brain_tumor (internal training data),fit,data/brain_tumor/pituitary/Tr-pi_422.jpg
data/out_of_scope/cat1_corruption/thumbnail/thumbnail_0061.png,cat1_corruption,thumbnail,"internal train split, corrupted in software",same as data/brain_tumor (internal training data),eval,data/brain_tumor/pituitary/Tr-pi_353.jpg
data/out_of_scope/cat1_corruption/thumbnail/thumbnail_0062.png,cat1_corruption,thumbnail,"internal train split, corrupted in software",same as data/brain_tumor (internal training data),eval,data/brain_tumor/pituitary/Tr-pi_515.jpg
data/out_of_scope/cat1_corruption/thumbnail/thumbnail_0063.png,cat1_corruption,thumbnail,"internal train split, corrupted in software",same as data/brain_tumor (internal training data),fit,data/brain_tumor/pituitary/Tr-pi_561.jpg
data/out_of_scope/cat1_corruption/thumbnail/thumbnail_0064.png,cat1_corruption,thumbnail,"internal train split, corrupted in software",same as data/brain_tumor (internal training data),eval,data/brain_tumor/pituitary/Tr-pi_1167.jpg
data/out_of_scope/cat1_corruption/thumbnail/thumbnail_0065.png,cat1_corruption,thumbnail,"internal train split, corrupted in software",same as data/brain_tumor (internal training data),fit,data/brain_tumor/pituitary/Tr-pi_860.jpg
data/out_of_scope/cat1_corruption/thumbnail/thumbnail_0066.png,cat1_corruption,thumbnail,"internal train split, corrupted in software",same as data/brain_tumor (internal training data),eval,data/brain_tumor/pituitary/Te-pi_20.jpg
data/out_of_scope/cat1_corruption/thumbnail/thumbnail_0067.png,cat1_corruption,thumbnail,"internal train split, corrupted in software",same as data/brain_tumor (internal training data),fit,data/brain_tumor/pituitary/Te-pi_144.jpg
data/out_of_scope/cat1_corruption/thumbnail/thumbnail_0068.png,cat1_corruption,thumbnail,"internal train split, corrupted in software",same as data/brain_tumor (internal training data),eval,data/brain_tumor/pituitary/Tr-pi_516.jpg
data/out_of_scope/cat1_corruption/thumbnail/thumbnail_0069.png,cat1_corruption,thumbnail,"internal train split, corrupted in software",same as data/brain_tumor (internal training data),eval,data/brain_tumor/pituitary/Tr-pi_644.jpg
data/out_of_scope/cat1_corruption/thumbnail/thumbnail_0070.png,cat1_corruption,thumbnail,"internal train split, corrupted in software",same as data/brain_tumor (internal training data),fit,data/brain_tumor/pituitary/Tr-pi_442.jpg
data/out_of_scope/cat1_corruption/thumbnail/thumbnail_0071.png,cat1_corruption,thumbnail,"internal train split, corrupted in software",same as data/brain_tumor (internal training data),eval,data/brain_tumor/pituitary/Tr-pi_108.jpg
data/out_of_scope/cat1_corruption/thumbnail/thumbnail_0072.png,cat1_corruption,thumbnail,"internal train split, corrupted in software",same as data/brain_tumor (internal training data),eval,data/brain_tumor/pituitary/Tr-pi_653.jpg
data/out_of_scope/cat1_corruption/thumbnail/thumbnail_0073.png,cat1_corruption,thumbnail,"internal train split, corrupted in software",same as data/brain_tumor (internal training data),eval,data/brain_tumor/pituitary/Te-pi_146.jpg
data/out_of_scope/cat1_corruption/thumbnail/thumbnail_0074.png,cat1_corruption,thumbnail,"internal train split, corrupted in software",same as data/brain_tumor (internal training data),fit,data/brain_tumor/pituitary/Tr-pi_902.jpg
data/out_of_scope/cat1_corruption/thumbnail/thumbnail_0075.png,cat1_corruption,thumbnail,"internal train split, corrupted in software",same as data/brain_tumor (internal training data),eval,data/brain_tumor/pituitary/Tr-pi_1398.jpg
data/out_of_scope/cat1_corruption/thumbnail/thumbnail_0076.png,cat1_corruption,thumbnail,"internal train split, corrupted in software",same as data/brain_tumor (internal training data),eval,data/brain_tumor/pituitary/Tr-pi_431.jpg
data/out_of_scope/cat1_corruption/thumbnail/thumbnail_0077.png,cat1_corruption,thumbnail,"internal train split, corrupted in software",same as data/brain_tumor (internal training data),fit,data/brain_tumor/pituitary/Tr-pi_365.jpg
data/out_of_scope/cat1_corruption/thumbnail/thumbnail_0078.png,cat1_corruption,thumbnail,"internal train split, corrupted in software",same as data/brain_tumor (internal training data),fit,data/brain_tumor/pituitary/Tr-pi_1151.jpg
data/out_of_scope/cat1_corruption/thumbnail/thumbnail_0079.png,cat1_corruption,thumbnail,"internal train split, corrupted in software",same as data/brain_tumor (internal training data),eval,data/brain_tumor/pituitary/Tr-pi_525.jpg
data/out_of_scope/cat1_corruption/thumbnail/thumbnail_0080.png,cat1_corruption,thumbnail,"internal train split, corrupted in software",same as data/brain_tumor (internal training data),fit,data/brain_tumor/pituitary/Tr-pi_877.jpg
data/out_of_scope/cat1_corruption/thumbnail/thumbnail_0081.png,cat1_corruption,thumbnail,"internal train split, corrupted in software",same as data/brain_tumor (internal training data),fit,data/brain_tumor/pituitary/Te-pi_16.jpg
data/out_of_scope/cat1_corruption/thumbnail/thumbnail_0082.png,cat1_corruption,thumbnail,"internal train split, corrupted in software",same as data/brain_tumor (internal training data),fit,data/brain_tumor/pituitary/Tr-pi_1213.jpg
data/out_of_scope/cat1_corruption/thumbnail/thumbnail_0083.png,cat1_corruption,thumbnail,"internal train split, corrupted in software",same as data/brain_tumor (internal training data),eval,data/brain_tumor/pituitary/Tr-pi_906.jpg
data/out_of_scope/cat1_corruption/thumbnail/thumbnail_0084.png,cat1_corruption,thumbnail,"internal train split, corrupted in software",same as data/brain_tumor (internal training data),fit,data/brain_tumor/pituitary/Tr-pi_1190.jpg
data/out_of_scope/cat1_corruption/thumbnail/thumbnail_0085.png,cat1_corruption,thumbnail,"internal train split, corrupted in software",same as data/brain_tumor (internal training data),fit,data/brain_tumor/pituitary/Tr-pi_220.jpg
data/out_of_scope/cat1_corruption/thumbnail/thumbnail_0086.png,cat1_corruption,thumbnail,"internal train split, corrupted in software",same as data/brain_tumor (internal training data),fit,data/brain_tumor/pituitary/Tr-pi_40.jpg
data/out_of_scope/cat1_corruption/thumbnail/thumbnail_0087.png,cat1_corruption,thumbnail,"internal train split, corrupted in software",same as data/brain_tumor (internal training data),eval,data/brain_tumor/pituitary/Tr-pi_119.jpg
data/out_of_scope/cat1_corruption/thumbnail/thumbnail_0088.png,cat1_corruption,thumbnail,"internal train split, corrupted in software",same as data/brain_tumor (internal training data),eval,data/brain_tumor/pituitary/Tr-pi_1081.jpg
data/out_of_scope/cat1_corruption/thumbnail/thumbnail_0089.png,cat1_corruption,thumbnail,"internal train split, corrupted in software",same as data/brain_tumor (internal training data),eval,data/brain_tumor/pituitary/Tr-pi_76.jpg
data/out_of_scope/cat1_corruption/thumbnail/thumbnail_0090.png,cat1_corruption,thumbnail,"internal train split, corrupted in software",same as data/brain_tumor (internal training data),eval,data/brain_tumor/notumor/Tr-no_547.jpg
data/out_of_scope/cat1_corruption/thumbnail/thumbnail_0091.png,cat1_corruption,thumbnail,"internal train split, corrupted in software",same as data/brain_tumor (internal training data),fit,data/brain_tumor/notumor/Tr-no_1088.jpg
data/out_of_scope/cat1_corruption/thumbnail/thumbnail_0092.png,cat1_corruption,thumbnail,"internal train split, corrupted in software",same as data/brain_tumor (internal training data),fit,data/brain_tumor/notumor/Te-no_14.jpg
data/out_of_scope/cat1_corruption/thumbnail/thumbnail_0093.png,cat1_corruption,thumbnail,"internal train split, corrupted in software",same as data/brain_tumor (internal training data),eval,data/brain_tumor/notumor/Tr-no_1170.jpg
data/out_of_scope/cat1_corruption/thumbnail/thumbnail_0094.png,cat1_corruption,thumbnail,"internal train split, corrupted in software",same as data/brain_tumor (internal training data),fit,data/brain_tumor/notumor/Tr-no_416.jpg
data/out_of_scope/cat1_corruption/thumbnail/thumbnail_0095.png,cat1_corruption,thumbnail,"internal train split, corrupted in software",same as data/brain_tumor (internal training data),fit,data/brain_tumor/notumor/Tr-no_530.jpg
data/out_of_scope/cat1_corruption/thumbnail/thumbnail_0096.png,cat1_corruption,thumbnail,"internal train split, corrupted in software",same as data/brain_tumor (internal training data),eval,data/brain_tumor/notumor/Te-no_212.jpg
data/out_of_scope/cat1_corruption/thumbnail/thumbnail_0097.png,cat1_corruption,thumbnail,"internal train split, corrupted in software",same as data/brain_tumor (internal training data),fit,data/brain_tumor/notumor/Tr-no_513.jpg
data/out_of_scope/cat1_corruption/thumbnail/thumbnail_0098.png,cat1_corruption,thumbnail,"internal train split, corrupted in software",same as data/brain_tumor (internal training data),fit,data/brain_tumor/notumor/Tr-no_660.jpg
data/out_of_scope/cat1_corruption/thumbnail/thumbnail_0099.png,cat1_corruption,thumbnail,"internal train split, corrupted in software",same as data/brain_tumor (internal training data),eval,data/brain_tumor/notumor/Tr-no_95.jpg
data/out_of_scope/cat1_corruption/thumbnail/thumbnail_0100.png,cat1_corruption,thumbnail,"internal train split, corrupted in software",same as data/brain_tumor (internal training data),fit,data/brain_tumor/notumor/Tr-no_178.jpg
data/out_of_scope/cat1_corruption/thumbnail/thumbnail_0101.png,cat1_corruption,thumbnail,"internal train split, corrupted in software",same as data/brain_tumor (internal training data),fit,data/brain_tumor/notumor/Tr-no_401.jpg
data/out_of_scope/cat1_corruption/thumbnail/thumbnail_0102.png,cat1_corruption,thumbnail,"internal train split, corrupted in software",same as data/brain_tumor (internal training data),fit,data/brain_tumor/notumor/Te-no_140.jpg
data/out_of_scope/cat1_corruption/thumbnail/thumbnail_0103.png,cat1_corruption,thumbnail,"internal train split, corrupted in software",same as data/brain_tumor (internal training data),fit,data/brain_tumor/notumor/Tr-no_335.jpg
data/out_of_scope/cat1_corruption/thumbnail/thumbnail_0104.png,cat1_corruption,thumbnail,"internal train split, corrupted in software",same as data/brain_tumor (internal training data),fit,data/brain_tumor/notumor/Tr-no_477.jpg
data/out_of_scope/cat1_corruption/thumbnail/thumbnail_0105.png,cat1_corruption,thumbnail,"internal train split, corrupted in software",same as data/brain_tumor (internal training data),fit,data/brain_tumor/notumor/Tr-no_1257.jpg
data/out_of_scope/cat1_corruption/thumbnail/thumbnail_0106.png,cat1_corruption,thumbnail,"internal train split, corrupted in software",same as data/brain_tumor (internal training data),eval,data/brain_tumor/notumor/Tr-no_624.jpg
data/out_of_scope/cat1_corruption/thumbnail/thumbnail_0107.png,cat1_corruption,thumbnail,"internal train split, corrupted in software",same as data/brain_tumor (internal training data),fit,data/brain_tumor/notumor/Tr-no_20.jpg
data/out_of_scope/cat1_corruption/thumbnail/thumbnail_0108.png,cat1_corruption,thumbnail,"internal train split, corrupted in software",same as data/brain_tumor (internal training data),eval,data/brain_tumor/notumor/Te-no_240.jpg
data/out_of_scope/cat1_corruption/thumbnail/thumbnail_0109.png,cat1_corruption,thumbnail,"internal train split, corrupted in software",same as data/brain_tumor (internal training data),eval,data/brain_tumor/notumor/Tr-no_627.jpg
data/out_of_scope/cat1_corruption/thumbnail/thumbnail_0110.png,cat1_corruption,thumbnail,"internal train split, corrupted in software",same as data/brain_tumor (internal training data),eval,data/brain_tumor/notumor/Tr-no_1220.jpg
data/out_of_scope/cat1_corruption/thumbnail/thumbnail_0111.png,cat1_corruption,thumbnail,"internal train split, corrupted in software",same as data/brain_tumor (internal training data),eval,data/brain_tumor/notumor/Tr-no_446.jpg
data/out_of_scope/cat1_corruption/thumbnail/thumbnail_0112.png,cat1_corruption,thumbnail,"internal train split, corrupted in software",same as data/brain_tumor (internal training data),fit,data/brain_tumor/notumor/Tr-no_378.jpg
data/out_of_scope/cat1_corruption/thumbnail/thumbnail_0113.png,cat1_corruption,thumbnail,"internal train split, corrupted in software",same as data/brain_tumor (internal training data),fit,data/brain_tumor/notumor/Tr-no_596.jpg
data/out_of_scope/cat1_corruption/thumbnail/thumbnail_0114.png,cat1_corruption,thumbnail,"internal train split, corrupted in software",same as data/brain_tumor (internal training data),fit,data/brain_tumor/notumor/Te-no_223.jpg
data/out_of_scope/cat1_corruption/thumbnail/thumbnail_0115.png,cat1_corruption,thumbnail,"internal train split, corrupted in software",same as data/brain_tumor (internal training data),eval,data/brain_tumor/notumor/Te-no_105.jpg
data/out_of_scope/cat1_corruption/thumbnail/thumbnail_0116.png,cat1_corruption,thumbnail,"internal train split, corrupted in software",same as data/brain_tumor (internal training data),fit,data/brain_tumor/notumor/Tr-no_351.jpg
data/out_of_scope/cat1_corruption/thumbnail/thumbnail_0117.png,cat1_corruption,thumbnail,"internal train split, corrupted in software",same as data/brain_tumor (internal training data),eval,data/brain_tumor/notumor/Tr-no_966.jpg
data/out_of_scope/cat1_corruption/thumbnail/thumbnail_0118.png,cat1_corruption,thumbnail,"internal train split, corrupted in software",same as data/brain_tumor (internal training data),fit,data/brain_tumor/notumor/Tr-no_1284.jpg
data/out_of_scope/cat1_corruption/thumbnail/thumbnail_0119.png,cat1_corruption,thumbnail,"internal train split, corrupted in software",same as data/brain_tumor (internal training data),fit,data/brain_tumor/notumor/Tr-no_319.jpg
data/out_of_scope/cat1_corruption/solid_colour/solid_colour_0000.png,cat1_corruption,solid_colour,generated in software,"n/a, generated",fit,
data/out_of_scope/cat1_corruption/solid_colour/solid_colour_0001.png,cat1_corruption,solid_colour,generated in software,"n/a, generated",fit,
data/out_of_scope/cat1_corruption/solid_colour/solid_colour_0002.png,cat1_corruption,solid_colour,generated in software,"n/a, generated",fit,
data/out_of_scope/cat1_corruption/solid_colour/solid_colour_0003.png,cat1_corruption,solid_colour,generated in software,"n/a, generated",fit,
data/out_of_scope/cat1_corruption/solid_colour/solid_colour_0004.png,cat1_corruption,solid_colour,generated in software,"n/a, generated",fit,
data/out_of_scope/cat1_corruption/solid_colour/solid_colour_0005.png,cat1_corruption,solid_colour,generated in software,"n/a, generated",fit,
data/out_of_scope/cat1_corruption/solid_colour/solid_colour_0006.png,cat1_corruption,solid_colour,generated in software,"n/a, generated",fit,
data/out_of_scope/cat1_corruption/solid_colour/solid_colour_0007.png,cat1_corruption,solid_colour,generated in software,"n/a, generated",fit,
data/out_of_scope/cat1_corruption/solid_colour/solid_colour_0008.png,cat1_corruption,solid_colour,generated in software,"n/a, generated",fit,
data/out_of_scope/cat1_corruption/solid_colour/solid_colour_0009.png,cat1_corruption,solid_colour,generated in software,"n/a, generated",fit,
data/out_of_scope/cat1_corruption/solid_colour/solid_colour_0010.png,cat1_corruption,solid_colour,generated in software,"n/a, generated",fit,
data/out_of_scope/cat1_corruption/solid_colour/solid_colour_0011.png,cat1_corruption,solid_colour,generated in software,"n/a, generated",fit,
data/out_of_scope/cat1_corruption/solid_colour/solid_colour_0012.png,cat1_corruption,solid_colour,generated in software,"n/a, generated",fit,
data/out_of_scope/cat1_corruption/solid_colour/solid_colour_0013.png,cat1_corruption,solid_colour,generated in software,"n/a, generated",fit,
data/out_of_scope/cat1_corruption/solid_colour/solid_colour_0014.png,cat1_corruption,solid_colour,generated in software,"n/a, generated",fit,
data/out_of_scope/cat1_corruption/solid_colour/solid_colour_0015.png,cat1_corruption,solid_colour,generated in software,"n/a, generated",fit,
data/out_of_scope/cat1_corruption/solid_colour/solid_colour_0016.png,cat1_corruption,solid_colour,generated in software,"n/a, generated",fit,
data/out_of_scope/cat1_corruption/solid_colour/solid_colour_0017.png,cat1_corruption,solid_colour,generated in software,"n/a, generated",fit,
data/out_of_scope/cat1_corruption/solid_colour/solid_colour_0018.png,cat1_corruption,solid_colour,generated in software,"n/a, generated",fit,
data/out_of_scope/cat1_corruption/solid_colour/solid_colour_0019.png,cat1_corruption,solid_colour,generated in software,"n/a, generated",fit,
data/out_of_scope/cat1_corruption/solid_colour/solid_colour_0020.png,cat1_corruption,solid_colour,generated in software,"n/a, generated",fit,
data/out_of_scope/cat1_corruption/solid_colour/solid_colour_0021.png,cat1_corruption,solid_colour,generated in software,"n/a, generated",fit,
data/out_of_scope/cat1_corruption/solid_colour/solid_colour_0022.png,cat1_corruption,solid_colour,generated in software,"n/a, generated",fit,
data/out_of_scope/cat1_corruption/solid_colour/solid_colour_0023.png,cat1_corruption,solid_colour,generated in software,"n/a, generated",fit,
data/out_of_scope/cat1_corruption/solid_colour/solid_colour_0024.png,cat1_corruption,solid_colour,generated in software,"n/a, generated",fit,
data/out_of_scope/cat1_corruption/solid_colour/solid_colour_0025.png,cat1_corruption,solid_colour,generated in software,"n/a, generated",fit,
data/out_of_scope/cat1_corruption/solid_colour/solid_colour_0026.png,cat1_corruption,solid_colour,generated in software,"n/a, generated",fit,
data/out_of_scope/cat1_corruption/solid_colour/solid_colour_0027.png,cat1_corruption,solid_colour,generated in software,"n/a, generated",fit,
data/out_of_scope/cat1_corruption/solid_colour/solid_colour_0028.png,cat1_corruption,solid_colour,generated in software,"n/a, generated",fit,
data/out_of_scope/cat1_corruption/solid_colour/solid_colour_0029.png,cat1_corruption,solid_colour,generated in software,"n/a, generated",fit,
data/out_of_scope/cat1_corruption/solid_colour/solid_colour_0030.png,cat1_corruption,solid_colour,generated in software,"n/a, generated",fit,
data/out_of_scope/cat1_corruption/solid_colour/solid_colour_0031.png,cat1_corruption,solid_colour,generated in software,"n/a, generated",fit,
data/out_of_scope/cat1_corruption/solid_colour/solid_colour_0032.png,cat1_corruption,solid_colour,generated in software,"n/a, generated",fit,
data/out_of_scope/cat1_corruption/solid_colour/solid_colour_0033.png,cat1_corruption,solid_colour,generated in software,"n/a, generated",fit,
data/out_of_scope/cat1_corruption/solid_colour/solid_colour_0034.png,cat1_corruption,solid_colour,generated in software,"n/a, generated",fit,
data/out_of_scope/cat1_corruption/solid_colour/solid_colour_0035.png,cat1_corruption,solid_colour,generated in software,"n/a, generated",fit,
data/out_of_scope/cat1_corruption/solid_colour/solid_colour_0036.png,cat1_corruption,solid_colour,generated in software,"n/a, generated",fit,
data/out_of_scope/cat1_corruption/solid_colour/solid_colour_0037.png,cat1_corruption,solid_colour,generated in software,"n/a, generated",fit,
data/out_of_scope/cat1_corruption/solid_colour/solid_colour_0038.png,cat1_corruption,solid_colour,generated in software,"n/a, generated",fit,
data/out_of_scope/cat1_corruption/solid_colour/solid_colour_0039.png,cat1_corruption,solid_colour,generated in software,"n/a, generated",fit,
data/out_of_scope/cat1_corruption/solid_colour/solid_colour_0040.png,cat1_corruption,solid_colour,generated in software,"n/a, generated",fit,
data/out_of_scope/cat1_corruption/solid_colour/solid_colour_0041.png,cat1_corruption,solid_colour,generated in software,"n/a, generated",fit,
data/out_of_scope/cat1_corruption/solid_colour/solid_colour_0042.png,cat1_corruption,solid_colour,generated in software,"n/a, generated",fit,
data/out_of_scope/cat1_corruption/solid_colour/solid_colour_0043.png,cat1_corruption,solid_colour,generated in software,"n/a, generated",fit,
data/out_of_scope/cat1_corruption/solid_colour/solid_colour_0044.png,cat1_corruption,solid_colour,generated in software,"n/a, generated",fit,
data/out_of_scope/cat1_corruption/solid_colour/solid_colour_0045.png,cat1_corruption,solid_colour,generated in software,"n/a, generated",fit,
data/out_of_scope/cat1_corruption/solid_colour/solid_colour_0046.png,cat1_corruption,solid_colour,generated in software,"n/a, generated",fit,
data/out_of_scope/cat1_corruption/solid_colour/solid_colour_0047.png,cat1_corruption,solid_colour,generated in software,"n/a, generated",fit,
data/out_of_scope/cat1_corruption/solid_colour/solid_colour_0048.png,cat1_corruption,solid_colour,generated in software,"n/a, generated",fit,
data/out_of_scope/cat1_corruption/solid_colour/solid_colour_0049.png,cat1_corruption,solid_colour,generated in software,"n/a, generated",fit,
data/out_of_scope/cat1_corruption/solid_colour/solid_colour_0050.png,cat1_corruption,solid_colour,generated in software,"n/a, generated",fit,
data/out_of_scope/cat1_corruption/solid_colour/solid_colour_0051.png,cat1_corruption,solid_colour,generated in software,"n/a, generated",fit,
data/out_of_scope/cat1_corruption/solid_colour/solid_colour_0052.png,cat1_corruption,solid_colour,generated in software,"n/a, generated",fit,
data/out_of_scope/cat1_corruption/solid_colour/solid_colour_0053.png,cat1_corruption,solid_colour,generated in software,"n/a, generated",fit,
data/out_of_scope/cat1_corruption/solid_colour/solid_colour_0054.png,cat1_corruption,solid_colour,generated in software,"n/a, generated",fit,
data/out_of_scope/cat1_corruption/solid_colour/solid_colour_0055.png,cat1_corruption,solid_colour,generated in software,"n/a, generated",fit,
data/out_of_scope/cat1_corruption/solid_colour/solid_colour_0056.png,cat1_corruption,solid_colour,generated in software,"n/a, generated",fit,
data/out_of_scope/cat1_corruption/solid_colour/solid_colour_0057.png,cat1_corruption,solid_colour,generated in software,"n/a, generated",fit,
data/out_of_scope/cat1_corruption/solid_colour/solid_colour_0058.png,cat1_corruption,solid_colour,generated in software,"n/a, generated",fit,
data/out_of_scope/cat1_corruption/solid_colour/solid_colour_0059.png,cat1_corruption,solid_colour,generated in software,"n/a, generated",fit,
data/out_of_scope/cat1_corruption/solid_colour/solid_colour_0060.png,cat1_corruption,solid_colour,generated in software,"n/a, generated",eval,
data/out_of_scope/cat1_corruption/solid_colour/solid_colour_0061.png,cat1_corruption,solid_colour,generated in software,"n/a, generated",eval,
data/out_of_scope/cat1_corruption/solid_colour/solid_colour_0062.png,cat1_corruption,solid_colour,generated in software,"n/a, generated",eval,
data/out_of_scope/cat1_corruption/solid_colour/solid_colour_0063.png,cat1_corruption,solid_colour,generated in software,"n/a, generated",eval,
data/out_of_scope/cat1_corruption/solid_colour/solid_colour_0064.png,cat1_corruption,solid_colour,generated in software,"n/a, generated",eval,
data/out_of_scope/cat1_corruption/solid_colour/solid_colour_0065.png,cat1_corruption,solid_colour,generated in software,"n/a, generated",eval,
data/out_of_scope/cat1_corruption/solid_colour/solid_colour_0066.png,cat1_corruption,solid_colour,generated in software,"n/a, generated",eval,
data/out_of_scope/cat1_corruption/solid_colour/solid_colour_0067.png,cat1_corruption,solid_colour,generated in software,"n/a, generated",eval,
data/out_of_scope/cat1_corruption/solid_colour/solid_colour_0068.png,cat1_corruption,solid_colour,generated in software,"n/a, generated",eval,
data/out_of_scope/cat1_corruption/solid_colour/solid_colour_0069.png,cat1_corruption,solid_colour,generated in software,"n/a, generated",eval,
data/out_of_scope/cat1_corruption/solid_colour/solid_colour_0070.png,cat1_corruption,solid_colour,generated in software,"n/a, generated",eval,
data/out_of_scope/cat1_corruption/solid_colour/solid_colour_0071.png,cat1_corruption,solid_colour,generated in software,"n/a, generated",eval,
data/out_of_scope/cat1_corruption/solid_colour/solid_colour_0072.png,cat1_corruption,solid_colour,generated in software,"n/a, generated",eval,
data/out_of_scope/cat1_corruption/solid_colour/solid_colour_0073.png,cat1_corruption,solid_colour,generated in software,"n/a, generated",eval,
data/out_of_scope/cat1_corruption/solid_colour/solid_colour_0074.png,cat1_corruption,solid_colour,generated in software,"n/a, generated",eval,
data/out_of_scope/cat1_corruption/solid_colour/solid_colour_0075.png,cat1_corruption,solid_colour,generated in software,"n/a, generated",eval,
data/out_of_scope/cat1_corruption/solid_colour/solid_colour_0076.png,cat1_corruption,solid_colour,generated in software,"n/a, generated",eval,
data/out_of_scope/cat1_corruption/solid_colour/solid_colour_0077.png,cat1_corruption,solid_colour,generated in software,"n/a, generated",eval,
data/out_of_scope/cat1_corruption/solid_colour/solid_colour_0078.png,cat1_corruption,solid_colour,generated in software,"n/a, generated",eval,
data/out_of_scope/cat1_corruption/solid_colour/solid_colour_0079.png,cat1_corruption,solid_colour,generated in software,"n/a, generated",eval,
data/out_of_scope/cat1_corruption/solid_colour/solid_colour_0080.png,cat1_corruption,solid_colour,generated in software,"n/a, generated",eval,
data/out_of_scope/cat1_corruption/solid_colour/solid_colour_0081.png,cat1_corruption,solid_colour,generated in software,"n/a, generated",eval,
data/out_of_scope/cat1_corruption/solid_colour/solid_colour_0082.png,cat1_corruption,solid_colour,generated in software,"n/a, generated",eval,
data/out_of_scope/cat1_corruption/solid_colour/solid_colour_0083.png,cat1_corruption,solid_colour,generated in software,"n/a, generated",eval,
data/out_of_scope/cat1_corruption/solid_colour/solid_colour_0084.png,cat1_corruption,solid_colour,generated in software,"n/a, generated",eval,
data/out_of_scope/cat1_corruption/solid_colour/solid_colour_0085.png,cat1_corruption,solid_colour,generated in software,"n/a, generated",eval,
data/out_of_scope/cat1_corruption/solid_colour/solid_colour_0086.png,cat1_corruption,solid_colour,generated in software,"n/a, generated",eval,
data/out_of_scope/cat1_corruption/solid_colour/solid_colour_0087.png,cat1_corruption,solid_colour,generated in software,"n/a, generated",eval,
data/out_of_scope/cat1_corruption/solid_colour/solid_colour_0088.png,cat1_corruption,solid_colour,generated in software,"n/a, generated",eval,
data/out_of_scope/cat1_corruption/solid_colour/solid_colour_0089.png,cat1_corruption,solid_colour,generated in software,"n/a, generated",eval,
data/out_of_scope/cat1_corruption/solid_colour/solid_colour_0090.png,cat1_corruption,solid_colour,generated in software,"n/a, generated",eval,
data/out_of_scope/cat1_corruption/solid_colour/solid_colour_0091.png,cat1_corruption,solid_colour,generated in software,"n/a, generated",eval,
data/out_of_scope/cat1_corruption/solid_colour/solid_colour_0092.png,cat1_corruption,solid_colour,generated in software,"n/a, generated",eval,
data/out_of_scope/cat1_corruption/solid_colour/solid_colour_0093.png,cat1_corruption,solid_colour,generated in software,"n/a, generated",eval,
data/out_of_scope/cat1_corruption/solid_colour/solid_colour_0094.png,cat1_corruption,solid_colour,generated in software,"n/a, generated",eval,
data/out_of_scope/cat1_corruption/solid_colour/solid_colour_0095.png,cat1_corruption,solid_colour,generated in software,"n/a, generated",eval,
data/out_of_scope/cat1_corruption/solid_colour/solid_colour_0096.png,cat1_corruption,solid_colour,generated in software,"n/a, generated",eval,
data/out_of_scope/cat1_corruption/solid_colour/solid_colour_0097.png,cat1_corruption,solid_colour,generated in software,"n/a, generated",eval,
data/out_of_scope/cat1_corruption/solid_colour/solid_colour_0098.png,cat1_corruption,solid_colour,generated in software,"n/a, generated",eval,
data/out_of_scope/cat1_corruption/solid_colour/solid_colour_0099.png,cat1_corruption,solid_colour,generated in software,"n/a, generated",eval,
data/out_of_scope/cat1_corruption/solid_colour/solid_colour_0100.png,cat1_corruption,solid_colour,generated in software,"n/a, generated",eval,
data/out_of_scope/cat1_corruption/solid_colour/solid_colour_0101.png,cat1_corruption,solid_colour,generated in software,"n/a, generated",eval,
data/out_of_scope/cat1_corruption/solid_colour/solid_colour_0102.png,cat1_corruption,solid_colour,generated in software,"n/a, generated",eval,
data/out_of_scope/cat1_corruption/solid_colour/solid_colour_0103.png,cat1_corruption,solid_colour,generated in software,"n/a, generated",eval,
data/out_of_scope/cat1_corruption/solid_colour/solid_colour_0104.png,cat1_corruption,solid_colour,generated in software,"n/a, generated",eval,
data/out_of_scope/cat1_corruption/solid_colour/solid_colour_0105.png,cat1_corruption,solid_colour,generated in software,"n/a, generated",eval,
data/out_of_scope/cat1_corruption/solid_colour/solid_colour_0106.png,cat1_corruption,solid_colour,generated in software,"n/a, generated",eval,
data/out_of_scope/cat1_corruption/solid_colour/solid_colour_0107.png,cat1_corruption,solid_colour,generated in software,"n/a, generated",eval,
data/out_of_scope/cat1_corruption/solid_colour/solid_colour_0108.png,cat1_corruption,solid_colour,generated in software,"n/a, generated",eval,
data/out_of_scope/cat1_corruption/solid_colour/solid_colour_0109.png,cat1_corruption,solid_colour,generated in software,"n/a, generated",eval,
data/out_of_scope/cat1_corruption/solid_colour/solid_colour_0110.png,cat1_corruption,solid_colour,generated in software,"n/a, generated",eval,
data/out_of_scope/cat1_corruption/solid_colour/solid_colour_0111.png,cat1_corruption,solid_colour,generated in software,"n/a, generated",eval,
data/out_of_scope/cat1_corruption/solid_colour/solid_colour_0112.png,cat1_corruption,solid_colour,generated in software,"n/a, generated",eval,
data/out_of_scope/cat1_corruption/solid_colour/solid_colour_0113.png,cat1_corruption,solid_colour,generated in software,"n/a, generated",eval,
data/out_of_scope/cat1_corruption/solid_colour/solid_colour_0114.png,cat1_corruption,solid_colour,generated in software,"n/a, generated",eval,
data/out_of_scope/cat1_corruption/solid_colour/solid_colour_0115.png,cat1_corruption,solid_colour,generated in software,"n/a, generated",eval,
data/out_of_scope/cat1_corruption/solid_colour/solid_colour_0116.png,cat1_corruption,solid_colour,generated in software,"n/a, generated",eval,
data/out_of_scope/cat1_corruption/solid_colour/solid_colour_0117.png,cat1_corruption,solid_colour,generated in software,"n/a, generated",eval,
data/out_of_scope/cat1_corruption/solid_colour/solid_colour_0118.png,cat1_corruption,solid_colour,generated in software,"n/a, generated",eval,
data/out_of_scope/cat1_corruption/solid_colour/solid_colour_0119.png,cat1_corruption,solid_colour,generated in software,"n/a, generated",eval,
data/out_of_scope/cat1_corruption/pure_noise/pure_noise_0000.png,cat1_corruption,pure_noise,generated in software,"n/a, generated",fit,
data/out_of_scope/cat1_corruption/pure_noise/pure_noise_0001.png,cat1_corruption,pure_noise,generated in software,"n/a, generated",fit,
data/out_of_scope/cat1_corruption/pure_noise/pure_noise_0002.png,cat1_corruption,pure_noise,generated in software,"n/a, generated",fit,
data/out_of_scope/cat1_corruption/pure_noise/pure_noise_0003.png,cat1_corruption,pure_noise,generated in software,"n/a, generated",fit,
data/out_of_scope/cat1_corruption/pure_noise/pure_noise_0004.png,cat1_corruption,pure_noise,generated in software,"n/a, generated",fit,
data/out_of_scope/cat1_corruption/pure_noise/pure_noise_0005.png,cat1_corruption,pure_noise,generated in software,"n/a, generated",fit,
data/out_of_scope/cat1_corruption/pure_noise/pure_noise_0006.png,cat1_corruption,pure_noise,generated in software,"n/a, generated",fit,
data/out_of_scope/cat1_corruption/pure_noise/pure_noise_0007.png,cat1_corruption,pure_noise,generated in software,"n/a, generated",fit,
data/out_of_scope/cat1_corruption/pure_noise/pure_noise_0008.png,cat1_corruption,pure_noise,generated in software,"n/a, generated",fit,
data/out_of_scope/cat1_corruption/pure_noise/pure_noise_0009.png,cat1_corruption,pure_noise,generated in software,"n/a, generated",fit,
data/out_of_scope/cat1_corruption/pure_noise/pure_noise_0010.png,cat1_corruption,pure_noise,generated in software,"n/a, generated",fit,
data/out_of_scope/cat1_corruption/pure_noise/pure_noise_0011.png,cat1_corruption,pure_noise,generated in software,"n/a, generated",fit,
data/out_of_scope/cat1_corruption/pure_noise/pure_noise_0012.png,cat1_corruption,pure_noise,generated in software,"n/a, generated",fit,
data/out_of_scope/cat1_corruption/pure_noise/pure_noise_0013.png,cat1_corruption,pure_noise,generated in software,"n/a, generated",fit,
data/out_of_scope/cat1_corruption/pure_noise/pure_noise_0014.png,cat1_corruption,pure_noise,generated in software,"n/a, generated",fit,
data/out_of_scope/cat1_corruption/pure_noise/pure_noise_0015.png,cat1_corruption,pure_noise,generated in software,"n/a, generated",fit,
data/out_of_scope/cat1_corruption/pure_noise/pure_noise_0016.png,cat1_corruption,pure_noise,generated in software,"n/a, generated",fit,
data/out_of_scope/cat1_corruption/pure_noise/pure_noise_0017.png,cat1_corruption,pure_noise,generated in software,"n/a, generated",fit,
data/out_of_scope/cat1_corruption/pure_noise/pure_noise_0018.png,cat1_corruption,pure_noise,generated in software,"n/a, generated",fit,
data/out_of_scope/cat1_corruption/pure_noise/pure_noise_0019.png,cat1_corruption,pure_noise,generated in software,"n/a, generated",fit,
data/out_of_scope/cat1_corruption/pure_noise/pure_noise_0020.png,cat1_corruption,pure_noise,generated in software,"n/a, generated",fit,
data/out_of_scope/cat1_corruption/pure_noise/pure_noise_0021.png,cat1_corruption,pure_noise,generated in software,"n/a, generated",fit,
data/out_of_scope/cat1_corruption/pure_noise/pure_noise_0022.png,cat1_corruption,pure_noise,generated in software,"n/a, generated",fit,
data/out_of_scope/cat1_corruption/pure_noise/pure_noise_0023.png,cat1_corruption,pure_noise,generated in software,"n/a, generated",fit,
data/out_of_scope/cat1_corruption/pure_noise/pure_noise_0024.png,cat1_corruption,pure_noise,generated in software,"n/a, generated",fit,
data/out_of_scope/cat1_corruption/pure_noise/pure_noise_0025.png,cat1_corruption,pure_noise,generated in software,"n/a, generated",fit,
data/out_of_scope/cat1_corruption/pure_noise/pure_noise_0026.png,cat1_corruption,pure_noise,generated in software,"n/a, generated",fit,
data/out_of_scope/cat1_corruption/pure_noise/pure_noise_0027.png,cat1_corruption,pure_noise,generated in software,"n/a, generated",fit,
data/out_of_scope/cat1_corruption/pure_noise/pure_noise_0028.png,cat1_corruption,pure_noise,generated in software,"n/a, generated",fit,
data/out_of_scope/cat1_corruption/pure_noise/pure_noise_0029.png,cat1_corruption,pure_noise,generated in software,"n/a, generated",fit,
data/out_of_scope/cat1_corruption/pure_noise/pure_noise_0030.png,cat1_corruption,pure_noise,generated in software,"n/a, generated",fit,
data/out_of_scope/cat1_corruption/pure_noise/pure_noise_0031.png,cat1_corruption,pure_noise,generated in software,"n/a, generated",fit,
data/out_of_scope/cat1_corruption/pure_noise/pure_noise_0032.png,cat1_corruption,pure_noise,generated in software,"n/a, generated",fit,
data/out_of_scope/cat1_corruption/pure_noise/pure_noise_0033.png,cat1_corruption,pure_noise,generated in software,"n/a, generated",fit,
data/out_of_scope/cat1_corruption/pure_noise/pure_noise_0034.png,cat1_corruption,pure_noise,generated in software,"n/a, generated",fit,
data/out_of_scope/cat1_corruption/pure_noise/pure_noise_0035.png,cat1_corruption,pure_noise,generated in software,"n/a, generated",fit,
data/out_of_scope/cat1_corruption/pure_noise/pure_noise_0036.png,cat1_corruption,pure_noise,generated in software,"n/a, generated",fit,
data/out_of_scope/cat1_corruption/pure_noise/pure_noise_0037.png,cat1_corruption,pure_noise,generated in software,"n/a, generated",fit,
data/out_of_scope/cat1_corruption/pure_noise/pure_noise_0038.png,cat1_corruption,pure_noise,generated in software,"n/a, generated",fit,
data/out_of_scope/cat1_corruption/pure_noise/pure_noise_0039.png,cat1_corruption,pure_noise,generated in software,"n/a, generated",fit,
data/out_of_scope/cat1_corruption/pure_noise/pure_noise_0040.png,cat1_corruption,pure_noise,generated in software,"n/a, generated",fit,
data/out_of_scope/cat1_corruption/pure_noise/pure_noise_0041.png,cat1_corruption,pure_noise,generated in software,"n/a, generated",fit,
data/out_of_scope/cat1_corruption/pure_noise/pure_noise_0042.png,cat1_corruption,pure_noise,generated in software,"n/a, generated",fit,
data/out_of_scope/cat1_corruption/pure_noise/pure_noise_0043.png,cat1_corruption,pure_noise,generated in software,"n/a, generated",fit,
data/out_of_scope/cat1_corruption/pure_noise/pure_noise_0044.png,cat1_corruption,pure_noise,generated in software,"n/a, generated",fit,
data/out_of_scope/cat1_corruption/pure_noise/pure_noise_0045.png,cat1_corruption,pure_noise,generated in software,"n/a, generated",fit,
data/out_of_scope/cat1_corruption/pure_noise/pure_noise_0046.png,cat1_corruption,pure_noise,generated in software,"n/a, generated",fit,
data/out_of_scope/cat1_corruption/pure_noise/pure_noise_0047.png,cat1_corruption,pure_noise,generated in software,"n/a, generated",fit,
data/out_of_scope/cat1_corruption/pure_noise/pure_noise_0048.png,cat1_corruption,pure_noise,generated in software,"n/a, generated",fit,
data/out_of_scope/cat1_corruption/pure_noise/pure_noise_0049.png,cat1_corruption,pure_noise,generated in software,"n/a, generated",fit,
data/out_of_scope/cat1_corruption/pure_noise/pure_noise_0050.png,cat1_corruption,pure_noise,generated in software,"n/a, generated",fit,
data/out_of_scope/cat1_corruption/pure_noise/pure_noise_0051.png,cat1_corruption,pure_noise,generated in software,"n/a, generated",fit,
data/out_of_scope/cat1_corruption/pure_noise/pure_noise_0052.png,cat1_corruption,pure_noise,generated in software,"n/a, generated",fit,
data/out_of_scope/cat1_corruption/pure_noise/pure_noise_0053.png,cat1_corruption,pure_noise,generated in software,"n/a, generated",fit,
data/out_of_scope/cat1_corruption/pure_noise/pure_noise_0054.png,cat1_corruption,pure_noise,generated in software,"n/a, generated",fit,
data/out_of_scope/cat1_corruption/pure_noise/pure_noise_0055.png,cat1_corruption,pure_noise,generated in software,"n/a, generated",fit,
data/out_of_scope/cat1_corruption/pure_noise/pure_noise_0056.png,cat1_corruption,pure_noise,generated in software,"n/a, generated",fit,
data/out_of_scope/cat1_corruption/pure_noise/pure_noise_0057.png,cat1_corruption,pure_noise,generated in software,"n/a, generated",fit,
data/out_of_scope/cat1_corruption/pure_noise/pure_noise_0058.png,cat1_corruption,pure_noise,generated in software,"n/a, generated",fit,
data/out_of_scope/cat1_corruption/pure_noise/pure_noise_0059.png,cat1_corruption,pure_noise,generated in software,"n/a, generated",fit,
data/out_of_scope/cat1_corruption/pure_noise/pure_noise_0060.png,cat1_corruption,pure_noise,generated in software,"n/a, generated",eval,
data/out_of_scope/cat1_corruption/pure_noise/pure_noise_0061.png,cat1_corruption,pure_noise,generated in software,"n/a, generated",eval,
data/out_of_scope/cat1_corruption/pure_noise/pure_noise_0062.png,cat1_corruption,pure_noise,generated in software,"n/a, generated",eval,
data/out_of_scope/cat1_corruption/pure_noise/pure_noise_0063.png,cat1_corruption,pure_noise,generated in software,"n/a, generated",eval,
data/out_of_scope/cat1_corruption/pure_noise/pure_noise_0064.png,cat1_corruption,pure_noise,generated in software,"n/a, generated",eval,
data/out_of_scope/cat1_corruption/pure_noise/pure_noise_0065.png,cat1_corruption,pure_noise,generated in software,"n/a, generated",eval,
data/out_of_scope/cat1_corruption/pure_noise/pure_noise_0066.png,cat1_corruption,pure_noise,generated in software,"n/a, generated",eval,
data/out_of_scope/cat1_corruption/pure_noise/pure_noise_0067.png,cat1_corruption,pure_noise,generated in software,"n/a, generated",eval,
data/out_of_scope/cat1_corruption/pure_noise/pure_noise_0068.png,cat1_corruption,pure_noise,generated in software,"n/a, generated",eval,
data/out_of_scope/cat1_corruption/pure_noise/pure_noise_0069.png,cat1_corruption,pure_noise,generated in software,"n/a, generated",eval,
data/out_of_scope/cat1_corruption/pure_noise/pure_noise_0070.png,cat1_corruption,pure_noise,generated in software,"n/a, generated",eval,
data/out_of_scope/cat1_corruption/pure_noise/pure_noise_0071.png,cat1_corruption,pure_noise,generated in software,"n/a, generated",eval,
data/out_of_scope/cat1_corruption/pure_noise/pure_noise_0072.png,cat1_corruption,pure_noise,generated in software,"n/a, generated",eval,
data/out_of_scope/cat1_corruption/pure_noise/pure_noise_0073.png,cat1_corruption,pure_noise,generated in software,"n/a, generated",eval,
data/out_of_scope/cat1_corruption/pure_noise/pure_noise_0074.png,cat1_corruption,pure_noise,generated in software,"n/a, generated",eval,
data/out_of_scope/cat1_corruption/pure_noise/pure_noise_0075.png,cat1_corruption,pure_noise,generated in software,"n/a, generated",eval,
data/out_of_scope/cat1_corruption/pure_noise/pure_noise_0076.png,cat1_corruption,pure_noise,generated in software,"n/a, generated",eval,
data/out_of_scope/cat1_corruption/pure_noise/pure_noise_0077.png,cat1_corruption,pure_noise,generated in software,"n/a, generated",eval,
data/out_of_scope/cat1_corruption/pure_noise/pure_noise_0078.png,cat1_corruption,pure_noise,generated in software,"n/a, generated",eval,
data/out_of_scope/cat1_corruption/pure_noise/pure_noise_0079.png,cat1_corruption,pure_noise,generated in software,"n/a, generated",eval,
data/out_of_scope/cat1_corruption/pure_noise/pure_noise_0080.png,cat1_corruption,pure_noise,generated in software,"n/a, generated",eval,
data/out_of_scope/cat1_corruption/pure_noise/pure_noise_0081.png,cat1_corruption,pure_noise,generated in software,"n/a, generated",eval,
data/out_of_scope/cat1_corruption/pure_noise/pure_noise_0082.png,cat1_corruption,pure_noise,generated in software,"n/a, generated",eval,
data/out_of_scope/cat1_corruption/pure_noise/pure_noise_0083.png,cat1_corruption,pure_noise,generated in software,"n/a, generated",eval,
data/out_of_scope/cat1_corruption/pure_noise/pure_noise_0084.png,cat1_corruption,pure_noise,generated in software,"n/a, generated",eval,
data/out_of_scope/cat1_corruption/pure_noise/pure_noise_0085.png,cat1_corruption,pure_noise,generated in software,"n/a, generated",eval,
data/out_of_scope/cat1_corruption/pure_noise/pure_noise_0086.png,cat1_corruption,pure_noise,generated in software,"n/a, generated",eval,
data/out_of_scope/cat1_corruption/pure_noise/pure_noise_0087.png,cat1_corruption,pure_noise,generated in software,"n/a, generated",eval,
data/out_of_scope/cat1_corruption/pure_noise/pure_noise_0088.png,cat1_corruption,pure_noise,generated in software,"n/a, generated",eval,
data/out_of_scope/cat1_corruption/pure_noise/pure_noise_0089.png,cat1_corruption,pure_noise,generated in software,"n/a, generated",eval,
data/out_of_scope/cat1_corruption/pure_noise/pure_noise_0090.png,cat1_corruption,pure_noise,generated in software,"n/a, generated",eval,
data/out_of_scope/cat1_corruption/pure_noise/pure_noise_0091.png,cat1_corruption,pure_noise,generated in software,"n/a, generated",eval,
data/out_of_scope/cat1_corruption/pure_noise/pure_noise_0092.png,cat1_corruption,pure_noise,generated in software,"n/a, generated",eval,
data/out_of_scope/cat1_corruption/pure_noise/pure_noise_0093.png,cat1_corruption,pure_noise,generated in software,"n/a, generated",eval,
data/out_of_scope/cat1_corruption/pure_noise/pure_noise_0094.png,cat1_corruption,pure_noise,generated in software,"n/a, generated",eval,
data/out_of_scope/cat1_corruption/pure_noise/pure_noise_0095.png,cat1_corruption,pure_noise,generated in software,"n/a, generated",eval,
data/out_of_scope/cat1_corruption/pure_noise/pure_noise_0096.png,cat1_corruption,pure_noise,generated in software,"n/a, generated",eval,
data/out_of_scope/cat1_corruption/pure_noise/pure_noise_0097.png,cat1_corruption,pure_noise,generated in software,"n/a, generated",eval,
data/out_of_scope/cat1_corruption/pure_noise/pure_noise_0098.png,cat1_corruption,pure_noise,generated in software,"n/a, generated",eval,
data/out_of_scope/cat1_corruption/pure_noise/pure_noise_0099.png,cat1_corruption,pure_noise,generated in software,"n/a, generated",eval,
data/out_of_scope/cat1_corruption/pure_noise/pure_noise_0100.png,cat1_corruption,pure_noise,generated in software,"n/a, generated",eval,
data/out_of_scope/cat1_corruption/pure_noise/pure_noise_0101.png,cat1_corruption,pure_noise,generated in software,"n/a, generated",eval,
data/out_of_scope/cat1_corruption/pure_noise/pure_noise_0102.png,cat1_corruption,pure_noise,generated in software,"n/a, generated",eval,
data/out_of_scope/cat1_corruption/pure_noise/pure_noise_0103.png,cat1_corruption,pure_noise,generated in software,"n/a, generated",eval,
data/out_of_scope/cat1_corruption/pure_noise/pure_noise_0104.png,cat1_corruption,pure_noise,generated in software,"n/a, generated",eval,
data/out_of_scope/cat1_corruption/pure_noise/pure_noise_0105.png,cat1_corruption,pure_noise,generated in software,"n/a, generated",eval,
data/out_of_scope/cat1_corruption/pure_noise/pure_noise_0106.png,cat1_corruption,pure_noise,generated in software,"n/a, generated",eval,
data/out_of_scope/cat1_corruption/pure_noise/pure_noise_0107.png,cat1_corruption,pure_noise,generated in software,"n/a, generated",eval,
data/out_of_scope/cat1_corruption/pure_noise/pure_noise_0108.png,cat1_corruption,pure_noise,generated in software,"n/a, generated",eval,
data/out_of_scope/cat1_corruption/pure_noise/pure_noise_0109.png,cat1_corruption,pure_noise,generated in software,"n/a, generated",eval,
data/out_of_scope/cat1_corruption/pure_noise/pure_noise_0110.png,cat1_corruption,pure_noise,generated in software,"n/a, generated",eval,
data/out_of_scope/cat1_corruption/pure_noise/pure_noise_0111.png,cat1_corruption,pure_noise,generated in software,"n/a, generated",eval,
data/out_of_scope/cat1_corruption/pure_noise/pure_noise_0112.png,cat1_corruption,pure_noise,generated in software,"n/a, generated",eval,
data/out_of_scope/cat1_corruption/pure_noise/pure_noise_0113.png,cat1_corruption,pure_noise,generated in software,"n/a, generated",eval,
data/out_of_scope/cat1_corruption/pure_noise/pure_noise_0114.png,cat1_corruption,pure_noise,generated in software,"n/a, generated",eval,
data/out_of_scope/cat1_corruption/pure_noise/pure_noise_0115.png,cat1_corruption,pure_noise,generated in software,"n/a, generated",eval,
data/out_of_scope/cat1_corruption/pure_noise/pure_noise_0116.png,cat1_corruption,pure_noise,generated in software,"n/a, generated",eval,
data/out_of_scope/cat1_corruption/pure_noise/pure_noise_0117.png,cat1_corruption,pure_noise,generated in software,"n/a, generated",eval,
data/out_of_scope/cat1_corruption/pure_noise/pure_noise_0118.png,cat1_corruption,pure_noise,generated in software,"n/a, generated",eval,
data/out_of_scope/cat1_corruption/pure_noise/pure_noise_0119.png,cat1_corruption,pure_noise,generated in software,"n/a, generated",eval,
data/out_of_scope/cat2_nonbrain_medical/abdominal_ct_axial/abdominal_ct_axial_0000.png,cat2_nonbrain_medical,abdominal_ct_axial,"MedMNIST v2 OrganAMNIST, axial abdominal CT patches from the Liver Tumor Segmentation Benchmark (LiTS)",CC BY 4.0,fit,
data/out_of_scope/cat2_nonbrain_medical/abdominal_ct_axial/abdominal_ct_axial_0001.png,cat2_nonbrain_medical,abdominal_ct_axial,"MedMNIST v2 OrganAMNIST, axial abdominal CT patches from the Liver Tumor Segmentation Benchmark (LiTS)",CC BY 4.0,eval,
data/out_of_scope/cat2_nonbrain_medical/abdominal_ct_axial/abdominal_ct_axial_0002.png,cat2_nonbrain_medical,abdominal_ct_axial,"MedMNIST v2 OrganAMNIST, axial abdominal CT patches from the Liver Tumor Segmentation Benchmark (LiTS)",CC BY 4.0,fit,
data/out_of_scope/cat2_nonbrain_medical/abdominal_ct_axial/abdominal_ct_axial_0003.png,cat2_nonbrain_medical,abdominal_ct_axial,"MedMNIST v2 OrganAMNIST, axial abdominal CT patches from the Liver Tumor Segmentation Benchmark (LiTS)",CC BY 4.0,eval,
data/out_of_scope/cat2_nonbrain_medical/abdominal_ct_axial/abdominal_ct_axial_0004.png,cat2_nonbrain_medical,abdominal_ct_axial,"MedMNIST v2 OrganAMNIST, axial abdominal CT patches from the Liver Tumor Segmentation Benchmark (LiTS)",CC BY 4.0,fit,
data/out_of_scope/cat2_nonbrain_medical/abdominal_ct_axial/abdominal_ct_axial_0005.png,cat2_nonbrain_medical,abdominal_ct_axial,"MedMNIST v2 OrganAMNIST, axial abdominal CT patches from the Liver Tumor Segmentation Benchmark (LiTS)",CC BY 4.0,eval,
data/out_of_scope/cat2_nonbrain_medical/abdominal_ct_axial/abdominal_ct_axial_0006.png,cat2_nonbrain_medical,abdominal_ct_axial,"MedMNIST v2 OrganAMNIST, axial abdominal CT patches from the Liver Tumor Segmentation Benchmark (LiTS)",CC BY 4.0,fit,
data/out_of_scope/cat2_nonbrain_medical/abdominal_ct_axial/abdominal_ct_axial_0007.png,cat2_nonbrain_medical,abdominal_ct_axial,"MedMNIST v2 OrganAMNIST, axial abdominal CT patches from the Liver Tumor Segmentation Benchmark (LiTS)",CC BY 4.0,eval,
data/out_of_scope/cat2_nonbrain_medical/abdominal_ct_axial/abdominal_ct_axial_0008.png,cat2_nonbrain_medical,abdominal_ct_axial,"MedMNIST v2 OrganAMNIST, axial abdominal CT patches from the Liver Tumor Segmentation Benchmark (LiTS)",CC BY 4.0,fit,
data/out_of_scope/cat2_nonbrain_medical/abdominal_ct_axial/abdominal_ct_axial_0009.png,cat2_nonbrain_medical,abdominal_ct_axial,"MedMNIST v2 OrganAMNIST, axial abdominal CT patches from the Liver Tumor Segmentation Benchmark (LiTS)",CC BY 4.0,eval,
data/out_of_scope/cat2_nonbrain_medical/abdominal_ct_axial/abdominal_ct_axial_0010.png,cat2_nonbrain_medical,abdominal_ct_axial,"MedMNIST v2 OrganAMNIST, axial abdominal CT patches from the Liver Tumor Segmentation Benchmark (LiTS)",CC BY 4.0,fit,
data/out_of_scope/cat2_nonbrain_medical/abdominal_ct_axial/abdominal_ct_axial_0011.png,cat2_nonbrain_medical,abdominal_ct_axial,"MedMNIST v2 OrganAMNIST, axial abdominal CT patches from the Liver Tumor Segmentation Benchmark (LiTS)",CC BY 4.0,eval,
data/out_of_scope/cat2_nonbrain_medical/abdominal_ct_axial/abdominal_ct_axial_0012.png,cat2_nonbrain_medical,abdominal_ct_axial,"MedMNIST v2 OrganAMNIST, axial abdominal CT patches from the Liver Tumor Segmentation Benchmark (LiTS)",CC BY 4.0,fit,
data/out_of_scope/cat2_nonbrain_medical/abdominal_ct_axial/abdominal_ct_axial_0013.png,cat2_nonbrain_medical,abdominal_ct_axial,"MedMNIST v2 OrganAMNIST, axial abdominal CT patches from the Liver Tumor Segmentation Benchmark (LiTS)",CC BY 4.0,eval,
data/out_of_scope/cat2_nonbrain_medical/abdominal_ct_axial/abdominal_ct_axial_0014.png,cat2_nonbrain_medical,abdominal_ct_axial,"MedMNIST v2 OrganAMNIST, axial abdominal CT patches from the Liver Tumor Segmentation Benchmark (LiTS)",CC BY 4.0,fit,
data/out_of_scope/cat2_nonbrain_medical/abdominal_ct_axial/abdominal_ct_axial_0015.png,cat2_nonbrain_medical,abdominal_ct_axial,"MedMNIST v2 OrganAMNIST, axial abdominal CT patches from the Liver Tumor Segmentation Benchmark (LiTS)",CC BY 4.0,eval,
data/out_of_scope/cat2_nonbrain_medical/abdominal_ct_axial/abdominal_ct_axial_0016.png,cat2_nonbrain_medical,abdominal_ct_axial,"MedMNIST v2 OrganAMNIST, axial abdominal CT patches from the Liver Tumor Segmentation Benchmark (LiTS)",CC BY 4.0,fit,
data/out_of_scope/cat2_nonbrain_medical/abdominal_ct_axial/abdominal_ct_axial_0017.png,cat2_nonbrain_medical,abdominal_ct_axial,"MedMNIST v2 OrganAMNIST, axial abdominal CT patches from the Liver Tumor Segmentation Benchmark (LiTS)",CC BY 4.0,eval,
data/out_of_scope/cat2_nonbrain_medical/abdominal_ct_axial/abdominal_ct_axial_0018.png,cat2_nonbrain_medical,abdominal_ct_axial,"MedMNIST v2 OrganAMNIST, axial abdominal CT patches from the Liver Tumor Segmentation Benchmark (LiTS)",CC BY 4.0,fit,
data/out_of_scope/cat2_nonbrain_medical/abdominal_ct_axial/abdominal_ct_axial_0019.png,cat2_nonbrain_medical,abdominal_ct_axial,"MedMNIST v2 OrganAMNIST, axial abdominal CT patches from the Liver Tumor Segmentation Benchmark (LiTS)",CC BY 4.0,eval,
data/out_of_scope/cat2_nonbrain_medical/abdominal_ct_axial/abdominal_ct_axial_0020.png,cat2_nonbrain_medical,abdominal_ct_axial,"MedMNIST v2 OrganAMNIST, axial abdominal CT patches from the Liver Tumor Segmentation Benchmark (LiTS)",CC BY 4.0,fit,
data/out_of_scope/cat2_nonbrain_medical/abdominal_ct_axial/abdominal_ct_axial_0021.png,cat2_nonbrain_medical,abdominal_ct_axial,"MedMNIST v2 OrganAMNIST, axial abdominal CT patches from the Liver Tumor Segmentation Benchmark (LiTS)",CC BY 4.0,eval,
data/out_of_scope/cat2_nonbrain_medical/abdominal_ct_axial/abdominal_ct_axial_0022.png,cat2_nonbrain_medical,abdominal_ct_axial,"MedMNIST v2 OrganAMNIST, axial abdominal CT patches from the Liver Tumor Segmentation Benchmark (LiTS)",CC BY 4.0,fit,
data/out_of_scope/cat2_nonbrain_medical/abdominal_ct_axial/abdominal_ct_axial_0023.png,cat2_nonbrain_medical,abdominal_ct_axial,"MedMNIST v2 OrganAMNIST, axial abdominal CT patches from the Liver Tumor Segmentation Benchmark (LiTS)",CC BY 4.0,eval,
data/out_of_scope/cat2_nonbrain_medical/abdominal_ct_axial/abdominal_ct_axial_0024.png,cat2_nonbrain_medical,abdominal_ct_axial,"MedMNIST v2 OrganAMNIST, axial abdominal CT patches from the Liver Tumor Segmentation Benchmark (LiTS)",CC BY 4.0,fit,
data/out_of_scope/cat2_nonbrain_medical/abdominal_ct_axial/abdominal_ct_axial_0025.png,cat2_nonbrain_medical,abdominal_ct_axial,"MedMNIST v2 OrganAMNIST, axial abdominal CT patches from the Liver Tumor Segmentation Benchmark (LiTS)",CC BY 4.0,eval,
data/out_of_scope/cat2_nonbrain_medical/abdominal_ct_axial/abdominal_ct_axial_0026.png,cat2_nonbrain_medical,abdominal_ct_axial,"MedMNIST v2 OrganAMNIST, axial abdominal CT patches from the Liver Tumor Segmentation Benchmark (LiTS)",CC BY 4.0,fit,
data/out_of_scope/cat2_nonbrain_medical/abdominal_ct_axial/abdominal_ct_axial_0027.png,cat2_nonbrain_medical,abdominal_ct_axial,"MedMNIST v2 OrganAMNIST, axial abdominal CT patches from the Liver Tumor Segmentation Benchmark (LiTS)",CC BY 4.0,eval,
data/out_of_scope/cat2_nonbrain_medical/abdominal_ct_axial/abdominal_ct_axial_0028.png,cat2_nonbrain_medical,abdominal_ct_axial,"MedMNIST v2 OrganAMNIST, axial abdominal CT patches from the Liver Tumor Segmentation Benchmark (LiTS)",CC BY 4.0,fit,
data/out_of_scope/cat2_nonbrain_medical/abdominal_ct_axial/abdominal_ct_axial_0029.png,cat2_nonbrain_medical,abdominal_ct_axial,"MedMNIST v2 OrganAMNIST, axial abdominal CT patches from the Liver Tumor Segmentation Benchmark (LiTS)",CC BY 4.0,eval,
data/out_of_scope/cat2_nonbrain_medical/abdominal_ct_axial/abdominal_ct_axial_0030.png,cat2_nonbrain_medical,abdominal_ct_axial,"MedMNIST v2 OrganAMNIST, axial abdominal CT patches from the Liver Tumor Segmentation Benchmark (LiTS)",CC BY 4.0,fit,
data/out_of_scope/cat2_nonbrain_medical/abdominal_ct_axial/abdominal_ct_axial_0031.png,cat2_nonbrain_medical,abdominal_ct_axial,"MedMNIST v2 OrganAMNIST, axial abdominal CT patches from the Liver Tumor Segmentation Benchmark (LiTS)",CC BY 4.0,eval,
data/out_of_scope/cat2_nonbrain_medical/abdominal_ct_axial/abdominal_ct_axial_0032.png,cat2_nonbrain_medical,abdominal_ct_axial,"MedMNIST v2 OrganAMNIST, axial abdominal CT patches from the Liver Tumor Segmentation Benchmark (LiTS)",CC BY 4.0,fit,
data/out_of_scope/cat2_nonbrain_medical/abdominal_ct_axial/abdominal_ct_axial_0033.png,cat2_nonbrain_medical,abdominal_ct_axial,"MedMNIST v2 OrganAMNIST, axial abdominal CT patches from the Liver Tumor Segmentation Benchmark (LiTS)",CC BY 4.0,eval,
data/out_of_scope/cat2_nonbrain_medical/abdominal_ct_axial/abdominal_ct_axial_0034.png,cat2_nonbrain_medical,abdominal_ct_axial,"MedMNIST v2 OrganAMNIST, axial abdominal CT patches from the Liver Tumor Segmentation Benchmark (LiTS)",CC BY 4.0,fit,
data/out_of_scope/cat2_nonbrain_medical/abdominal_ct_axial/abdominal_ct_axial_0035.png,cat2_nonbrain_medical,abdominal_ct_axial,"MedMNIST v2 OrganAMNIST, axial abdominal CT patches from the Liver Tumor Segmentation Benchmark (LiTS)",CC BY 4.0,eval,
data/out_of_scope/cat2_nonbrain_medical/abdominal_ct_axial/abdominal_ct_axial_0036.png,cat2_nonbrain_medical,abdominal_ct_axial,"MedMNIST v2 OrganAMNIST, axial abdominal CT patches from the Liver Tumor Segmentation Benchmark (LiTS)",CC BY 4.0,fit,
data/out_of_scope/cat2_nonbrain_medical/abdominal_ct_axial/abdominal_ct_axial_0037.png,cat2_nonbrain_medical,abdominal_ct_axial,"MedMNIST v2 OrganAMNIST, axial abdominal CT patches from the Liver Tumor Segmentation Benchmark (LiTS)",CC BY 4.0,eval,
data/out_of_scope/cat2_nonbrain_medical/abdominal_ct_axial/abdominal_ct_axial_0038.png,cat2_nonbrain_medical,abdominal_ct_axial,"MedMNIST v2 OrganAMNIST, axial abdominal CT patches from the Liver Tumor Segmentation Benchmark (LiTS)",CC BY 4.0,fit,
data/out_of_scope/cat2_nonbrain_medical/abdominal_ct_axial/abdominal_ct_axial_0039.png,cat2_nonbrain_medical,abdominal_ct_axial,"MedMNIST v2 OrganAMNIST, axial abdominal CT patches from the Liver Tumor Segmentation Benchmark (LiTS)",CC BY 4.0,eval,
data/out_of_scope/cat2_nonbrain_medical/abdominal_ct_axial/abdominal_ct_axial_0040.png,cat2_nonbrain_medical,abdominal_ct_axial,"MedMNIST v2 OrganAMNIST, axial abdominal CT patches from the Liver Tumor Segmentation Benchmark (LiTS)",CC BY 4.0,fit,
data/out_of_scope/cat2_nonbrain_medical/abdominal_ct_axial/abdominal_ct_axial_0041.png,cat2_nonbrain_medical,abdominal_ct_axial,"MedMNIST v2 OrganAMNIST, axial abdominal CT patches from the Liver Tumor Segmentation Benchmark (LiTS)",CC BY 4.0,eval,
data/out_of_scope/cat2_nonbrain_medical/abdominal_ct_axial/abdominal_ct_axial_0042.png,cat2_nonbrain_medical,abdominal_ct_axial,"MedMNIST v2 OrganAMNIST, axial abdominal CT patches from the Liver Tumor Segmentation Benchmark (LiTS)",CC BY 4.0,fit,
data/out_of_scope/cat2_nonbrain_medical/abdominal_ct_axial/abdominal_ct_axial_0043.png,cat2_nonbrain_medical,abdominal_ct_axial,"MedMNIST v2 OrganAMNIST, axial abdominal CT patches from the Liver Tumor Segmentation Benchmark (LiTS)",CC BY 4.0,eval,
data/out_of_scope/cat2_nonbrain_medical/abdominal_ct_axial/abdominal_ct_axial_0044.png,cat2_nonbrain_medical,abdominal_ct_axial,"MedMNIST v2 OrganAMNIST, axial abdominal CT patches from the Liver Tumor Segmentation Benchmark (LiTS)",CC BY 4.0,fit,
data/out_of_scope/cat2_nonbrain_medical/abdominal_ct_axial/abdominal_ct_axial_0045.png,cat2_nonbrain_medical,abdominal_ct_axial,"MedMNIST v2 OrganAMNIST, axial abdominal CT patches from the Liver Tumor Segmentation Benchmark (LiTS)",CC BY 4.0,eval,
data/out_of_scope/cat2_nonbrain_medical/abdominal_ct_axial/abdominal_ct_axial_0046.png,cat2_nonbrain_medical,abdominal_ct_axial,"MedMNIST v2 OrganAMNIST, axial abdominal CT patches from the Liver Tumor Segmentation Benchmark (LiTS)",CC BY 4.0,fit,
data/out_of_scope/cat2_nonbrain_medical/abdominal_ct_axial/abdominal_ct_axial_0047.png,cat2_nonbrain_medical,abdominal_ct_axial,"MedMNIST v2 OrganAMNIST, axial abdominal CT patches from the Liver Tumor Segmentation Benchmark (LiTS)",CC BY 4.0,eval,
data/out_of_scope/cat2_nonbrain_medical/abdominal_ct_axial/abdominal_ct_axial_0048.png,cat2_nonbrain_medical,abdominal_ct_axial,"MedMNIST v2 OrganAMNIST, axial abdominal CT patches from the Liver Tumor Segmentation Benchmark (LiTS)",CC BY 4.0,fit,
data/out_of_scope/cat2_nonbrain_medical/abdominal_ct_axial/abdominal_ct_axial_0049.png,cat2_nonbrain_medical,abdominal_ct_axial,"MedMNIST v2 OrganAMNIST, axial abdominal CT patches from the Liver Tumor Segmentation Benchmark (LiTS)",CC BY 4.0,eval,
data/out_of_scope/cat2_nonbrain_medical/abdominal_ct_axial/abdominal_ct_axial_0050.png,cat2_nonbrain_medical,abdominal_ct_axial,"MedMNIST v2 OrganAMNIST, axial abdominal CT patches from the Liver Tumor Segmentation Benchmark (LiTS)",CC BY 4.0,fit,
data/out_of_scope/cat2_nonbrain_medical/abdominal_ct_axial/abdominal_ct_axial_0051.png,cat2_nonbrain_medical,abdominal_ct_axial,"MedMNIST v2 OrganAMNIST, axial abdominal CT patches from the Liver Tumor Segmentation Benchmark (LiTS)",CC BY 4.0,eval,
data/out_of_scope/cat2_nonbrain_medical/abdominal_ct_axial/abdominal_ct_axial_0052.png,cat2_nonbrain_medical,abdominal_ct_axial,"MedMNIST v2 OrganAMNIST, axial abdominal CT patches from the Liver Tumor Segmentation Benchmark (LiTS)",CC BY 4.0,fit,
data/out_of_scope/cat2_nonbrain_medical/abdominal_ct_axial/abdominal_ct_axial_0053.png,cat2_nonbrain_medical,abdominal_ct_axial,"MedMNIST v2 OrganAMNIST, axial abdominal CT patches from the Liver Tumor Segmentation Benchmark (LiTS)",CC BY 4.0,eval,
data/out_of_scope/cat2_nonbrain_medical/abdominal_ct_axial/abdominal_ct_axial_0054.png,cat2_nonbrain_medical,abdominal_ct_axial,"MedMNIST v2 OrganAMNIST, axial abdominal CT patches from the Liver Tumor Segmentation Benchmark (LiTS)",CC BY 4.0,fit,
data/out_of_scope/cat2_nonbrain_medical/abdominal_ct_axial/abdominal_ct_axial_0055.png,cat2_nonbrain_medical,abdominal_ct_axial,"MedMNIST v2 OrganAMNIST, axial abdominal CT patches from the Liver Tumor Segmentation Benchmark (LiTS)",CC BY 4.0,eval,
data/out_of_scope/cat2_nonbrain_medical/abdominal_ct_axial/abdominal_ct_axial_0056.png,cat2_nonbrain_medical,abdominal_ct_axial,"MedMNIST v2 OrganAMNIST, axial abdominal CT patches from the Liver Tumor Segmentation Benchmark (LiTS)",CC BY 4.0,fit,
data/out_of_scope/cat2_nonbrain_medical/abdominal_ct_axial/abdominal_ct_axial_0057.png,cat2_nonbrain_medical,abdominal_ct_axial,"MedMNIST v2 OrganAMNIST, axial abdominal CT patches from the Liver Tumor Segmentation Benchmark (LiTS)",CC BY 4.0,eval,
data/out_of_scope/cat2_nonbrain_medical/abdominal_ct_axial/abdominal_ct_axial_0058.png,cat2_nonbrain_medical,abdominal_ct_axial,"MedMNIST v2 OrganAMNIST, axial abdominal CT patches from the Liver Tumor Segmentation Benchmark (LiTS)",CC BY 4.0,fit,
data/out_of_scope/cat2_nonbrain_medical/abdominal_ct_axial/abdominal_ct_axial_0059.png,cat2_nonbrain_medical,abdominal_ct_axial,"MedMNIST v2 OrganAMNIST, axial abdominal CT patches from the Liver Tumor Segmentation Benchmark (LiTS)",CC BY 4.0,eval,
data/out_of_scope/cat2_nonbrain_medical/abdominal_ct_axial/abdominal_ct_axial_0060.png,cat2_nonbrain_medical,abdominal_ct_axial,"MedMNIST v2 OrganAMNIST, axial abdominal CT patches from the Liver Tumor Segmentation Benchmark (LiTS)",CC BY 4.0,fit,
data/out_of_scope/cat2_nonbrain_medical/abdominal_ct_axial/abdominal_ct_axial_0061.png,cat2_nonbrain_medical,abdominal_ct_axial,"MedMNIST v2 OrganAMNIST, axial abdominal CT patches from the Liver Tumor Segmentation Benchmark (LiTS)",CC BY 4.0,eval,
data/out_of_scope/cat2_nonbrain_medical/abdominal_ct_axial/abdominal_ct_axial_0062.png,cat2_nonbrain_medical,abdominal_ct_axial,"MedMNIST v2 OrganAMNIST, axial abdominal CT patches from the Liver Tumor Segmentation Benchmark (LiTS)",CC BY 4.0,fit,
data/out_of_scope/cat2_nonbrain_medical/abdominal_ct_axial/abdominal_ct_axial_0063.png,cat2_nonbrain_medical,abdominal_ct_axial,"MedMNIST v2 OrganAMNIST, axial abdominal CT patches from the Liver Tumor Segmentation Benchmark (LiTS)",CC BY 4.0,eval,
data/out_of_scope/cat2_nonbrain_medical/abdominal_ct_axial/abdominal_ct_axial_0064.png,cat2_nonbrain_medical,abdominal_ct_axial,"MedMNIST v2 OrganAMNIST, axial abdominal CT patches from the Liver Tumor Segmentation Benchmark (LiTS)",CC BY 4.0,fit,
data/out_of_scope/cat2_nonbrain_medical/abdominal_ct_axial/abdominal_ct_axial_0065.png,cat2_nonbrain_medical,abdominal_ct_axial,"MedMNIST v2 OrganAMNIST, axial abdominal CT patches from the Liver Tumor Segmentation Benchmark (LiTS)",CC BY 4.0,eval,
data/out_of_scope/cat2_nonbrain_medical/abdominal_ct_axial/abdominal_ct_axial_0066.png,cat2_nonbrain_medical,abdominal_ct_axial,"MedMNIST v2 OrganAMNIST, axial abdominal CT patches from the Liver Tumor Segmentation Benchmark (LiTS)",CC BY 4.0,fit,
data/out_of_scope/cat2_nonbrain_medical/abdominal_ct_axial/abdominal_ct_axial_0067.png,cat2_nonbrain_medical,abdominal_ct_axial,"MedMNIST v2 OrganAMNIST, axial abdominal CT patches from the Liver Tumor Segmentation Benchmark (LiTS)",CC BY 4.0,eval,
data/out_of_scope/cat2_nonbrain_medical/abdominal_ct_axial/abdominal_ct_axial_0068.png,cat2_nonbrain_medical,abdominal_ct_axial,"MedMNIST v2 OrganAMNIST, axial abdominal CT patches from the Liver Tumor Segmentation Benchmark (LiTS)",CC BY 4.0,fit,
data/out_of_scope/cat2_nonbrain_medical/abdominal_ct_axial/abdominal_ct_axial_0069.png,cat2_nonbrain_medical,abdominal_ct_axial,"MedMNIST v2 OrganAMNIST, axial abdominal CT patches from the Liver Tumor Segmentation Benchmark (LiTS)",CC BY 4.0,eval,
data/out_of_scope/cat2_nonbrain_medical/abdominal_ct_axial/abdominal_ct_axial_0070.png,cat2_nonbrain_medical,abdominal_ct_axial,"MedMNIST v2 OrganAMNIST, axial abdominal CT patches from the Liver Tumor Segmentation Benchmark (LiTS)",CC BY 4.0,fit,
data/out_of_scope/cat2_nonbrain_medical/abdominal_ct_axial/abdominal_ct_axial_0071.png,cat2_nonbrain_medical,abdominal_ct_axial,"MedMNIST v2 OrganAMNIST, axial abdominal CT patches from the Liver Tumor Segmentation Benchmark (LiTS)",CC BY 4.0,eval,
data/out_of_scope/cat2_nonbrain_medical/abdominal_ct_axial/abdominal_ct_axial_0072.png,cat2_nonbrain_medical,abdominal_ct_axial,"MedMNIST v2 OrganAMNIST, axial abdominal CT patches from the Liver Tumor Segmentation Benchmark (LiTS)",CC BY 4.0,fit,
data/out_of_scope/cat2_nonbrain_medical/abdominal_ct_axial/abdominal_ct_axial_0073.png,cat2_nonbrain_medical,abdominal_ct_axial,"MedMNIST v2 OrganAMNIST, axial abdominal CT patches from the Liver Tumor Segmentation Benchmark (LiTS)",CC BY 4.0,eval,
data/out_of_scope/cat2_nonbrain_medical/abdominal_ct_axial/abdominal_ct_axial_0074.png,cat2_nonbrain_medical,abdominal_ct_axial,"MedMNIST v2 OrganAMNIST, axial abdominal CT patches from the Liver Tumor Segmentation Benchmark (LiTS)",CC BY 4.0,fit,
data/out_of_scope/cat2_nonbrain_medical/abdominal_ct_axial/abdominal_ct_axial_0075.png,cat2_nonbrain_medical,abdominal_ct_axial,"MedMNIST v2 OrganAMNIST, axial abdominal CT patches from the Liver Tumor Segmentation Benchmark (LiTS)",CC BY 4.0,eval,
data/out_of_scope/cat2_nonbrain_medical/abdominal_ct_axial/abdominal_ct_axial_0076.png,cat2_nonbrain_medical,abdominal_ct_axial,"MedMNIST v2 OrganAMNIST, axial abdominal CT patches from the Liver Tumor Segmentation Benchmark (LiTS)",CC BY 4.0,fit,
data/out_of_scope/cat2_nonbrain_medical/abdominal_ct_axial/abdominal_ct_axial_0077.png,cat2_nonbrain_medical,abdominal_ct_axial,"MedMNIST v2 OrganAMNIST, axial abdominal CT patches from the Liver Tumor Segmentation Benchmark (LiTS)",CC BY 4.0,eval,
data/out_of_scope/cat2_nonbrain_medical/abdominal_ct_axial/abdominal_ct_axial_0078.png,cat2_nonbrain_medical,abdominal_ct_axial,"MedMNIST v2 OrganAMNIST, axial abdominal CT patches from the Liver Tumor Segmentation Benchmark (LiTS)",CC BY 4.0,fit,
data/out_of_scope/cat2_nonbrain_medical/abdominal_ct_axial/abdominal_ct_axial_0079.png,cat2_nonbrain_medical,abdominal_ct_axial,"MedMNIST v2 OrganAMNIST, axial abdominal CT patches from the Liver Tumor Segmentation Benchmark (LiTS)",CC BY 4.0,eval,
data/out_of_scope/cat2_nonbrain_medical/abdominal_ct_axial/abdominal_ct_axial_0080.png,cat2_nonbrain_medical,abdominal_ct_axial,"MedMNIST v2 OrganAMNIST, axial abdominal CT patches from the Liver Tumor Segmentation Benchmark (LiTS)",CC BY 4.0,fit,
data/out_of_scope/cat2_nonbrain_medical/abdominal_ct_axial/abdominal_ct_axial_0081.png,cat2_nonbrain_medical,abdominal_ct_axial,"MedMNIST v2 OrganAMNIST, axial abdominal CT patches from the Liver Tumor Segmentation Benchmark (LiTS)",CC BY 4.0,eval,
data/out_of_scope/cat2_nonbrain_medical/abdominal_ct_axial/abdominal_ct_axial_0082.png,cat2_nonbrain_medical,abdominal_ct_axial,"MedMNIST v2 OrganAMNIST, axial abdominal CT patches from the Liver Tumor Segmentation Benchmark (LiTS)",CC BY 4.0,fit,
data/out_of_scope/cat2_nonbrain_medical/abdominal_ct_axial/abdominal_ct_axial_0083.png,cat2_nonbrain_medical,abdominal_ct_axial,"MedMNIST v2 OrganAMNIST, axial abdominal CT patches from the Liver Tumor Segmentation Benchmark (LiTS)",CC BY 4.0,eval,
data/out_of_scope/cat2_nonbrain_medical/abdominal_ct_axial/abdominal_ct_axial_0084.png,cat2_nonbrain_medical,abdominal_ct_axial,"MedMNIST v2 OrganAMNIST, axial abdominal CT patches from the Liver Tumor Segmentation Benchmark (LiTS)",CC BY 4.0,fit,
data/out_of_scope/cat2_nonbrain_medical/abdominal_ct_axial/abdominal_ct_axial_0085.png,cat2_nonbrain_medical,abdominal_ct_axial,"MedMNIST v2 OrganAMNIST, axial abdominal CT patches from the Liver Tumor Segmentation Benchmark (LiTS)",CC BY 4.0,eval,
data/out_of_scope/cat2_nonbrain_medical/abdominal_ct_axial/abdominal_ct_axial_0086.png,cat2_nonbrain_medical,abdominal_ct_axial,"MedMNIST v2 OrganAMNIST, axial abdominal CT patches from the Liver Tumor Segmentation Benchmark (LiTS)",CC BY 4.0,fit,
data/out_of_scope/cat2_nonbrain_medical/abdominal_ct_axial/abdominal_ct_axial_0087.png,cat2_nonbrain_medical,abdominal_ct_axial,"MedMNIST v2 OrganAMNIST, axial abdominal CT patches from the Liver Tumor Segmentation Benchmark (LiTS)",CC BY 4.0,eval,
data/out_of_scope/cat2_nonbrain_medical/abdominal_ct_axial/abdominal_ct_axial_0088.png,cat2_nonbrain_medical,abdominal_ct_axial,"MedMNIST v2 OrganAMNIST, axial abdominal CT patches from the Liver Tumor Segmentation Benchmark (LiTS)",CC BY 4.0,fit,
data/out_of_scope/cat2_nonbrain_medical/abdominal_ct_axial/abdominal_ct_axial_0089.png,cat2_nonbrain_medical,abdominal_ct_axial,"MedMNIST v2 OrganAMNIST, axial abdominal CT patches from the Liver Tumor Segmentation Benchmark (LiTS)",CC BY 4.0,eval,
data/out_of_scope/cat2_nonbrain_medical/abdominal_ct_axial/abdominal_ct_axial_0090.png,cat2_nonbrain_medical,abdominal_ct_axial,"MedMNIST v2 OrganAMNIST, axial abdominal CT patches from the Liver Tumor Segmentation Benchmark (LiTS)",CC BY 4.0,fit,
data/out_of_scope/cat2_nonbrain_medical/abdominal_ct_axial/abdominal_ct_axial_0091.png,cat2_nonbrain_medical,abdominal_ct_axial,"MedMNIST v2 OrganAMNIST, axial abdominal CT patches from the Liver Tumor Segmentation Benchmark (LiTS)",CC BY 4.0,eval,
data/out_of_scope/cat2_nonbrain_medical/abdominal_ct_axial/abdominal_ct_axial_0092.png,cat2_nonbrain_medical,abdominal_ct_axial,"MedMNIST v2 OrganAMNIST, axial abdominal CT patches from the Liver Tumor Segmentation Benchmark (LiTS)",CC BY 4.0,fit,
data/out_of_scope/cat2_nonbrain_medical/abdominal_ct_axial/abdominal_ct_axial_0093.png,cat2_nonbrain_medical,abdominal_ct_axial,"MedMNIST v2 OrganAMNIST, axial abdominal CT patches from the Liver Tumor Segmentation Benchmark (LiTS)",CC BY 4.0,eval,
data/out_of_scope/cat2_nonbrain_medical/abdominal_ct_axial/abdominal_ct_axial_0094.png,cat2_nonbrain_medical,abdominal_ct_axial,"MedMNIST v2 OrganAMNIST, axial abdominal CT patches from the Liver Tumor Segmentation Benchmark (LiTS)",CC BY 4.0,fit,
data/out_of_scope/cat2_nonbrain_medical/abdominal_ct_axial/abdominal_ct_axial_0095.png,cat2_nonbrain_medical,abdominal_ct_axial,"MedMNIST v2 OrganAMNIST, axial abdominal CT patches from the Liver Tumor Segmentation Benchmark (LiTS)",CC BY 4.0,eval,
data/out_of_scope/cat2_nonbrain_medical/abdominal_ct_axial/abdominal_ct_axial_0096.png,cat2_nonbrain_medical,abdominal_ct_axial,"MedMNIST v2 OrganAMNIST, axial abdominal CT patches from the Liver Tumor Segmentation Benchmark (LiTS)",CC BY 4.0,fit,
data/out_of_scope/cat2_nonbrain_medical/abdominal_ct_axial/abdominal_ct_axial_0097.png,cat2_nonbrain_medical,abdominal_ct_axial,"MedMNIST v2 OrganAMNIST, axial abdominal CT patches from the Liver Tumor Segmentation Benchmark (LiTS)",CC BY 4.0,eval,
data/out_of_scope/cat2_nonbrain_medical/abdominal_ct_axial/abdominal_ct_axial_0098.png,cat2_nonbrain_medical,abdominal_ct_axial,"MedMNIST v2 OrganAMNIST, axial abdominal CT patches from the Liver Tumor Segmentation Benchmark (LiTS)",CC BY 4.0,fit,
data/out_of_scope/cat2_nonbrain_medical/abdominal_ct_axial/abdominal_ct_axial_0099.png,cat2_nonbrain_medical,abdominal_ct_axial,"MedMNIST v2 OrganAMNIST, axial abdominal CT patches from the Liver Tumor Segmentation Benchmark (LiTS)",CC BY 4.0,eval,
data/out_of_scope/cat2_nonbrain_medical/abdominal_ct_axial/abdominal_ct_axial_0100.png,cat2_nonbrain_medical,abdominal_ct_axial,"MedMNIST v2 OrganAMNIST, axial abdominal CT patches from the Liver Tumor Segmentation Benchmark (LiTS)",CC BY 4.0,fit,
data/out_of_scope/cat2_nonbrain_medical/abdominal_ct_axial/abdominal_ct_axial_0101.png,cat2_nonbrain_medical,abdominal_ct_axial,"MedMNIST v2 OrganAMNIST, axial abdominal CT patches from the Liver Tumor Segmentation Benchmark (LiTS)",CC BY 4.0,eval,
data/out_of_scope/cat2_nonbrain_medical/abdominal_ct_axial/abdominal_ct_axial_0102.png,cat2_nonbrain_medical,abdominal_ct_axial,"MedMNIST v2 OrganAMNIST, axial abdominal CT patches from the Liver Tumor Segmentation Benchmark (LiTS)",CC BY 4.0,fit,
data/out_of_scope/cat2_nonbrain_medical/abdominal_ct_axial/abdominal_ct_axial_0103.png,cat2_nonbrain_medical,abdominal_ct_axial,"MedMNIST v2 OrganAMNIST, axial abdominal CT patches from the Liver Tumor Segmentation Benchmark (LiTS)",CC BY 4.0,eval,
data/out_of_scope/cat2_nonbrain_medical/abdominal_ct_axial/abdominal_ct_axial_0104.png,cat2_nonbrain_medical,abdominal_ct_axial,"MedMNIST v2 OrganAMNIST, axial abdominal CT patches from the Liver Tumor Segmentation Benchmark (LiTS)",CC BY 4.0,fit,
data/out_of_scope/cat2_nonbrain_medical/abdominal_ct_axial/abdominal_ct_axial_0105.png,cat2_nonbrain_medical,abdominal_ct_axial,"MedMNIST v2 OrganAMNIST, axial abdominal CT patches from the Liver Tumor Segmentation Benchmark (LiTS)",CC BY 4.0,eval,
data/out_of_scope/cat2_nonbrain_medical/abdominal_ct_axial/abdominal_ct_axial_0106.png,cat2_nonbrain_medical,abdominal_ct_axial,"MedMNIST v2 OrganAMNIST, axial abdominal CT patches from the Liver Tumor Segmentation Benchmark (LiTS)",CC BY 4.0,fit,
data/out_of_scope/cat2_nonbrain_medical/abdominal_ct_axial/abdominal_ct_axial_0107.png,cat2_nonbrain_medical,abdominal_ct_axial,"MedMNIST v2 OrganAMNIST, axial abdominal CT patches from the Liver Tumor Segmentation Benchmark (LiTS)",CC BY 4.0,eval,
data/out_of_scope/cat2_nonbrain_medical/abdominal_ct_axial/abdominal_ct_axial_0108.png,cat2_nonbrain_medical,abdominal_ct_axial,"MedMNIST v2 OrganAMNIST, axial abdominal CT patches from the Liver Tumor Segmentation Benchmark (LiTS)",CC BY 4.0,fit,
data/out_of_scope/cat2_nonbrain_medical/abdominal_ct_axial/abdominal_ct_axial_0109.png,cat2_nonbrain_medical,abdominal_ct_axial,"MedMNIST v2 OrganAMNIST, axial abdominal CT patches from the Liver Tumor Segmentation Benchmark (LiTS)",CC BY 4.0,eval,
data/out_of_scope/cat2_nonbrain_medical/abdominal_ct_axial/abdominal_ct_axial_0110.png,cat2_nonbrain_medical,abdominal_ct_axial,"MedMNIST v2 OrganAMNIST, axial abdominal CT patches from the Liver Tumor Segmentation Benchmark (LiTS)",CC BY 4.0,fit,
data/out_of_scope/cat2_nonbrain_medical/abdominal_ct_axial/abdominal_ct_axial_0111.png,cat2_nonbrain_medical,abdominal_ct_axial,"MedMNIST v2 OrganAMNIST, axial abdominal CT patches from the Liver Tumor Segmentation Benchmark (LiTS)",CC BY 4.0,eval,
data/out_of_scope/cat2_nonbrain_medical/abdominal_ct_axial/abdominal_ct_axial_0112.png,cat2_nonbrain_medical,abdominal_ct_axial,"MedMNIST v2 OrganAMNIST, axial abdominal CT patches from the Liver Tumor Segmentation Benchmark (LiTS)",CC BY 4.0,fit,
data/out_of_scope/cat2_nonbrain_medical/abdominal_ct_axial/abdominal_ct_axial_0113.png,cat2_nonbrain_medical,abdominal_ct_axial,"MedMNIST v2 OrganAMNIST, axial abdominal CT patches from the Liver Tumor Segmentation Benchmark (LiTS)",CC BY 4.0,eval,
data/out_of_scope/cat2_nonbrain_medical/abdominal_ct_axial/abdominal_ct_axial_0114.png,cat2_nonbrain_medical,abdominal_ct_axial,"MedMNIST v2 OrganAMNIST, axial abdominal CT patches from the Liver Tumor Segmentation Benchmark (LiTS)",CC BY 4.0,fit,
data/out_of_scope/cat2_nonbrain_medical/abdominal_ct_axial/abdominal_ct_axial_0115.png,cat2_nonbrain_medical,abdominal_ct_axial,"MedMNIST v2 OrganAMNIST, axial abdominal CT patches from the Liver Tumor Segmentation Benchmark (LiTS)",CC BY 4.0,eval,
data/out_of_scope/cat2_nonbrain_medical/abdominal_ct_axial/abdominal_ct_axial_0116.png,cat2_nonbrain_medical,abdominal_ct_axial,"MedMNIST v2 OrganAMNIST, axial abdominal CT patches from the Liver Tumor Segmentation Benchmark (LiTS)",CC BY 4.0,fit,
data/out_of_scope/cat2_nonbrain_medical/abdominal_ct_axial/abdominal_ct_axial_0117.png,cat2_nonbrain_medical,abdominal_ct_axial,"MedMNIST v2 OrganAMNIST, axial abdominal CT patches from the Liver Tumor Segmentation Benchmark (LiTS)",CC BY 4.0,eval,
data/out_of_scope/cat2_nonbrain_medical/abdominal_ct_axial/abdominal_ct_axial_0118.png,cat2_nonbrain_medical,abdominal_ct_axial,"MedMNIST v2 OrganAMNIST, axial abdominal CT patches from the Liver Tumor Segmentation Benchmark (LiTS)",CC BY 4.0,fit,
data/out_of_scope/cat2_nonbrain_medical/abdominal_ct_axial/abdominal_ct_axial_0119.png,cat2_nonbrain_medical,abdominal_ct_axial,"MedMNIST v2 OrganAMNIST, axial abdominal CT patches from the Liver Tumor Segmentation Benchmark (LiTS)",CC BY 4.0,eval,
data/out_of_scope/cat2_nonbrain_medical/abdominal_ct_axial/abdominal_ct_axial_0120.png,cat2_nonbrain_medical,abdominal_ct_axial,"MedMNIST v2 OrganAMNIST, axial abdominal CT patches from the Liver Tumor Segmentation Benchmark (LiTS)",CC BY 4.0,fit,
data/out_of_scope/cat2_nonbrain_medical/abdominal_ct_axial/abdominal_ct_axial_0121.png,cat2_nonbrain_medical,abdominal_ct_axial,"MedMNIST v2 OrganAMNIST, axial abdominal CT patches from the Liver Tumor Segmentation Benchmark (LiTS)",CC BY 4.0,eval,
data/out_of_scope/cat2_nonbrain_medical/abdominal_ct_axial/abdominal_ct_axial_0122.png,cat2_nonbrain_medical,abdominal_ct_axial,"MedMNIST v2 OrganAMNIST, axial abdominal CT patches from the Liver Tumor Segmentation Benchmark (LiTS)",CC BY 4.0,fit,
data/out_of_scope/cat2_nonbrain_medical/abdominal_ct_axial/abdominal_ct_axial_0123.png,cat2_nonbrain_medical,abdominal_ct_axial,"MedMNIST v2 OrganAMNIST, axial abdominal CT patches from the Liver Tumor Segmentation Benchmark (LiTS)",CC BY 4.0,eval,
data/out_of_scope/cat2_nonbrain_medical/abdominal_ct_axial/abdominal_ct_axial_0124.png,cat2_nonbrain_medical,abdominal_ct_axial,"MedMNIST v2 OrganAMNIST, axial abdominal CT patches from the Liver Tumor Segmentation Benchmark (LiTS)",CC BY 4.0,fit,
data/out_of_scope/cat2_nonbrain_medical/abdominal_ct_axial/abdominal_ct_axial_0125.png,cat2_nonbrain_medical,abdominal_ct_axial,"MedMNIST v2 OrganAMNIST, axial abdominal CT patches from the Liver Tumor Segmentation Benchmark (LiTS)",CC BY 4.0,eval,
data/out_of_scope/cat2_nonbrain_medical/abdominal_ct_axial/abdominal_ct_axial_0126.png,cat2_nonbrain_medical,abdominal_ct_axial,"MedMNIST v2 OrganAMNIST, axial abdominal CT patches from the Liver Tumor Segmentation Benchmark (LiTS)",CC BY 4.0,fit,
data/out_of_scope/cat2_nonbrain_medical/abdominal_ct_axial/abdominal_ct_axial_0127.png,cat2_nonbrain_medical,abdominal_ct_axial,"MedMNIST v2 OrganAMNIST, axial abdominal CT patches from the Liver Tumor Segmentation Benchmark (LiTS)",CC BY 4.0,eval,
data/out_of_scope/cat2_nonbrain_medical/abdominal_ct_axial/abdominal_ct_axial_0128.png,cat2_nonbrain_medical,abdominal_ct_axial,"MedMNIST v2 OrganAMNIST, axial abdominal CT patches from the Liver Tumor Segmentation Benchmark (LiTS)",CC BY 4.0,fit,
data/out_of_scope/cat2_nonbrain_medical/abdominal_ct_axial/abdominal_ct_axial_0129.png,cat2_nonbrain_medical,abdominal_ct_axial,"MedMNIST v2 OrganAMNIST, axial abdominal CT patches from the Liver Tumor Segmentation Benchmark (LiTS)",CC BY 4.0,eval,
data/out_of_scope/cat2_nonbrain_medical/abdominal_ct_axial/abdominal_ct_axial_0130.png,cat2_nonbrain_medical,abdominal_ct_axial,"MedMNIST v2 OrganAMNIST, axial abdominal CT patches from the Liver Tumor Segmentation Benchmark (LiTS)",CC BY 4.0,fit,
data/out_of_scope/cat2_nonbrain_medical/abdominal_ct_axial/abdominal_ct_axial_0131.png,cat2_nonbrain_medical,abdominal_ct_axial,"MedMNIST v2 OrganAMNIST, axial abdominal CT patches from the Liver Tumor Segmentation Benchmark (LiTS)",CC BY 4.0,eval,
data/out_of_scope/cat2_nonbrain_medical/abdominal_ct_axial/abdominal_ct_axial_0132.png,cat2_nonbrain_medical,abdominal_ct_axial,"MedMNIST v2 OrganAMNIST, axial abdominal CT patches from the Liver Tumor Segmentation Benchmark (LiTS)",CC BY 4.0,fit,
data/out_of_scope/cat2_nonbrain_medical/abdominal_ct_axial/abdominal_ct_axial_0133.png,cat2_nonbrain_medical,abdominal_ct_axial,"MedMNIST v2 OrganAMNIST, axial abdominal CT patches from the Liver Tumor Segmentation Benchmark (LiTS)",CC BY 4.0,eval,
data/out_of_scope/cat2_nonbrain_medical/abdominal_ct_axial/abdominal_ct_axial_0134.png,cat2_nonbrain_medical,abdominal_ct_axial,"MedMNIST v2 OrganAMNIST, axial abdominal CT patches from the Liver Tumor Segmentation Benchmark (LiTS)",CC BY 4.0,fit,
data/out_of_scope/cat2_nonbrain_medical/abdominal_ct_axial/abdominal_ct_axial_0135.png,cat2_nonbrain_medical,abdominal_ct_axial,"MedMNIST v2 OrganAMNIST, axial abdominal CT patches from the Liver Tumor Segmentation Benchmark (LiTS)",CC BY 4.0,eval,
data/out_of_scope/cat2_nonbrain_medical/abdominal_ct_axial/abdominal_ct_axial_0136.png,cat2_nonbrain_medical,abdominal_ct_axial,"MedMNIST v2 OrganAMNIST, axial abdominal CT patches from the Liver Tumor Segmentation Benchmark (LiTS)",CC BY 4.0,fit,
data/out_of_scope/cat2_nonbrain_medical/abdominal_ct_axial/abdominal_ct_axial_0137.png,cat2_nonbrain_medical,abdominal_ct_axial,"MedMNIST v2 OrganAMNIST, axial abdominal CT patches from the Liver Tumor Segmentation Benchmark (LiTS)",CC BY 4.0,eval,
data/out_of_scope/cat2_nonbrain_medical/abdominal_ct_axial/abdominal_ct_axial_0138.png,cat2_nonbrain_medical,abdominal_ct_axial,"MedMNIST v2 OrganAMNIST, axial abdominal CT patches from the Liver Tumor Segmentation Benchmark (LiTS)",CC BY 4.0,fit,
data/out_of_scope/cat2_nonbrain_medical/abdominal_ct_axial/abdominal_ct_axial_0139.png,cat2_nonbrain_medical,abdominal_ct_axial,"MedMNIST v2 OrganAMNIST, axial abdominal CT patches from the Liver Tumor Segmentation Benchmark (LiTS)",CC BY 4.0,eval,
data/out_of_scope/cat2_nonbrain_medical/abdominal_ct_axial/abdominal_ct_axial_0140.png,cat2_nonbrain_medical,abdominal_ct_axial,"MedMNIST v2 OrganAMNIST, axial abdominal CT patches from the Liver Tumor Segmentation Benchmark (LiTS)",CC BY 4.0,fit,
data/out_of_scope/cat2_nonbrain_medical/abdominal_ct_axial/abdominal_ct_axial_0141.png,cat2_nonbrain_medical,abdominal_ct_axial,"MedMNIST v2 OrganAMNIST, axial abdominal CT patches from the Liver Tumor Segmentation Benchmark (LiTS)",CC BY 4.0,eval,
data/out_of_scope/cat2_nonbrain_medical/abdominal_ct_axial/abdominal_ct_axial_0142.png,cat2_nonbrain_medical,abdominal_ct_axial,"MedMNIST v2 OrganAMNIST, axial abdominal CT patches from the Liver Tumor Segmentation Benchmark (LiTS)",CC BY 4.0,fit,
data/out_of_scope/cat2_nonbrain_medical/abdominal_ct_axial/abdominal_ct_axial_0143.png,cat2_nonbrain_medical,abdominal_ct_axial,"MedMNIST v2 OrganAMNIST, axial abdominal CT patches from the Liver Tumor Segmentation Benchmark (LiTS)",CC BY 4.0,eval,
data/out_of_scope/cat2_nonbrain_medical/abdominal_ct_axial/abdominal_ct_axial_0144.png,cat2_nonbrain_medical,abdominal_ct_axial,"MedMNIST v2 OrganAMNIST, axial abdominal CT patches from the Liver Tumor Segmentation Benchmark (LiTS)",CC BY 4.0,fit,
data/out_of_scope/cat2_nonbrain_medical/abdominal_ct_axial/abdominal_ct_axial_0145.png,cat2_nonbrain_medical,abdominal_ct_axial,"MedMNIST v2 OrganAMNIST, axial abdominal CT patches from the Liver Tumor Segmentation Benchmark (LiTS)",CC BY 4.0,eval,
data/out_of_scope/cat2_nonbrain_medical/abdominal_ct_axial/abdominal_ct_axial_0146.png,cat2_nonbrain_medical,abdominal_ct_axial,"MedMNIST v2 OrganAMNIST, axial abdominal CT patches from the Liver Tumor Segmentation Benchmark (LiTS)",CC BY 4.0,fit,
data/out_of_scope/cat2_nonbrain_medical/abdominal_ct_axial/abdominal_ct_axial_0147.png,cat2_nonbrain_medical,abdominal_ct_axial,"MedMNIST v2 OrganAMNIST, axial abdominal CT patches from the Liver Tumor Segmentation Benchmark (LiTS)",CC BY 4.0,eval,
data/out_of_scope/cat2_nonbrain_medical/abdominal_ct_axial/abdominal_ct_axial_0148.png,cat2_nonbrain_medical,abdominal_ct_axial,"MedMNIST v2 OrganAMNIST, axial abdominal CT patches from the Liver Tumor Segmentation Benchmark (LiTS)",CC BY 4.0,fit,
data/out_of_scope/cat2_nonbrain_medical/abdominal_ct_axial/abdominal_ct_axial_0149.png,cat2_nonbrain_medical,abdominal_ct_axial,"MedMNIST v2 OrganAMNIST, axial abdominal CT patches from the Liver Tumor Segmentation Benchmark (LiTS)",CC BY 4.0,eval,
data/out_of_scope/cat2_nonbrain_medical/abdominal_ct_axial/abdominal_ct_axial_0150.png,cat2_nonbrain_medical,abdominal_ct_axial,"MedMNIST v2 OrganAMNIST, axial abdominal CT patches from the Liver Tumor Segmentation Benchmark (LiTS)",CC BY 4.0,fit,
data/out_of_scope/cat2_nonbrain_medical/abdominal_ct_axial/abdominal_ct_axial_0151.png,cat2_nonbrain_medical,abdominal_ct_axial,"MedMNIST v2 OrganAMNIST, axial abdominal CT patches from the Liver Tumor Segmentation Benchmark (LiTS)",CC BY 4.0,eval,
data/out_of_scope/cat2_nonbrain_medical/abdominal_ct_axial/abdominal_ct_axial_0152.png,cat2_nonbrain_medical,abdominal_ct_axial,"MedMNIST v2 OrganAMNIST, axial abdominal CT patches from the Liver Tumor Segmentation Benchmark (LiTS)",CC BY 4.0,fit,
data/out_of_scope/cat2_nonbrain_medical/abdominal_ct_axial/abdominal_ct_axial_0153.png,cat2_nonbrain_medical,abdominal_ct_axial,"MedMNIST v2 OrganAMNIST, axial abdominal CT patches from the Liver Tumor Segmentation Benchmark (LiTS)",CC BY 4.0,eval,
data/out_of_scope/cat2_nonbrain_medical/abdominal_ct_axial/abdominal_ct_axial_0154.png,cat2_nonbrain_medical,abdominal_ct_axial,"MedMNIST v2 OrganAMNIST, axial abdominal CT patches from the Liver Tumor Segmentation Benchmark (LiTS)",CC BY 4.0,fit,
data/out_of_scope/cat2_nonbrain_medical/abdominal_ct_axial/abdominal_ct_axial_0155.png,cat2_nonbrain_medical,abdominal_ct_axial,"MedMNIST v2 OrganAMNIST, axial abdominal CT patches from the Liver Tumor Segmentation Benchmark (LiTS)",CC BY 4.0,eval,
data/out_of_scope/cat2_nonbrain_medical/abdominal_ct_axial/abdominal_ct_axial_0156.png,cat2_nonbrain_medical,abdominal_ct_axial,"MedMNIST v2 OrganAMNIST, axial abdominal CT patches from the Liver Tumor Segmentation Benchmark (LiTS)",CC BY 4.0,fit,
data/out_of_scope/cat2_nonbrain_medical/abdominal_ct_axial/abdominal_ct_axial_0157.png,cat2_nonbrain_medical,abdominal_ct_axial,"MedMNIST v2 OrganAMNIST, axial abdominal CT patches from the Liver Tumor Segmentation Benchmark (LiTS)",CC BY 4.0,eval,
data/out_of_scope/cat2_nonbrain_medical/abdominal_ct_axial/abdominal_ct_axial_0158.png,cat2_nonbrain_medical,abdominal_ct_axial,"MedMNIST v2 OrganAMNIST, axial abdominal CT patches from the Liver Tumor Segmentation Benchmark (LiTS)",CC BY 4.0,fit,
data/out_of_scope/cat2_nonbrain_medical/abdominal_ct_axial/abdominal_ct_axial_0159.png,cat2_nonbrain_medical,abdominal_ct_axial,"MedMNIST v2 OrganAMNIST, axial abdominal CT patches from the Liver Tumor Segmentation Benchmark (LiTS)",CC BY 4.0,eval,
data/out_of_scope/cat2_nonbrain_medical/abdominal_ct_axial/abdominal_ct_axial_0160.png,cat2_nonbrain_medical,abdominal_ct_axial,"MedMNIST v2 OrganAMNIST, axial abdominal CT patches from the Liver Tumor Segmentation Benchmark (LiTS)",CC BY 4.0,fit,
data/out_of_scope/cat2_nonbrain_medical/abdominal_ct_axial/abdominal_ct_axial_0161.png,cat2_nonbrain_medical,abdominal_ct_axial,"MedMNIST v2 OrganAMNIST, axial abdominal CT patches from the Liver Tumor Segmentation Benchmark (LiTS)",CC BY 4.0,eval,
data/out_of_scope/cat2_nonbrain_medical/abdominal_ct_axial/abdominal_ct_axial_0162.png,cat2_nonbrain_medical,abdominal_ct_axial,"MedMNIST v2 OrganAMNIST, axial abdominal CT patches from the Liver Tumor Segmentation Benchmark (LiTS)",CC BY 4.0,fit,
data/out_of_scope/cat2_nonbrain_medical/abdominal_ct_axial/abdominal_ct_axial_0163.png,cat2_nonbrain_medical,abdominal_ct_axial,"MedMNIST v2 OrganAMNIST, axial abdominal CT patches from the Liver Tumor Segmentation Benchmark (LiTS)",CC BY 4.0,eval,
data/out_of_scope/cat2_nonbrain_medical/abdominal_ct_axial/abdominal_ct_axial_0164.png,cat2_nonbrain_medical,abdominal_ct_axial,"MedMNIST v2 OrganAMNIST, axial abdominal CT patches from the Liver Tumor Segmentation Benchmark (LiTS)",CC BY 4.0,fit,
data/out_of_scope/cat2_nonbrain_medical/abdominal_ct_axial/abdominal_ct_axial_0165.png,cat2_nonbrain_medical,abdominal_ct_axial,"MedMNIST v2 OrganAMNIST, axial abdominal CT patches from the Liver Tumor Segmentation Benchmark (LiTS)",CC BY 4.0,eval,
data/out_of_scope/cat2_nonbrain_medical/abdominal_ct_axial/abdominal_ct_axial_0166.png,cat2_nonbrain_medical,abdominal_ct_axial,"MedMNIST v2 OrganAMNIST, axial abdominal CT patches from the Liver Tumor Segmentation Benchmark (LiTS)",CC BY 4.0,fit,
data/out_of_scope/cat2_nonbrain_medical/abdominal_ct_axial/abdominal_ct_axial_0167.png,cat2_nonbrain_medical,abdominal_ct_axial,"MedMNIST v2 OrganAMNIST, axial abdominal CT patches from the Liver Tumor Segmentation Benchmark (LiTS)",CC BY 4.0,eval,
data/out_of_scope/cat2_nonbrain_medical/abdominal_ct_axial/abdominal_ct_axial_0168.png,cat2_nonbrain_medical,abdominal_ct_axial,"MedMNIST v2 OrganAMNIST, axial abdominal CT patches from the Liver Tumor Segmentation Benchmark (LiTS)",CC BY 4.0,fit,
data/out_of_scope/cat2_nonbrain_medical/abdominal_ct_axial/abdominal_ct_axial_0169.png,cat2_nonbrain_medical,abdominal_ct_axial,"MedMNIST v2 OrganAMNIST, axial abdominal CT patches from the Liver Tumor Segmentation Benchmark (LiTS)",CC BY 4.0,eval,
data/out_of_scope/cat2_nonbrain_medical/abdominal_ct_axial/abdominal_ct_axial_0170.png,cat2_nonbrain_medical,abdominal_ct_axial,"MedMNIST v2 OrganAMNIST, axial abdominal CT patches from the Liver Tumor Segmentation Benchmark (LiTS)",CC BY 4.0,fit,
data/out_of_scope/cat2_nonbrain_medical/abdominal_ct_axial/abdominal_ct_axial_0171.png,cat2_nonbrain_medical,abdominal_ct_axial,"MedMNIST v2 OrganAMNIST, axial abdominal CT patches from the Liver Tumor Segmentation Benchmark (LiTS)",CC BY 4.0,eval,
data/out_of_scope/cat2_nonbrain_medical/abdominal_ct_axial/abdominal_ct_axial_0172.png,cat2_nonbrain_medical,abdominal_ct_axial,"MedMNIST v2 OrganAMNIST, axial abdominal CT patches from the Liver Tumor Segmentation Benchmark (LiTS)",CC BY 4.0,fit,
data/out_of_scope/cat2_nonbrain_medical/abdominal_ct_axial/abdominal_ct_axial_0173.png,cat2_nonbrain_medical,abdominal_ct_axial,"MedMNIST v2 OrganAMNIST, axial abdominal CT patches from the Liver Tumor Segmentation Benchmark (LiTS)",CC BY 4.0,eval,
data/out_of_scope/cat2_nonbrain_medical/abdominal_ct_axial/abdominal_ct_axial_0174.png,cat2_nonbrain_medical,abdominal_ct_axial,"MedMNIST v2 OrganAMNIST, axial abdominal CT patches from the Liver Tumor Segmentation Benchmark (LiTS)",CC BY 4.0,fit,
data/out_of_scope/cat2_nonbrain_medical/abdominal_ct_axial/abdominal_ct_axial_0175.png,cat2_nonbrain_medical,abdominal_ct_axial,"MedMNIST v2 OrganAMNIST, axial abdominal CT patches from the Liver Tumor Segmentation Benchmark (LiTS)",CC BY 4.0,eval,
data/out_of_scope/cat2_nonbrain_medical/abdominal_ct_axial/abdominal_ct_axial_0176.png,cat2_nonbrain_medical,abdominal_ct_axial,"MedMNIST v2 OrganAMNIST, axial abdominal CT patches from the Liver Tumor Segmentation Benchmark (LiTS)",CC BY 4.0,fit,
data/out_of_scope/cat2_nonbrain_medical/abdominal_ct_axial/abdominal_ct_axial_0177.png,cat2_nonbrain_medical,abdominal_ct_axial,"MedMNIST v2 OrganAMNIST, axial abdominal CT patches from the Liver Tumor Segmentation Benchmark (LiTS)",CC BY 4.0,eval,
data/out_of_scope/cat2_nonbrain_medical/abdominal_ct_axial/abdominal_ct_axial_0178.png,cat2_nonbrain_medical,abdominal_ct_axial,"MedMNIST v2 OrganAMNIST, axial abdominal CT patches from the Liver Tumor Segmentation Benchmark (LiTS)",CC BY 4.0,fit,
data/out_of_scope/cat2_nonbrain_medical/abdominal_ct_axial/abdominal_ct_axial_0179.png,cat2_nonbrain_medical,abdominal_ct_axial,"MedMNIST v2 OrganAMNIST, axial abdominal CT patches from the Liver Tumor Segmentation Benchmark (LiTS)",CC BY 4.0,eval,
data/out_of_scope/cat2_nonbrain_medical/abdominal_ct_axial/abdominal_ct_axial_0180.png,cat2_nonbrain_medical,abdominal_ct_axial,"MedMNIST v2 OrganAMNIST, axial abdominal CT patches from the Liver Tumor Segmentation Benchmark (LiTS)",CC BY 4.0,fit,
data/out_of_scope/cat2_nonbrain_medical/abdominal_ct_axial/abdominal_ct_axial_0181.png,cat2_nonbrain_medical,abdominal_ct_axial,"MedMNIST v2 OrganAMNIST, axial abdominal CT patches from the Liver Tumor Segmentation Benchmark (LiTS)",CC BY 4.0,eval,
data/out_of_scope/cat2_nonbrain_medical/abdominal_ct_axial/abdominal_ct_axial_0182.png,cat2_nonbrain_medical,abdominal_ct_axial,"MedMNIST v2 OrganAMNIST, axial abdominal CT patches from the Liver Tumor Segmentation Benchmark (LiTS)",CC BY 4.0,fit,
data/out_of_scope/cat2_nonbrain_medical/abdominal_ct_axial/abdominal_ct_axial_0183.png,cat2_nonbrain_medical,abdominal_ct_axial,"MedMNIST v2 OrganAMNIST, axial abdominal CT patches from the Liver Tumor Segmentation Benchmark (LiTS)",CC BY 4.0,eval,
data/out_of_scope/cat2_nonbrain_medical/abdominal_ct_axial/abdominal_ct_axial_0184.png,cat2_nonbrain_medical,abdominal_ct_axial,"MedMNIST v2 OrganAMNIST, axial abdominal CT patches from the Liver Tumor Segmentation Benchmark (LiTS)",CC BY 4.0,fit,
data/out_of_scope/cat2_nonbrain_medical/abdominal_ct_axial/abdominal_ct_axial_0185.png,cat2_nonbrain_medical,abdominal_ct_axial,"MedMNIST v2 OrganAMNIST, axial abdominal CT patches from the Liver Tumor Segmentation Benchmark (LiTS)",CC BY 4.0,eval,
data/out_of_scope/cat2_nonbrain_medical/abdominal_ct_axial/abdominal_ct_axial_0186.png,cat2_nonbrain_medical,abdominal_ct_axial,"MedMNIST v2 OrganAMNIST, axial abdominal CT patches from the Liver Tumor Segmentation Benchmark (LiTS)",CC BY 4.0,fit,
data/out_of_scope/cat2_nonbrain_medical/abdominal_ct_axial/abdominal_ct_axial_0187.png,cat2_nonbrain_medical,abdominal_ct_axial,"MedMNIST v2 OrganAMNIST, axial abdominal CT patches from the Liver Tumor Segmentation Benchmark (LiTS)",CC BY 4.0,eval,
data/out_of_scope/cat2_nonbrain_medical/abdominal_ct_axial/abdominal_ct_axial_0188.png,cat2_nonbrain_medical,abdominal_ct_axial,"MedMNIST v2 OrganAMNIST, axial abdominal CT patches from the Liver Tumor Segmentation Benchmark (LiTS)",CC BY 4.0,fit,
data/out_of_scope/cat2_nonbrain_medical/abdominal_ct_axial/abdominal_ct_axial_0189.png,cat2_nonbrain_medical,abdominal_ct_axial,"MedMNIST v2 OrganAMNIST, axial abdominal CT patches from the Liver Tumor Segmentation Benchmark (LiTS)",CC BY 4.0,eval,
data/out_of_scope/cat2_nonbrain_medical/abdominal_ct_axial/abdominal_ct_axial_0190.png,cat2_nonbrain_medical,abdominal_ct_axial,"MedMNIST v2 OrganAMNIST, axial abdominal CT patches from the Liver Tumor Segmentation Benchmark (LiTS)",CC BY 4.0,fit,
data/out_of_scope/cat2_nonbrain_medical/abdominal_ct_axial/abdominal_ct_axial_0191.png,cat2_nonbrain_medical,abdominal_ct_axial,"MedMNIST v2 OrganAMNIST, axial abdominal CT patches from the Liver Tumor Segmentation Benchmark (LiTS)",CC BY 4.0,eval,
data/out_of_scope/cat2_nonbrain_medical/abdominal_ct_axial/abdominal_ct_axial_0192.png,cat2_nonbrain_medical,abdominal_ct_axial,"MedMNIST v2 OrganAMNIST, axial abdominal CT patches from the Liver Tumor Segmentation Benchmark (LiTS)",CC BY 4.0,fit,
data/out_of_scope/cat2_nonbrain_medical/abdominal_ct_axial/abdominal_ct_axial_0193.png,cat2_nonbrain_medical,abdominal_ct_axial,"MedMNIST v2 OrganAMNIST, axial abdominal CT patches from the Liver Tumor Segmentation Benchmark (LiTS)",CC BY 4.0,eval,
data/out_of_scope/cat2_nonbrain_medical/abdominal_ct_axial/abdominal_ct_axial_0194.png,cat2_nonbrain_medical,abdominal_ct_axial,"MedMNIST v2 OrganAMNIST, axial abdominal CT patches from the Liver Tumor Segmentation Benchmark (LiTS)",CC BY 4.0,fit,
data/out_of_scope/cat2_nonbrain_medical/abdominal_ct_axial/abdominal_ct_axial_0195.png,cat2_nonbrain_medical,abdominal_ct_axial,"MedMNIST v2 OrganAMNIST, axial abdominal CT patches from the Liver Tumor Segmentation Benchmark (LiTS)",CC BY 4.0,eval,
data/out_of_scope/cat2_nonbrain_medical/abdominal_ct_axial/abdominal_ct_axial_0196.png,cat2_nonbrain_medical,abdominal_ct_axial,"MedMNIST v2 OrganAMNIST, axial abdominal CT patches from the Liver Tumor Segmentation Benchmark (LiTS)",CC BY 4.0,fit,
data/out_of_scope/cat2_nonbrain_medical/abdominal_ct_axial/abdominal_ct_axial_0197.png,cat2_nonbrain_medical,abdominal_ct_axial,"MedMNIST v2 OrganAMNIST, axial abdominal CT patches from the Liver Tumor Segmentation Benchmark (LiTS)",CC BY 4.0,eval,
data/out_of_scope/cat2_nonbrain_medical/abdominal_ct_axial/abdominal_ct_axial_0198.png,cat2_nonbrain_medical,abdominal_ct_axial,"MedMNIST v2 OrganAMNIST, axial abdominal CT patches from the Liver Tumor Segmentation Benchmark (LiTS)",CC BY 4.0,fit,
data/out_of_scope/cat2_nonbrain_medical/abdominal_ct_axial/abdominal_ct_axial_0199.png,cat2_nonbrain_medical,abdominal_ct_axial,"MedMNIST v2 OrganAMNIST, axial abdominal CT patches from the Liver Tumor Segmentation Benchmark (LiTS)",CC BY 4.0,eval,
data/out_of_scope/cat2_nonbrain_medical/abdominal_ct_axial/abdominal_ct_axial_0200.png,cat2_nonbrain_medical,abdominal_ct_axial,"MedMNIST v2 OrganAMNIST, axial abdominal CT patches from the Liver Tumor Segmentation Benchmark (LiTS)",CC BY 4.0,fit,
data/out_of_scope/cat2_nonbrain_medical/abdominal_ct_axial/abdominal_ct_axial_0201.png,cat2_nonbrain_medical,abdominal_ct_axial,"MedMNIST v2 OrganAMNIST, axial abdominal CT patches from the Liver Tumor Segmentation Benchmark (LiTS)",CC BY 4.0,eval,
data/out_of_scope/cat2_nonbrain_medical/abdominal_ct_axial/abdominal_ct_axial_0202.png,cat2_nonbrain_medical,abdominal_ct_axial,"MedMNIST v2 OrganAMNIST, axial abdominal CT patches from the Liver Tumor Segmentation Benchmark (LiTS)",CC BY 4.0,fit,
data/out_of_scope/cat2_nonbrain_medical/abdominal_ct_axial/abdominal_ct_axial_0203.png,cat2_nonbrain_medical,abdominal_ct_axial,"MedMNIST v2 OrganAMNIST, axial abdominal CT patches from the Liver Tumor Segmentation Benchmark (LiTS)",CC BY 4.0,eval,
data/out_of_scope/cat2_nonbrain_medical/abdominal_ct_axial/abdominal_ct_axial_0204.png,cat2_nonbrain_medical,abdominal_ct_axial,"MedMNIST v2 OrganAMNIST, axial abdominal CT patches from the Liver Tumor Segmentation Benchmark (LiTS)",CC BY 4.0,fit,
data/out_of_scope/cat2_nonbrain_medical/abdominal_ct_axial/abdominal_ct_axial_0205.png,cat2_nonbrain_medical,abdominal_ct_axial,"MedMNIST v2 OrganAMNIST, axial abdominal CT patches from the Liver Tumor Segmentation Benchmark (LiTS)",CC BY 4.0,eval,
data/out_of_scope/cat2_nonbrain_medical/abdominal_ct_axial/abdominal_ct_axial_0206.png,cat2_nonbrain_medical,abdominal_ct_axial,"MedMNIST v2 OrganAMNIST, axial abdominal CT patches from the Liver Tumor Segmentation Benchmark (LiTS)",CC BY 4.0,fit,
data/out_of_scope/cat2_nonbrain_medical/abdominal_ct_axial/abdominal_ct_axial_0207.png,cat2_nonbrain_medical,abdominal_ct_axial,"MedMNIST v2 OrganAMNIST, axial abdominal CT patches from the Liver Tumor Segmentation Benchmark (LiTS)",CC BY 4.0,eval,
data/out_of_scope/cat2_nonbrain_medical/abdominal_ct_axial/abdominal_ct_axial_0208.png,cat2_nonbrain_medical,abdominal_ct_axial,"MedMNIST v2 OrganAMNIST, axial abdominal CT patches from the Liver Tumor Segmentation Benchmark (LiTS)",CC BY 4.0,fit,
data/out_of_scope/cat2_nonbrain_medical/abdominal_ct_axial/abdominal_ct_axial_0209.png,cat2_nonbrain_medical,abdominal_ct_axial,"MedMNIST v2 OrganAMNIST, axial abdominal CT patches from the Liver Tumor Segmentation Benchmark (LiTS)",CC BY 4.0,eval,
data/out_of_scope/cat2_nonbrain_medical/abdominal_ct_axial/abdominal_ct_axial_0210.png,cat2_nonbrain_medical,abdominal_ct_axial,"MedMNIST v2 OrganAMNIST, axial abdominal CT patches from the Liver Tumor Segmentation Benchmark (LiTS)",CC BY 4.0,fit,
data/out_of_scope/cat2_nonbrain_medical/abdominal_ct_axial/abdominal_ct_axial_0211.png,cat2_nonbrain_medical,abdominal_ct_axial,"MedMNIST v2 OrganAMNIST, axial abdominal CT patches from the Liver Tumor Segmentation Benchmark (LiTS)",CC BY 4.0,eval,
data/out_of_scope/cat2_nonbrain_medical/abdominal_ct_axial/abdominal_ct_axial_0212.png,cat2_nonbrain_medical,abdominal_ct_axial,"MedMNIST v2 OrganAMNIST, axial abdominal CT patches from the Liver Tumor Segmentation Benchmark (LiTS)",CC BY 4.0,fit,
data/out_of_scope/cat2_nonbrain_medical/abdominal_ct_axial/abdominal_ct_axial_0213.png,cat2_nonbrain_medical,abdominal_ct_axial,"MedMNIST v2 OrganAMNIST, axial abdominal CT patches from the Liver Tumor Segmentation Benchmark (LiTS)",CC BY 4.0,eval,
data/out_of_scope/cat2_nonbrain_medical/abdominal_ct_axial/abdominal_ct_axial_0214.png,cat2_nonbrain_medical,abdominal_ct_axial,"MedMNIST v2 OrganAMNIST, axial abdominal CT patches from the Liver Tumor Segmentation Benchmark (LiTS)",CC BY 4.0,fit,
data/out_of_scope/cat2_nonbrain_medical/abdominal_ct_axial/abdominal_ct_axial_0215.png,cat2_nonbrain_medical,abdominal_ct_axial,"MedMNIST v2 OrganAMNIST, axial abdominal CT patches from the Liver Tumor Segmentation Benchmark (LiTS)",CC BY 4.0,eval,
data/out_of_scope/cat2_nonbrain_medical/abdominal_ct_axial/abdominal_ct_axial_0216.png,cat2_nonbrain_medical,abdominal_ct_axial,"MedMNIST v2 OrganAMNIST, axial abdominal CT patches from the Liver Tumor Segmentation Benchmark (LiTS)",CC BY 4.0,fit,
data/out_of_scope/cat2_nonbrain_medical/abdominal_ct_axial/abdominal_ct_axial_0217.png,cat2_nonbrain_medical,abdominal_ct_axial,"MedMNIST v2 OrganAMNIST, axial abdominal CT patches from the Liver Tumor Segmentation Benchmark (LiTS)",CC BY 4.0,eval,
data/out_of_scope/cat2_nonbrain_medical/abdominal_ct_axial/abdominal_ct_axial_0218.png,cat2_nonbrain_medical,abdominal_ct_axial,"MedMNIST v2 OrganAMNIST, axial abdominal CT patches from the Liver Tumor Segmentation Benchmark (LiTS)",CC BY 4.0,fit,
data/out_of_scope/cat2_nonbrain_medical/abdominal_ct_axial/abdominal_ct_axial_0219.png,cat2_nonbrain_medical,abdominal_ct_axial,"MedMNIST v2 OrganAMNIST, axial abdominal CT patches from the Liver Tumor Segmentation Benchmark (LiTS)",CC BY 4.0,eval,
data/out_of_scope/cat2_nonbrain_medical/abdominal_ct_axial/abdominal_ct_axial_0220.png,cat2_nonbrain_medical,abdominal_ct_axial,"MedMNIST v2 OrganAMNIST, axial abdominal CT patches from the Liver Tumor Segmentation Benchmark (LiTS)",CC BY 4.0,fit,
data/out_of_scope/cat2_nonbrain_medical/abdominal_ct_axial/abdominal_ct_axial_0221.png,cat2_nonbrain_medical,abdominal_ct_axial,"MedMNIST v2 OrganAMNIST, axial abdominal CT patches from the Liver Tumor Segmentation Benchmark (LiTS)",CC BY 4.0,eval,
data/out_of_scope/cat2_nonbrain_medical/abdominal_ct_axial/abdominal_ct_axial_0222.png,cat2_nonbrain_medical,abdominal_ct_axial,"MedMNIST v2 OrganAMNIST, axial abdominal CT patches from the Liver Tumor Segmentation Benchmark (LiTS)",CC BY 4.0,fit,
data/out_of_scope/cat2_nonbrain_medical/abdominal_ct_axial/abdominal_ct_axial_0223.png,cat2_nonbrain_medical,abdominal_ct_axial,"MedMNIST v2 OrganAMNIST, axial abdominal CT patches from the Liver Tumor Segmentation Benchmark (LiTS)",CC BY 4.0,eval,
data/out_of_scope/cat2_nonbrain_medical/abdominal_ct_axial/abdominal_ct_axial_0224.png,cat2_nonbrain_medical,abdominal_ct_axial,"MedMNIST v2 OrganAMNIST, axial abdominal CT patches from the Liver Tumor Segmentation Benchmark (LiTS)",CC BY 4.0,fit,
data/out_of_scope/cat2_nonbrain_medical/abdominal_ct_axial/abdominal_ct_axial_0225.png,cat2_nonbrain_medical,abdominal_ct_axial,"MedMNIST v2 OrganAMNIST, axial abdominal CT patches from the Liver Tumor Segmentation Benchmark (LiTS)",CC BY 4.0,eval,
data/out_of_scope/cat2_nonbrain_medical/abdominal_ct_axial/abdominal_ct_axial_0226.png,cat2_nonbrain_medical,abdominal_ct_axial,"MedMNIST v2 OrganAMNIST, axial abdominal CT patches from the Liver Tumor Segmentation Benchmark (LiTS)",CC BY 4.0,fit,
data/out_of_scope/cat2_nonbrain_medical/abdominal_ct_axial/abdominal_ct_axial_0227.png,cat2_nonbrain_medical,abdominal_ct_axial,"MedMNIST v2 OrganAMNIST, axial abdominal CT patches from the Liver Tumor Segmentation Benchmark (LiTS)",CC BY 4.0,eval,
data/out_of_scope/cat2_nonbrain_medical/abdominal_ct_axial/abdominal_ct_axial_0228.png,cat2_nonbrain_medical,abdominal_ct_axial,"MedMNIST v2 OrganAMNIST, axial abdominal CT patches from the Liver Tumor Segmentation Benchmark (LiTS)",CC BY 4.0,fit,
data/out_of_scope/cat2_nonbrain_medical/abdominal_ct_axial/abdominal_ct_axial_0229.png,cat2_nonbrain_medical,abdominal_ct_axial,"MedMNIST v2 OrganAMNIST, axial abdominal CT patches from the Liver Tumor Segmentation Benchmark (LiTS)",CC BY 4.0,eval,
data/out_of_scope/cat2_nonbrain_medical/abdominal_ct_axial/abdominal_ct_axial_0230.png,cat2_nonbrain_medical,abdominal_ct_axial,"MedMNIST v2 OrganAMNIST, axial abdominal CT patches from the Liver Tumor Segmentation Benchmark (LiTS)",CC BY 4.0,fit,
data/out_of_scope/cat2_nonbrain_medical/abdominal_ct_axial/abdominal_ct_axial_0231.png,cat2_nonbrain_medical,abdominal_ct_axial,"MedMNIST v2 OrganAMNIST, axial abdominal CT patches from the Liver Tumor Segmentation Benchmark (LiTS)",CC BY 4.0,eval,
data/out_of_scope/cat2_nonbrain_medical/abdominal_ct_axial/abdominal_ct_axial_0232.png,cat2_nonbrain_medical,abdominal_ct_axial,"MedMNIST v2 OrganAMNIST, axial abdominal CT patches from the Liver Tumor Segmentation Benchmark (LiTS)",CC BY 4.0,fit,
data/out_of_scope/cat2_nonbrain_medical/abdominal_ct_axial/abdominal_ct_axial_0233.png,cat2_nonbrain_medical,abdominal_ct_axial,"MedMNIST v2 OrganAMNIST, axial abdominal CT patches from the Liver Tumor Segmentation Benchmark (LiTS)",CC BY 4.0,eval,
data/out_of_scope/cat2_nonbrain_medical/abdominal_ct_axial/abdominal_ct_axial_0234.png,cat2_nonbrain_medical,abdominal_ct_axial,"MedMNIST v2 OrganAMNIST, axial abdominal CT patches from the Liver Tumor Segmentation Benchmark (LiTS)",CC BY 4.0,fit,
data/out_of_scope/cat2_nonbrain_medical/abdominal_ct_axial/abdominal_ct_axial_0235.png,cat2_nonbrain_medical,abdominal_ct_axial,"MedMNIST v2 OrganAMNIST, axial abdominal CT patches from the Liver Tumor Segmentation Benchmark (LiTS)",CC BY 4.0,eval,
data/out_of_scope/cat2_nonbrain_medical/abdominal_ct_axial/abdominal_ct_axial_0236.png,cat2_nonbrain_medical,abdominal_ct_axial,"MedMNIST v2 OrganAMNIST, axial abdominal CT patches from the Liver Tumor Segmentation Benchmark (LiTS)",CC BY 4.0,fit,
data/out_of_scope/cat2_nonbrain_medical/abdominal_ct_axial/abdominal_ct_axial_0237.png,cat2_nonbrain_medical,abdominal_ct_axial,"MedMNIST v2 OrganAMNIST, axial abdominal CT patches from the Liver Tumor Segmentation Benchmark (LiTS)",CC BY 4.0,eval,
data/out_of_scope/cat2_nonbrain_medical/abdominal_ct_axial/abdominal_ct_axial_0238.png,cat2_nonbrain_medical,abdominal_ct_axial,"MedMNIST v2 OrganAMNIST, axial abdominal CT patches from the Liver Tumor Segmentation Benchmark (LiTS)",CC BY 4.0,fit,
data/out_of_scope/cat2_nonbrain_medical/abdominal_ct_axial/abdominal_ct_axial_0239.png,cat2_nonbrain_medical,abdominal_ct_axial,"MedMNIST v2 OrganAMNIST, axial abdominal CT patches from the Liver Tumor Segmentation Benchmark (LiTS)",CC BY 4.0,eval,
data/out_of_scope/cat2_nonbrain_medical/abdominal_ct_coronal/abdominal_ct_coronal_0000.png,cat2_nonbrain_medical,abdominal_ct_coronal,"MedMNIST v2 OrganCMNIST, coronal abdominal CT patches from LiTS",CC BY 4.0,fit,
data/out_of_scope/cat2_nonbrain_medical/abdominal_ct_coronal/abdominal_ct_coronal_0001.png,cat2_nonbrain_medical,abdominal_ct_coronal,"MedMNIST v2 OrganCMNIST, coronal abdominal CT patches from LiTS",CC BY 4.0,eval,
data/out_of_scope/cat2_nonbrain_medical/abdominal_ct_coronal/abdominal_ct_coronal_0002.png,cat2_nonbrain_medical,abdominal_ct_coronal,"MedMNIST v2 OrganCMNIST, coronal abdominal CT patches from LiTS",CC BY 4.0,fit,
data/out_of_scope/cat2_nonbrain_medical/abdominal_ct_coronal/abdominal_ct_coronal_0003.png,cat2_nonbrain_medical,abdominal_ct_coronal,"MedMNIST v2 OrganCMNIST, coronal abdominal CT patches from LiTS",CC BY 4.0,eval,
data/out_of_scope/cat2_nonbrain_medical/abdominal_ct_coronal/abdominal_ct_coronal_0004.png,cat2_nonbrain_medical,abdominal_ct_coronal,"MedMNIST v2 OrganCMNIST, coronal abdominal CT patches from LiTS",CC BY 4.0,fit,
data/out_of_scope/cat2_nonbrain_medical/abdominal_ct_coronal/abdominal_ct_coronal_0005.png,cat2_nonbrain_medical,abdominal_ct_coronal,"MedMNIST v2 OrganCMNIST, coronal abdominal CT patches from LiTS",CC BY 4.0,eval,
data/out_of_scope/cat2_nonbrain_medical/abdominal_ct_coronal/abdominal_ct_coronal_0006.png,cat2_nonbrain_medical,abdominal_ct_coronal,"MedMNIST v2 OrganCMNIST, coronal abdominal CT patches from LiTS",CC BY 4.0,fit,
data/out_of_scope/cat2_nonbrain_medical/abdominal_ct_coronal/abdominal_ct_coronal_0007.png,cat2_nonbrain_medical,abdominal_ct_coronal,"MedMNIST v2 OrganCMNIST, coronal abdominal CT patches from LiTS",CC BY 4.0,eval,
data/out_of_scope/cat2_nonbrain_medical/abdominal_ct_coronal/abdominal_ct_coronal_0008.png,cat2_nonbrain_medical,abdominal_ct_coronal,"MedMNIST v2 OrganCMNIST, coronal abdominal CT patches from LiTS",CC BY 4.0,fit,
data/out_of_scope/cat2_nonbrain_medical/abdominal_ct_coronal/abdominal_ct_coronal_0009.png,cat2_nonbrain_medical,abdominal_ct_coronal,"MedMNIST v2 OrganCMNIST, coronal abdominal CT patches from LiTS",CC BY 4.0,eval,
data/out_of_scope/cat2_nonbrain_medical/abdominal_ct_coronal/abdominal_ct_coronal_0010.png,cat2_nonbrain_medical,abdominal_ct_coronal,"MedMNIST v2 OrganCMNIST, coronal abdominal CT patches from LiTS",CC BY 4.0,fit,
data/out_of_scope/cat2_nonbrain_medical/abdominal_ct_coronal/abdominal_ct_coronal_0011.png,cat2_nonbrain_medical,abdominal_ct_coronal,"MedMNIST v2 OrganCMNIST, coronal abdominal CT patches from LiTS",CC BY 4.0,eval,
data/out_of_scope/cat2_nonbrain_medical/abdominal_ct_coronal/abdominal_ct_coronal_0012.png,cat2_nonbrain_medical,abdominal_ct_coronal,"MedMNIST v2 OrganCMNIST, coronal abdominal CT patches from LiTS",CC BY 4.0,fit,
data/out_of_scope/cat2_nonbrain_medical/abdominal_ct_coronal/abdominal_ct_coronal_0013.png,cat2_nonbrain_medical,abdominal_ct_coronal,"MedMNIST v2 OrganCMNIST, coronal abdominal CT patches from LiTS",CC BY 4.0,eval,
data/out_of_scope/cat2_nonbrain_medical/abdominal_ct_coronal/abdominal_ct_coronal_0014.png,cat2_nonbrain_medical,abdominal_ct_coronal,"MedMNIST v2 OrganCMNIST, coronal abdominal CT patches from LiTS",CC BY 4.0,fit,
data/out_of_scope/cat2_nonbrain_medical/abdominal_ct_coronal/abdominal_ct_coronal_0015.png,cat2_nonbrain_medical,abdominal_ct_coronal,"MedMNIST v2 OrganCMNIST, coronal abdominal CT patches from LiTS",CC BY 4.0,eval,
data/out_of_scope/cat2_nonbrain_medical/abdominal_ct_coronal/abdominal_ct_coronal_0016.png,cat2_nonbrain_medical,abdominal_ct_coronal,"MedMNIST v2 OrganCMNIST, coronal abdominal CT patches from LiTS",CC BY 4.0,fit,
data/out_of_scope/cat2_nonbrain_medical/abdominal_ct_coronal/abdominal_ct_coronal_0017.png,cat2_nonbrain_medical,abdominal_ct_coronal,"MedMNIST v2 OrganCMNIST, coronal abdominal CT patches from LiTS",CC BY 4.0,eval,
data/out_of_scope/cat2_nonbrain_medical/abdominal_ct_coronal/abdominal_ct_coronal_0018.png,cat2_nonbrain_medical,abdominal_ct_coronal,"MedMNIST v2 OrganCMNIST, coronal abdominal CT patches from LiTS",CC BY 4.0,fit,
data/out_of_scope/cat2_nonbrain_medical/abdominal_ct_coronal/abdominal_ct_coronal_0019.png,cat2_nonbrain_medical,abdominal_ct_coronal,"MedMNIST v2 OrganCMNIST, coronal abdominal CT patches from LiTS",CC BY 4.0,eval,
data/out_of_scope/cat2_nonbrain_medical/abdominal_ct_coronal/abdominal_ct_coronal_0020.png,cat2_nonbrain_medical,abdominal_ct_coronal,"MedMNIST v2 OrganCMNIST, coronal abdominal CT patches from LiTS",CC BY 4.0,fit,
data/out_of_scope/cat2_nonbrain_medical/abdominal_ct_coronal/abdominal_ct_coronal_0021.png,cat2_nonbrain_medical,abdominal_ct_coronal,"MedMNIST v2 OrganCMNIST, coronal abdominal CT patches from LiTS",CC BY 4.0,eval,
data/out_of_scope/cat2_nonbrain_medical/abdominal_ct_coronal/abdominal_ct_coronal_0022.png,cat2_nonbrain_medical,abdominal_ct_coronal,"MedMNIST v2 OrganCMNIST, coronal abdominal CT patches from LiTS",CC BY 4.0,fit,
data/out_of_scope/cat2_nonbrain_medical/abdominal_ct_coronal/abdominal_ct_coronal_0023.png,cat2_nonbrain_medical,abdominal_ct_coronal,"MedMNIST v2 OrganCMNIST, coronal abdominal CT patches from LiTS",CC BY 4.0,eval,
data/out_of_scope/cat2_nonbrain_medical/abdominal_ct_coronal/abdominal_ct_coronal_0024.png,cat2_nonbrain_medical,abdominal_ct_coronal,"MedMNIST v2 OrganCMNIST, coronal abdominal CT patches from LiTS",CC BY 4.0,fit,
data/out_of_scope/cat2_nonbrain_medical/abdominal_ct_coronal/abdominal_ct_coronal_0025.png,cat2_nonbrain_medical,abdominal_ct_coronal,"MedMNIST v2 OrganCMNIST, coronal abdominal CT patches from LiTS",CC BY 4.0,eval,
data/out_of_scope/cat2_nonbrain_medical/abdominal_ct_coronal/abdominal_ct_coronal_0026.png,cat2_nonbrain_medical,abdominal_ct_coronal,"MedMNIST v2 OrganCMNIST, coronal abdominal CT patches from LiTS",CC BY 4.0,fit,
data/out_of_scope/cat2_nonbrain_medical/abdominal_ct_coronal/abdominal_ct_coronal_0027.png,cat2_nonbrain_medical,abdominal_ct_coronal,"MedMNIST v2 OrganCMNIST, coronal abdominal CT patches from LiTS",CC BY 4.0,eval,
data/out_of_scope/cat2_nonbrain_medical/abdominal_ct_coronal/abdominal_ct_coronal_0028.png,cat2_nonbrain_medical,abdominal_ct_coronal,"MedMNIST v2 OrganCMNIST, coronal abdominal CT patches from LiTS",CC BY 4.0,fit,
data/out_of_scope/cat2_nonbrain_medical/abdominal_ct_coronal/abdominal_ct_coronal_0029.png,cat2_nonbrain_medical,abdominal_ct_coronal,"MedMNIST v2 OrganCMNIST, coronal abdominal CT patches from LiTS",CC BY 4.0,eval,
data/out_of_scope/cat2_nonbrain_medical/abdominal_ct_coronal/abdominal_ct_coronal_0030.png,cat2_nonbrain_medical,abdominal_ct_coronal,"MedMNIST v2 OrganCMNIST, coronal abdominal CT patches from LiTS",CC BY 4.0,fit,
data/out_of_scope/cat2_nonbrain_medical/abdominal_ct_coronal/abdominal_ct_coronal_0031.png,cat2_nonbrain_medical,abdominal_ct_coronal,"MedMNIST v2 OrganCMNIST, coronal abdominal CT patches from LiTS",CC BY 4.0,eval,
data/out_of_scope/cat2_nonbrain_medical/abdominal_ct_coronal/abdominal_ct_coronal_0032.png,cat2_nonbrain_medical,abdominal_ct_coronal,"MedMNIST v2 OrganCMNIST, coronal abdominal CT patches from LiTS",CC BY 4.0,fit,
data/out_of_scope/cat2_nonbrain_medical/abdominal_ct_coronal/abdominal_ct_coronal_0033.png,cat2_nonbrain_medical,abdominal_ct_coronal,"MedMNIST v2 OrganCMNIST, coronal abdominal CT patches from LiTS",CC BY 4.0,eval,
data/out_of_scope/cat2_nonbrain_medical/abdominal_ct_coronal/abdominal_ct_coronal_0034.png,cat2_nonbrain_medical,abdominal_ct_coronal,"MedMNIST v2 OrganCMNIST, coronal abdominal CT patches from LiTS",CC BY 4.0,fit,
data/out_of_scope/cat2_nonbrain_medical/abdominal_ct_coronal/abdominal_ct_coronal_0035.png,cat2_nonbrain_medical,abdominal_ct_coronal,"MedMNIST v2 OrganCMNIST, coronal abdominal CT patches from LiTS",CC BY 4.0,eval,
data/out_of_scope/cat2_nonbrain_medical/abdominal_ct_coronal/abdominal_ct_coronal_0036.png,cat2_nonbrain_medical,abdominal_ct_coronal,"MedMNIST v2 OrganCMNIST, coronal abdominal CT patches from LiTS",CC BY 4.0,fit,
data/out_of_scope/cat2_nonbrain_medical/abdominal_ct_coronal/abdominal_ct_coronal_0037.png,cat2_nonbrain_medical,abdominal_ct_coronal,"MedMNIST v2 OrganCMNIST, coronal abdominal CT patches from LiTS",CC BY 4.0,eval,
data/out_of_scope/cat2_nonbrain_medical/abdominal_ct_coronal/abdominal_ct_coronal_0038.png,cat2_nonbrain_medical,abdominal_ct_coronal,"MedMNIST v2 OrganCMNIST, coronal abdominal CT patches from LiTS",CC BY 4.0,fit,
data/out_of_scope/cat2_nonbrain_medical/abdominal_ct_coronal/abdominal_ct_coronal_0039.png,cat2_nonbrain_medical,abdominal_ct_coronal,"MedMNIST v2 OrganCMNIST, coronal abdominal CT patches from LiTS",CC BY 4.0,eval,
data/out_of_scope/cat2_nonbrain_medical/abdominal_ct_coronal/abdominal_ct_coronal_0040.png,cat2_nonbrain_medical,abdominal_ct_coronal,"MedMNIST v2 OrganCMNIST, coronal abdominal CT patches from LiTS",CC BY 4.0,fit,
data/out_of_scope/cat2_nonbrain_medical/abdominal_ct_coronal/abdominal_ct_coronal_0041.png,cat2_nonbrain_medical,abdominal_ct_coronal,"MedMNIST v2 OrganCMNIST, coronal abdominal CT patches from LiTS",CC BY 4.0,eval,
data/out_of_scope/cat2_nonbrain_medical/abdominal_ct_coronal/abdominal_ct_coronal_0042.png,cat2_nonbrain_medical,abdominal_ct_coronal,"MedMNIST v2 OrganCMNIST, coronal abdominal CT patches from LiTS",CC BY 4.0,fit,
data/out_of_scope/cat2_nonbrain_medical/abdominal_ct_coronal/abdominal_ct_coronal_0043.png,cat2_nonbrain_medical,abdominal_ct_coronal,"MedMNIST v2 OrganCMNIST, coronal abdominal CT patches from LiTS",CC BY 4.0,eval,
data/out_of_scope/cat2_nonbrain_medical/abdominal_ct_coronal/abdominal_ct_coronal_0044.png,cat2_nonbrain_medical,abdominal_ct_coronal,"MedMNIST v2 OrganCMNIST, coronal abdominal CT patches from LiTS",CC BY 4.0,fit,
data/out_of_scope/cat2_nonbrain_medical/abdominal_ct_coronal/abdominal_ct_coronal_0045.png,cat2_nonbrain_medical,abdominal_ct_coronal,"MedMNIST v2 OrganCMNIST, coronal abdominal CT patches from LiTS",CC BY 4.0,eval,
data/out_of_scope/cat2_nonbrain_medical/abdominal_ct_coronal/abdominal_ct_coronal_0046.png,cat2_nonbrain_medical,abdominal_ct_coronal,"MedMNIST v2 OrganCMNIST, coronal abdominal CT patches from LiTS",CC BY 4.0,fit,
data/out_of_scope/cat2_nonbrain_medical/abdominal_ct_coronal/abdominal_ct_coronal_0047.png,cat2_nonbrain_medical,abdominal_ct_coronal,"MedMNIST v2 OrganCMNIST, coronal abdominal CT patches from LiTS",CC BY 4.0,eval,
data/out_of_scope/cat2_nonbrain_medical/abdominal_ct_coronal/abdominal_ct_coronal_0048.png,cat2_nonbrain_medical,abdominal_ct_coronal,"MedMNIST v2 OrganCMNIST, coronal abdominal CT patches from LiTS",CC BY 4.0,fit,
data/out_of_scope/cat2_nonbrain_medical/abdominal_ct_coronal/abdominal_ct_coronal_0049.png,cat2_nonbrain_medical,abdominal_ct_coronal,"MedMNIST v2 OrganCMNIST, coronal abdominal CT patches from LiTS",CC BY 4.0,eval,
data/out_of_scope/cat2_nonbrain_medical/abdominal_ct_coronal/abdominal_ct_coronal_0050.png,cat2_nonbrain_medical,abdominal_ct_coronal,"MedMNIST v2 OrganCMNIST, coronal abdominal CT patches from LiTS",CC BY 4.0,fit,
data/out_of_scope/cat2_nonbrain_medical/abdominal_ct_coronal/abdominal_ct_coronal_0051.png,cat2_nonbrain_medical,abdominal_ct_coronal,"MedMNIST v2 OrganCMNIST, coronal abdominal CT patches from LiTS",CC BY 4.0,eval,
data/out_of_scope/cat2_nonbrain_medical/abdominal_ct_coronal/abdominal_ct_coronal_0052.png,cat2_nonbrain_medical,abdominal_ct_coronal,"MedMNIST v2 OrganCMNIST, coronal abdominal CT patches from LiTS",CC BY 4.0,fit,
data/out_of_scope/cat2_nonbrain_medical/abdominal_ct_coronal/abdominal_ct_coronal_0053.png,cat2_nonbrain_medical,abdominal_ct_coronal,"MedMNIST v2 OrganCMNIST, coronal abdominal CT patches from LiTS",CC BY 4.0,eval,
data/out_of_scope/cat2_nonbrain_medical/abdominal_ct_coronal/abdominal_ct_coronal_0054.png,cat2_nonbrain_medical,abdominal_ct_coronal,"MedMNIST v2 OrganCMNIST, coronal abdominal CT patches from LiTS",CC BY 4.0,fit,
data/out_of_scope/cat2_nonbrain_medical/abdominal_ct_coronal/abdominal_ct_coronal_0055.png,cat2_nonbrain_medical,abdominal_ct_coronal,"MedMNIST v2 OrganCMNIST, coronal abdominal CT patches from LiTS",CC BY 4.0,eval,
data/out_of_scope/cat2_nonbrain_medical/abdominal_ct_coronal/abdominal_ct_coronal_0056.png,cat2_nonbrain_medical,abdominal_ct_coronal,"MedMNIST v2 OrganCMNIST, coronal abdominal CT patches from LiTS",CC BY 4.0,fit,
data/out_of_scope/cat2_nonbrain_medical/abdominal_ct_coronal/abdominal_ct_coronal_0057.png,cat2_nonbrain_medical,abdominal_ct_coronal,"MedMNIST v2 OrganCMNIST, coronal abdominal CT patches from LiTS",CC BY 4.0,eval,
data/out_of_scope/cat2_nonbrain_medical/abdominal_ct_coronal/abdominal_ct_coronal_0058.png,cat2_nonbrain_medical,abdominal_ct_coronal,"MedMNIST v2 OrganCMNIST, coronal abdominal CT patches from LiTS",CC BY 4.0,fit,
data/out_of_scope/cat2_nonbrain_medical/abdominal_ct_coronal/abdominal_ct_coronal_0059.png,cat2_nonbrain_medical,abdominal_ct_coronal,"MedMNIST v2 OrganCMNIST, coronal abdominal CT patches from LiTS",CC BY 4.0,eval,
data/out_of_scope/cat2_nonbrain_medical/abdominal_ct_coronal/abdominal_ct_coronal_0060.png,cat2_nonbrain_medical,abdominal_ct_coronal,"MedMNIST v2 OrganCMNIST, coronal abdominal CT patches from LiTS",CC BY 4.0,fit,
data/out_of_scope/cat2_nonbrain_medical/abdominal_ct_coronal/abdominal_ct_coronal_0061.png,cat2_nonbrain_medical,abdominal_ct_coronal,"MedMNIST v2 OrganCMNIST, coronal abdominal CT patches from LiTS",CC BY 4.0,eval,
data/out_of_scope/cat2_nonbrain_medical/abdominal_ct_coronal/abdominal_ct_coronal_0062.png,cat2_nonbrain_medical,abdominal_ct_coronal,"MedMNIST v2 OrganCMNIST, coronal abdominal CT patches from LiTS",CC BY 4.0,fit,
data/out_of_scope/cat2_nonbrain_medical/abdominal_ct_coronal/abdominal_ct_coronal_0063.png,cat2_nonbrain_medical,abdominal_ct_coronal,"MedMNIST v2 OrganCMNIST, coronal abdominal CT patches from LiTS",CC BY 4.0,eval,
data/out_of_scope/cat2_nonbrain_medical/abdominal_ct_coronal/abdominal_ct_coronal_0064.png,cat2_nonbrain_medical,abdominal_ct_coronal,"MedMNIST v2 OrganCMNIST, coronal abdominal CT patches from LiTS",CC BY 4.0,fit,
data/out_of_scope/cat2_nonbrain_medical/abdominal_ct_coronal/abdominal_ct_coronal_0065.png,cat2_nonbrain_medical,abdominal_ct_coronal,"MedMNIST v2 OrganCMNIST, coronal abdominal CT patches from LiTS",CC BY 4.0,eval,
data/out_of_scope/cat2_nonbrain_medical/abdominal_ct_coronal/abdominal_ct_coronal_0066.png,cat2_nonbrain_medical,abdominal_ct_coronal,"MedMNIST v2 OrganCMNIST, coronal abdominal CT patches from LiTS",CC BY 4.0,fit,
data/out_of_scope/cat2_nonbrain_medical/abdominal_ct_coronal/abdominal_ct_coronal_0067.png,cat2_nonbrain_medical,abdominal_ct_coronal,"MedMNIST v2 OrganCMNIST, coronal abdominal CT patches from LiTS",CC BY 4.0,eval,
data/out_of_scope/cat2_nonbrain_medical/abdominal_ct_coronal/abdominal_ct_coronal_0068.png,cat2_nonbrain_medical,abdominal_ct_coronal,"MedMNIST v2 OrganCMNIST, coronal abdominal CT patches from LiTS",CC BY 4.0,fit,
data/out_of_scope/cat2_nonbrain_medical/abdominal_ct_coronal/abdominal_ct_coronal_0069.png,cat2_nonbrain_medical,abdominal_ct_coronal,"MedMNIST v2 OrganCMNIST, coronal abdominal CT patches from LiTS",CC BY 4.0,eval,
data/out_of_scope/cat2_nonbrain_medical/abdominal_ct_coronal/abdominal_ct_coronal_0070.png,cat2_nonbrain_medical,abdominal_ct_coronal,"MedMNIST v2 OrganCMNIST, coronal abdominal CT patches from LiTS",CC BY 4.0,fit,
data/out_of_scope/cat2_nonbrain_medical/abdominal_ct_coronal/abdominal_ct_coronal_0071.png,cat2_nonbrain_medical,abdominal_ct_coronal,"MedMNIST v2 OrganCMNIST, coronal abdominal CT patches from LiTS",CC BY 4.0,eval,
data/out_of_scope/cat2_nonbrain_medical/abdominal_ct_coronal/abdominal_ct_coronal_0072.png,cat2_nonbrain_medical,abdominal_ct_coronal,"MedMNIST v2 OrganCMNIST, coronal abdominal CT patches from LiTS",CC BY 4.0,fit,
data/out_of_scope/cat2_nonbrain_medical/abdominal_ct_coronal/abdominal_ct_coronal_0073.png,cat2_nonbrain_medical,abdominal_ct_coronal,"MedMNIST v2 OrganCMNIST, coronal abdominal CT patches from LiTS",CC BY 4.0,eval,
data/out_of_scope/cat2_nonbrain_medical/abdominal_ct_coronal/abdominal_ct_coronal_0074.png,cat2_nonbrain_medical,abdominal_ct_coronal,"MedMNIST v2 OrganCMNIST, coronal abdominal CT patches from LiTS",CC BY 4.0,fit,
data/out_of_scope/cat2_nonbrain_medical/abdominal_ct_coronal/abdominal_ct_coronal_0075.png,cat2_nonbrain_medical,abdominal_ct_coronal,"MedMNIST v2 OrganCMNIST, coronal abdominal CT patches from LiTS",CC BY 4.0,eval,
data/out_of_scope/cat2_nonbrain_medical/abdominal_ct_coronal/abdominal_ct_coronal_0076.png,cat2_nonbrain_medical,abdominal_ct_coronal,"MedMNIST v2 OrganCMNIST, coronal abdominal CT patches from LiTS",CC BY 4.0,fit,
data/out_of_scope/cat2_nonbrain_medical/abdominal_ct_coronal/abdominal_ct_coronal_0077.png,cat2_nonbrain_medical,abdominal_ct_coronal,"MedMNIST v2 OrganCMNIST, coronal abdominal CT patches from LiTS",CC BY 4.0,eval,
data/out_of_scope/cat2_nonbrain_medical/abdominal_ct_coronal/abdominal_ct_coronal_0078.png,cat2_nonbrain_medical,abdominal_ct_coronal,"MedMNIST v2 OrganCMNIST, coronal abdominal CT patches from LiTS",CC BY 4.0,fit,
data/out_of_scope/cat2_nonbrain_medical/abdominal_ct_coronal/abdominal_ct_coronal_0079.png,cat2_nonbrain_medical,abdominal_ct_coronal,"MedMNIST v2 OrganCMNIST, coronal abdominal CT patches from LiTS",CC BY 4.0,eval,
data/out_of_scope/cat2_nonbrain_medical/abdominal_ct_coronal/abdominal_ct_coronal_0080.png,cat2_nonbrain_medical,abdominal_ct_coronal,"MedMNIST v2 OrganCMNIST, coronal abdominal CT patches from LiTS",CC BY 4.0,fit,
data/out_of_scope/cat2_nonbrain_medical/abdominal_ct_coronal/abdominal_ct_coronal_0081.png,cat2_nonbrain_medical,abdominal_ct_coronal,"MedMNIST v2 OrganCMNIST, coronal abdominal CT patches from LiTS",CC BY 4.0,eval,
data/out_of_scope/cat2_nonbrain_medical/abdominal_ct_coronal/abdominal_ct_coronal_0082.png,cat2_nonbrain_medical,abdominal_ct_coronal,"MedMNIST v2 OrganCMNIST, coronal abdominal CT patches from LiTS",CC BY 4.0,fit,
data/out_of_scope/cat2_nonbrain_medical/abdominal_ct_coronal/abdominal_ct_coronal_0083.png,cat2_nonbrain_medical,abdominal_ct_coronal,"MedMNIST v2 OrganCMNIST, coronal abdominal CT patches from LiTS",CC BY 4.0,eval,
data/out_of_scope/cat2_nonbrain_medical/abdominal_ct_coronal/abdominal_ct_coronal_0084.png,cat2_nonbrain_medical,abdominal_ct_coronal,"MedMNIST v2 OrganCMNIST, coronal abdominal CT patches from LiTS",CC BY 4.0,fit,
data/out_of_scope/cat2_nonbrain_medical/abdominal_ct_coronal/abdominal_ct_coronal_0085.png,cat2_nonbrain_medical,abdominal_ct_coronal,"MedMNIST v2 OrganCMNIST, coronal abdominal CT patches from LiTS",CC BY 4.0,eval,
data/out_of_scope/cat2_nonbrain_medical/abdominal_ct_coronal/abdominal_ct_coronal_0086.png,cat2_nonbrain_medical,abdominal_ct_coronal,"MedMNIST v2 OrganCMNIST, coronal abdominal CT patches from LiTS",CC BY 4.0,fit,
data/out_of_scope/cat2_nonbrain_medical/abdominal_ct_coronal/abdominal_ct_coronal_0087.png,cat2_nonbrain_medical,abdominal_ct_coronal,"MedMNIST v2 OrganCMNIST, coronal abdominal CT patches from LiTS",CC BY 4.0,eval,
data/out_of_scope/cat2_nonbrain_medical/abdominal_ct_coronal/abdominal_ct_coronal_0088.png,cat2_nonbrain_medical,abdominal_ct_coronal,"MedMNIST v2 OrganCMNIST, coronal abdominal CT patches from LiTS",CC BY 4.0,fit,
data/out_of_scope/cat2_nonbrain_medical/abdominal_ct_coronal/abdominal_ct_coronal_0089.png,cat2_nonbrain_medical,abdominal_ct_coronal,"MedMNIST v2 OrganCMNIST, coronal abdominal CT patches from LiTS",CC BY 4.0,eval,
data/out_of_scope/cat2_nonbrain_medical/abdominal_ct_coronal/abdominal_ct_coronal_0090.png,cat2_nonbrain_medical,abdominal_ct_coronal,"MedMNIST v2 OrganCMNIST, coronal abdominal CT patches from LiTS",CC BY 4.0,fit,
data/out_of_scope/cat2_nonbrain_medical/abdominal_ct_coronal/abdominal_ct_coronal_0091.png,cat2_nonbrain_medical,abdominal_ct_coronal,"MedMNIST v2 OrganCMNIST, coronal abdominal CT patches from LiTS",CC BY 4.0,eval,
data/out_of_scope/cat2_nonbrain_medical/abdominal_ct_coronal/abdominal_ct_coronal_0092.png,cat2_nonbrain_medical,abdominal_ct_coronal,"MedMNIST v2 OrganCMNIST, coronal abdominal CT patches from LiTS",CC BY 4.0,fit,
data/out_of_scope/cat2_nonbrain_medical/abdominal_ct_coronal/abdominal_ct_coronal_0093.png,cat2_nonbrain_medical,abdominal_ct_coronal,"MedMNIST v2 OrganCMNIST, coronal abdominal CT patches from LiTS",CC BY 4.0,eval,
data/out_of_scope/cat2_nonbrain_medical/abdominal_ct_coronal/abdominal_ct_coronal_0094.png,cat2_nonbrain_medical,abdominal_ct_coronal,"MedMNIST v2 OrganCMNIST, coronal abdominal CT patches from LiTS",CC BY 4.0,fit,
data/out_of_scope/cat2_nonbrain_medical/abdominal_ct_coronal/abdominal_ct_coronal_0095.png,cat2_nonbrain_medical,abdominal_ct_coronal,"MedMNIST v2 OrganCMNIST, coronal abdominal CT patches from LiTS",CC BY 4.0,eval,
data/out_of_scope/cat2_nonbrain_medical/abdominal_ct_coronal/abdominal_ct_coronal_0096.png,cat2_nonbrain_medical,abdominal_ct_coronal,"MedMNIST v2 OrganCMNIST, coronal abdominal CT patches from LiTS",CC BY 4.0,fit,
data/out_of_scope/cat2_nonbrain_medical/abdominal_ct_coronal/abdominal_ct_coronal_0097.png,cat2_nonbrain_medical,abdominal_ct_coronal,"MedMNIST v2 OrganCMNIST, coronal abdominal CT patches from LiTS",CC BY 4.0,eval,
data/out_of_scope/cat2_nonbrain_medical/abdominal_ct_coronal/abdominal_ct_coronal_0098.png,cat2_nonbrain_medical,abdominal_ct_coronal,"MedMNIST v2 OrganCMNIST, coronal abdominal CT patches from LiTS",CC BY 4.0,fit,
data/out_of_scope/cat2_nonbrain_medical/abdominal_ct_coronal/abdominal_ct_coronal_0099.png,cat2_nonbrain_medical,abdominal_ct_coronal,"MedMNIST v2 OrganCMNIST, coronal abdominal CT patches from LiTS",CC BY 4.0,eval,
data/out_of_scope/cat2_nonbrain_medical/abdominal_ct_coronal/abdominal_ct_coronal_0100.png,cat2_nonbrain_medical,abdominal_ct_coronal,"MedMNIST v2 OrganCMNIST, coronal abdominal CT patches from LiTS",CC BY 4.0,fit,
data/out_of_scope/cat2_nonbrain_medical/abdominal_ct_coronal/abdominal_ct_coronal_0101.png,cat2_nonbrain_medical,abdominal_ct_coronal,"MedMNIST v2 OrganCMNIST, coronal abdominal CT patches from LiTS",CC BY 4.0,eval,
data/out_of_scope/cat2_nonbrain_medical/abdominal_ct_coronal/abdominal_ct_coronal_0102.png,cat2_nonbrain_medical,abdominal_ct_coronal,"MedMNIST v2 OrganCMNIST, coronal abdominal CT patches from LiTS",CC BY 4.0,fit,
data/out_of_scope/cat2_nonbrain_medical/abdominal_ct_coronal/abdominal_ct_coronal_0103.png,cat2_nonbrain_medical,abdominal_ct_coronal,"MedMNIST v2 OrganCMNIST, coronal abdominal CT patches from LiTS",CC BY 4.0,eval,
data/out_of_scope/cat2_nonbrain_medical/abdominal_ct_coronal/abdominal_ct_coronal_0104.png,cat2_nonbrain_medical,abdominal_ct_coronal,"MedMNIST v2 OrganCMNIST, coronal abdominal CT patches from LiTS",CC BY 4.0,fit,
data/out_of_scope/cat2_nonbrain_medical/abdominal_ct_coronal/abdominal_ct_coronal_0105.png,cat2_nonbrain_medical,abdominal_ct_coronal,"MedMNIST v2 OrganCMNIST, coronal abdominal CT patches from LiTS",CC BY 4.0,eval,
data/out_of_scope/cat2_nonbrain_medical/abdominal_ct_coronal/abdominal_ct_coronal_0106.png,cat2_nonbrain_medical,abdominal_ct_coronal,"MedMNIST v2 OrganCMNIST, coronal abdominal CT patches from LiTS",CC BY 4.0,fit,
data/out_of_scope/cat2_nonbrain_medical/abdominal_ct_coronal/abdominal_ct_coronal_0107.png,cat2_nonbrain_medical,abdominal_ct_coronal,"MedMNIST v2 OrganCMNIST, coronal abdominal CT patches from LiTS",CC BY 4.0,eval,
data/out_of_scope/cat2_nonbrain_medical/abdominal_ct_coronal/abdominal_ct_coronal_0108.png,cat2_nonbrain_medical,abdominal_ct_coronal,"MedMNIST v2 OrganCMNIST, coronal abdominal CT patches from LiTS",CC BY 4.0,fit,
data/out_of_scope/cat2_nonbrain_medical/abdominal_ct_coronal/abdominal_ct_coronal_0109.png,cat2_nonbrain_medical,abdominal_ct_coronal,"MedMNIST v2 OrganCMNIST, coronal abdominal CT patches from LiTS",CC BY 4.0,eval,
data/out_of_scope/cat2_nonbrain_medical/abdominal_ct_coronal/abdominal_ct_coronal_0110.png,cat2_nonbrain_medical,abdominal_ct_coronal,"MedMNIST v2 OrganCMNIST, coronal abdominal CT patches from LiTS",CC BY 4.0,fit,
data/out_of_scope/cat2_nonbrain_medical/abdominal_ct_coronal/abdominal_ct_coronal_0111.png,cat2_nonbrain_medical,abdominal_ct_coronal,"MedMNIST v2 OrganCMNIST, coronal abdominal CT patches from LiTS",CC BY 4.0,eval,
data/out_of_scope/cat2_nonbrain_medical/abdominal_ct_coronal/abdominal_ct_coronal_0112.png,cat2_nonbrain_medical,abdominal_ct_coronal,"MedMNIST v2 OrganCMNIST, coronal abdominal CT patches from LiTS",CC BY 4.0,fit,
data/out_of_scope/cat2_nonbrain_medical/abdominal_ct_coronal/abdominal_ct_coronal_0113.png,cat2_nonbrain_medical,abdominal_ct_coronal,"MedMNIST v2 OrganCMNIST, coronal abdominal CT patches from LiTS",CC BY 4.0,eval,
data/out_of_scope/cat2_nonbrain_medical/abdominal_ct_coronal/abdominal_ct_coronal_0114.png,cat2_nonbrain_medical,abdominal_ct_coronal,"MedMNIST v2 OrganCMNIST, coronal abdominal CT patches from LiTS",CC BY 4.0,fit,
data/out_of_scope/cat2_nonbrain_medical/abdominal_ct_coronal/abdominal_ct_coronal_0115.png,cat2_nonbrain_medical,abdominal_ct_coronal,"MedMNIST v2 OrganCMNIST, coronal abdominal CT patches from LiTS",CC BY 4.0,eval,
data/out_of_scope/cat2_nonbrain_medical/abdominal_ct_coronal/abdominal_ct_coronal_0116.png,cat2_nonbrain_medical,abdominal_ct_coronal,"MedMNIST v2 OrganCMNIST, coronal abdominal CT patches from LiTS",CC BY 4.0,fit,
data/out_of_scope/cat2_nonbrain_medical/abdominal_ct_coronal/abdominal_ct_coronal_0117.png,cat2_nonbrain_medical,abdominal_ct_coronal,"MedMNIST v2 OrganCMNIST, coronal abdominal CT patches from LiTS",CC BY 4.0,eval,
data/out_of_scope/cat2_nonbrain_medical/abdominal_ct_coronal/abdominal_ct_coronal_0118.png,cat2_nonbrain_medical,abdominal_ct_coronal,"MedMNIST v2 OrganCMNIST, coronal abdominal CT patches from LiTS",CC BY 4.0,fit,
data/out_of_scope/cat2_nonbrain_medical/abdominal_ct_coronal/abdominal_ct_coronal_0119.png,cat2_nonbrain_medical,abdominal_ct_coronal,"MedMNIST v2 OrganCMNIST, coronal abdominal CT patches from LiTS",CC BY 4.0,eval,
data/out_of_scope/cat2_nonbrain_medical/abdominal_ct_coronal/abdominal_ct_coronal_0120.png,cat2_nonbrain_medical,abdominal_ct_coronal,"MedMNIST v2 OrganCMNIST, coronal abdominal CT patches from LiTS",CC BY 4.0,fit,
data/out_of_scope/cat2_nonbrain_medical/abdominal_ct_coronal/abdominal_ct_coronal_0121.png,cat2_nonbrain_medical,abdominal_ct_coronal,"MedMNIST v2 OrganCMNIST, coronal abdominal CT patches from LiTS",CC BY 4.0,eval,
data/out_of_scope/cat2_nonbrain_medical/abdominal_ct_coronal/abdominal_ct_coronal_0122.png,cat2_nonbrain_medical,abdominal_ct_coronal,"MedMNIST v2 OrganCMNIST, coronal abdominal CT patches from LiTS",CC BY 4.0,fit,
data/out_of_scope/cat2_nonbrain_medical/abdominal_ct_coronal/abdominal_ct_coronal_0123.png,cat2_nonbrain_medical,abdominal_ct_coronal,"MedMNIST v2 OrganCMNIST, coronal abdominal CT patches from LiTS",CC BY 4.0,eval,
data/out_of_scope/cat2_nonbrain_medical/abdominal_ct_coronal/abdominal_ct_coronal_0124.png,cat2_nonbrain_medical,abdominal_ct_coronal,"MedMNIST v2 OrganCMNIST, coronal abdominal CT patches from LiTS",CC BY 4.0,fit,
data/out_of_scope/cat2_nonbrain_medical/abdominal_ct_coronal/abdominal_ct_coronal_0125.png,cat2_nonbrain_medical,abdominal_ct_coronal,"MedMNIST v2 OrganCMNIST, coronal abdominal CT patches from LiTS",CC BY 4.0,eval,
data/out_of_scope/cat2_nonbrain_medical/abdominal_ct_coronal/abdominal_ct_coronal_0126.png,cat2_nonbrain_medical,abdominal_ct_coronal,"MedMNIST v2 OrganCMNIST, coronal abdominal CT patches from LiTS",CC BY 4.0,fit,
data/out_of_scope/cat2_nonbrain_medical/abdominal_ct_coronal/abdominal_ct_coronal_0127.png,cat2_nonbrain_medical,abdominal_ct_coronal,"MedMNIST v2 OrganCMNIST, coronal abdominal CT patches from LiTS",CC BY 4.0,eval,
data/out_of_scope/cat2_nonbrain_medical/abdominal_ct_coronal/abdominal_ct_coronal_0128.png,cat2_nonbrain_medical,abdominal_ct_coronal,"MedMNIST v2 OrganCMNIST, coronal abdominal CT patches from LiTS",CC BY 4.0,fit,
data/out_of_scope/cat2_nonbrain_medical/abdominal_ct_coronal/abdominal_ct_coronal_0129.png,cat2_nonbrain_medical,abdominal_ct_coronal,"MedMNIST v2 OrganCMNIST, coronal abdominal CT patches from LiTS",CC BY 4.0,eval,
data/out_of_scope/cat2_nonbrain_medical/abdominal_ct_coronal/abdominal_ct_coronal_0130.png,cat2_nonbrain_medical,abdominal_ct_coronal,"MedMNIST v2 OrganCMNIST, coronal abdominal CT patches from LiTS",CC BY 4.0,fit,
data/out_of_scope/cat2_nonbrain_medical/abdominal_ct_coronal/abdominal_ct_coronal_0131.png,cat2_nonbrain_medical,abdominal_ct_coronal,"MedMNIST v2 OrganCMNIST, coronal abdominal CT patches from LiTS",CC BY 4.0,eval,
data/out_of_scope/cat2_nonbrain_medical/abdominal_ct_coronal/abdominal_ct_coronal_0132.png,cat2_nonbrain_medical,abdominal_ct_coronal,"MedMNIST v2 OrganCMNIST, coronal abdominal CT patches from LiTS",CC BY 4.0,fit,
data/out_of_scope/cat2_nonbrain_medical/abdominal_ct_coronal/abdominal_ct_coronal_0133.png,cat2_nonbrain_medical,abdominal_ct_coronal,"MedMNIST v2 OrganCMNIST, coronal abdominal CT patches from LiTS",CC BY 4.0,eval,
data/out_of_scope/cat2_nonbrain_medical/abdominal_ct_coronal/abdominal_ct_coronal_0134.png,cat2_nonbrain_medical,abdominal_ct_coronal,"MedMNIST v2 OrganCMNIST, coronal abdominal CT patches from LiTS",CC BY 4.0,fit,
data/out_of_scope/cat2_nonbrain_medical/abdominal_ct_coronal/abdominal_ct_coronal_0135.png,cat2_nonbrain_medical,abdominal_ct_coronal,"MedMNIST v2 OrganCMNIST, coronal abdominal CT patches from LiTS",CC BY 4.0,eval,
data/out_of_scope/cat2_nonbrain_medical/abdominal_ct_coronal/abdominal_ct_coronal_0136.png,cat2_nonbrain_medical,abdominal_ct_coronal,"MedMNIST v2 OrganCMNIST, coronal abdominal CT patches from LiTS",CC BY 4.0,fit,
data/out_of_scope/cat2_nonbrain_medical/abdominal_ct_coronal/abdominal_ct_coronal_0137.png,cat2_nonbrain_medical,abdominal_ct_coronal,"MedMNIST v2 OrganCMNIST, coronal abdominal CT patches from LiTS",CC BY 4.0,eval,
data/out_of_scope/cat2_nonbrain_medical/abdominal_ct_coronal/abdominal_ct_coronal_0138.png,cat2_nonbrain_medical,abdominal_ct_coronal,"MedMNIST v2 OrganCMNIST, coronal abdominal CT patches from LiTS",CC BY 4.0,fit,
data/out_of_scope/cat2_nonbrain_medical/abdominal_ct_coronal/abdominal_ct_coronal_0139.png,cat2_nonbrain_medical,abdominal_ct_coronal,"MedMNIST v2 OrganCMNIST, coronal abdominal CT patches from LiTS",CC BY 4.0,eval,
data/out_of_scope/cat2_nonbrain_medical/abdominal_ct_coronal/abdominal_ct_coronal_0140.png,cat2_nonbrain_medical,abdominal_ct_coronal,"MedMNIST v2 OrganCMNIST, coronal abdominal CT patches from LiTS",CC BY 4.0,fit,
data/out_of_scope/cat2_nonbrain_medical/abdominal_ct_coronal/abdominal_ct_coronal_0141.png,cat2_nonbrain_medical,abdominal_ct_coronal,"MedMNIST v2 OrganCMNIST, coronal abdominal CT patches from LiTS",CC BY 4.0,eval,
data/out_of_scope/cat2_nonbrain_medical/abdominal_ct_coronal/abdominal_ct_coronal_0142.png,cat2_nonbrain_medical,abdominal_ct_coronal,"MedMNIST v2 OrganCMNIST, coronal abdominal CT patches from LiTS",CC BY 4.0,fit,
data/out_of_scope/cat2_nonbrain_medical/abdominal_ct_coronal/abdominal_ct_coronal_0143.png,cat2_nonbrain_medical,abdominal_ct_coronal,"MedMNIST v2 OrganCMNIST, coronal abdominal CT patches from LiTS",CC BY 4.0,eval,
data/out_of_scope/cat2_nonbrain_medical/abdominal_ct_coronal/abdominal_ct_coronal_0144.png,cat2_nonbrain_medical,abdominal_ct_coronal,"MedMNIST v2 OrganCMNIST, coronal abdominal CT patches from LiTS",CC BY 4.0,fit,
data/out_of_scope/cat2_nonbrain_medical/abdominal_ct_coronal/abdominal_ct_coronal_0145.png,cat2_nonbrain_medical,abdominal_ct_coronal,"MedMNIST v2 OrganCMNIST, coronal abdominal CT patches from LiTS",CC BY 4.0,eval,
data/out_of_scope/cat2_nonbrain_medical/abdominal_ct_coronal/abdominal_ct_coronal_0146.png,cat2_nonbrain_medical,abdominal_ct_coronal,"MedMNIST v2 OrganCMNIST, coronal abdominal CT patches from LiTS",CC BY 4.0,fit,
data/out_of_scope/cat2_nonbrain_medical/abdominal_ct_coronal/abdominal_ct_coronal_0147.png,cat2_nonbrain_medical,abdominal_ct_coronal,"MedMNIST v2 OrganCMNIST, coronal abdominal CT patches from LiTS",CC BY 4.0,eval,
data/out_of_scope/cat2_nonbrain_medical/abdominal_ct_coronal/abdominal_ct_coronal_0148.png,cat2_nonbrain_medical,abdominal_ct_coronal,"MedMNIST v2 OrganCMNIST, coronal abdominal CT patches from LiTS",CC BY 4.0,fit,
data/out_of_scope/cat2_nonbrain_medical/abdominal_ct_coronal/abdominal_ct_coronal_0149.png,cat2_nonbrain_medical,abdominal_ct_coronal,"MedMNIST v2 OrganCMNIST, coronal abdominal CT patches from LiTS",CC BY 4.0,eval,
data/out_of_scope/cat2_nonbrain_medical/abdominal_ct_coronal/abdominal_ct_coronal_0150.png,cat2_nonbrain_medical,abdominal_ct_coronal,"MedMNIST v2 OrganCMNIST, coronal abdominal CT patches from LiTS",CC BY 4.0,fit,
data/out_of_scope/cat2_nonbrain_medical/abdominal_ct_coronal/abdominal_ct_coronal_0151.png,cat2_nonbrain_medical,abdominal_ct_coronal,"MedMNIST v2 OrganCMNIST, coronal abdominal CT patches from LiTS",CC BY 4.0,eval,
data/out_of_scope/cat2_nonbrain_medical/abdominal_ct_coronal/abdominal_ct_coronal_0152.png,cat2_nonbrain_medical,abdominal_ct_coronal,"MedMNIST v2 OrganCMNIST, coronal abdominal CT patches from LiTS",CC BY 4.0,fit,
data/out_of_scope/cat2_nonbrain_medical/abdominal_ct_coronal/abdominal_ct_coronal_0153.png,cat2_nonbrain_medical,abdominal_ct_coronal,"MedMNIST v2 OrganCMNIST, coronal abdominal CT patches from LiTS",CC BY 4.0,eval,
data/out_of_scope/cat2_nonbrain_medical/abdominal_ct_coronal/abdominal_ct_coronal_0154.png,cat2_nonbrain_medical,abdominal_ct_coronal,"MedMNIST v2 OrganCMNIST, coronal abdominal CT patches from LiTS",CC BY 4.0,fit,
data/out_of_scope/cat2_nonbrain_medical/abdominal_ct_coronal/abdominal_ct_coronal_0155.png,cat2_nonbrain_medical,abdominal_ct_coronal,"MedMNIST v2 OrganCMNIST, coronal abdominal CT patches from LiTS",CC BY 4.0,eval,
data/out_of_scope/cat2_nonbrain_medical/abdominal_ct_coronal/abdominal_ct_coronal_0156.png,cat2_nonbrain_medical,abdominal_ct_coronal,"MedMNIST v2 OrganCMNIST, coronal abdominal CT patches from LiTS",CC BY 4.0,fit,
data/out_of_scope/cat2_nonbrain_medical/abdominal_ct_coronal/abdominal_ct_coronal_0157.png,cat2_nonbrain_medical,abdominal_ct_coronal,"MedMNIST v2 OrganCMNIST, coronal abdominal CT patches from LiTS",CC BY 4.0,eval,
data/out_of_scope/cat2_nonbrain_medical/abdominal_ct_coronal/abdominal_ct_coronal_0158.png,cat2_nonbrain_medical,abdominal_ct_coronal,"MedMNIST v2 OrganCMNIST, coronal abdominal CT patches from LiTS",CC BY 4.0,fit,
data/out_of_scope/cat2_nonbrain_medical/abdominal_ct_coronal/abdominal_ct_coronal_0159.png,cat2_nonbrain_medical,abdominal_ct_coronal,"MedMNIST v2 OrganCMNIST, coronal abdominal CT patches from LiTS",CC BY 4.0,eval,
data/out_of_scope/cat2_nonbrain_medical/abdominal_ct_coronal/abdominal_ct_coronal_0160.png,cat2_nonbrain_medical,abdominal_ct_coronal,"MedMNIST v2 OrganCMNIST, coronal abdominal CT patches from LiTS",CC BY 4.0,fit,
data/out_of_scope/cat2_nonbrain_medical/abdominal_ct_coronal/abdominal_ct_coronal_0161.png,cat2_nonbrain_medical,abdominal_ct_coronal,"MedMNIST v2 OrganCMNIST, coronal abdominal CT patches from LiTS",CC BY 4.0,eval,
data/out_of_scope/cat2_nonbrain_medical/abdominal_ct_coronal/abdominal_ct_coronal_0162.png,cat2_nonbrain_medical,abdominal_ct_coronal,"MedMNIST v2 OrganCMNIST, coronal abdominal CT patches from LiTS",CC BY 4.0,fit,
data/out_of_scope/cat2_nonbrain_medical/abdominal_ct_coronal/abdominal_ct_coronal_0163.png,cat2_nonbrain_medical,abdominal_ct_coronal,"MedMNIST v2 OrganCMNIST, coronal abdominal CT patches from LiTS",CC BY 4.0,eval,
data/out_of_scope/cat2_nonbrain_medical/abdominal_ct_coronal/abdominal_ct_coronal_0164.png,cat2_nonbrain_medical,abdominal_ct_coronal,"MedMNIST v2 OrganCMNIST, coronal abdominal CT patches from LiTS",CC BY 4.0,fit,
data/out_of_scope/cat2_nonbrain_medical/abdominal_ct_coronal/abdominal_ct_coronal_0165.png,cat2_nonbrain_medical,abdominal_ct_coronal,"MedMNIST v2 OrganCMNIST, coronal abdominal CT patches from LiTS",CC BY 4.0,eval,
data/out_of_scope/cat2_nonbrain_medical/abdominal_ct_coronal/abdominal_ct_coronal_0166.png,cat2_nonbrain_medical,abdominal_ct_coronal,"MedMNIST v2 OrganCMNIST, coronal abdominal CT patches from LiTS",CC BY 4.0,fit,
data/out_of_scope/cat2_nonbrain_medical/abdominal_ct_coronal/abdominal_ct_coronal_0167.png,cat2_nonbrain_medical,abdominal_ct_coronal,"MedMNIST v2 OrganCMNIST, coronal abdominal CT patches from LiTS",CC BY 4.0,eval,
data/out_of_scope/cat2_nonbrain_medical/abdominal_ct_coronal/abdominal_ct_coronal_0168.png,cat2_nonbrain_medical,abdominal_ct_coronal,"MedMNIST v2 OrganCMNIST, coronal abdominal CT patches from LiTS",CC BY 4.0,fit,
data/out_of_scope/cat2_nonbrain_medical/abdominal_ct_coronal/abdominal_ct_coronal_0169.png,cat2_nonbrain_medical,abdominal_ct_coronal,"MedMNIST v2 OrganCMNIST, coronal abdominal CT patches from LiTS",CC BY 4.0,eval,
data/out_of_scope/cat2_nonbrain_medical/abdominal_ct_coronal/abdominal_ct_coronal_0170.png,cat2_nonbrain_medical,abdominal_ct_coronal,"MedMNIST v2 OrganCMNIST, coronal abdominal CT patches from LiTS",CC BY 4.0,fit,
data/out_of_scope/cat2_nonbrain_medical/abdominal_ct_coronal/abdominal_ct_coronal_0171.png,cat2_nonbrain_medical,abdominal_ct_coronal,"MedMNIST v2 OrganCMNIST, coronal abdominal CT patches from LiTS",CC BY 4.0,eval,
data/out_of_scope/cat2_nonbrain_medical/abdominal_ct_coronal/abdominal_ct_coronal_0172.png,cat2_nonbrain_medical,abdominal_ct_coronal,"MedMNIST v2 OrganCMNIST, coronal abdominal CT patches from LiTS",CC BY 4.0,fit,
data/out_of_scope/cat2_nonbrain_medical/abdominal_ct_coronal/abdominal_ct_coronal_0173.png,cat2_nonbrain_medical,abdominal_ct_coronal,"MedMNIST v2 OrganCMNIST, coronal abdominal CT patches from LiTS",CC BY 4.0,eval,
data/out_of_scope/cat2_nonbrain_medical/abdominal_ct_coronal/abdominal_ct_coronal_0174.png,cat2_nonbrain_medical,abdominal_ct_coronal,"MedMNIST v2 OrganCMNIST, coronal abdominal CT patches from LiTS",CC BY 4.0,fit,
data/out_of_scope/cat2_nonbrain_medical/abdominal_ct_coronal/abdominal_ct_coronal_0175.png,cat2_nonbrain_medical,abdominal_ct_coronal,"MedMNIST v2 OrganCMNIST, coronal abdominal CT patches from LiTS",CC BY 4.0,eval,
data/out_of_scope/cat2_nonbrain_medical/abdominal_ct_coronal/abdominal_ct_coronal_0176.png,cat2_nonbrain_medical,abdominal_ct_coronal,"MedMNIST v2 OrganCMNIST, coronal abdominal CT patches from LiTS",CC BY 4.0,fit,
data/out_of_scope/cat2_nonbrain_medical/abdominal_ct_coronal/abdominal_ct_coronal_0177.png,cat2_nonbrain_medical,abdominal_ct_coronal,"MedMNIST v2 OrganCMNIST, coronal abdominal CT patches from LiTS",CC BY 4.0,eval,
data/out_of_scope/cat2_nonbrain_medical/abdominal_ct_coronal/abdominal_ct_coronal_0178.png,cat2_nonbrain_medical,abdominal_ct_coronal,"MedMNIST v2 OrganCMNIST, coronal abdominal CT patches from LiTS",CC BY 4.0,fit,
data/out_of_scope/cat2_nonbrain_medical/abdominal_ct_coronal/abdominal_ct_coronal_0179.png,cat2_nonbrain_medical,abdominal_ct_coronal,"MedMNIST v2 OrganCMNIST, coronal abdominal CT patches from LiTS",CC BY 4.0,eval,
data/out_of_scope/cat2_nonbrain_medical/abdominal_ct_coronal/abdominal_ct_coronal_0180.png,cat2_nonbrain_medical,abdominal_ct_coronal,"MedMNIST v2 OrganCMNIST, coronal abdominal CT patches from LiTS",CC BY 4.0,fit,
data/out_of_scope/cat2_nonbrain_medical/abdominal_ct_coronal/abdominal_ct_coronal_0181.png,cat2_nonbrain_medical,abdominal_ct_coronal,"MedMNIST v2 OrganCMNIST, coronal abdominal CT patches from LiTS",CC BY 4.0,eval,
data/out_of_scope/cat2_nonbrain_medical/abdominal_ct_coronal/abdominal_ct_coronal_0182.png,cat2_nonbrain_medical,abdominal_ct_coronal,"MedMNIST v2 OrganCMNIST, coronal abdominal CT patches from LiTS",CC BY 4.0,fit,
data/out_of_scope/cat2_nonbrain_medical/abdominal_ct_coronal/abdominal_ct_coronal_0183.png,cat2_nonbrain_medical,abdominal_ct_coronal,"MedMNIST v2 OrganCMNIST, coronal abdominal CT patches from LiTS",CC BY 4.0,eval,
data/out_of_scope/cat2_nonbrain_medical/abdominal_ct_coronal/abdominal_ct_coronal_0184.png,cat2_nonbrain_medical,abdominal_ct_coronal,"MedMNIST v2 OrganCMNIST, coronal abdominal CT patches from LiTS",CC BY 4.0,fit,
data/out_of_scope/cat2_nonbrain_medical/abdominal_ct_coronal/abdominal_ct_coronal_0185.png,cat2_nonbrain_medical,abdominal_ct_coronal,"MedMNIST v2 OrganCMNIST, coronal abdominal CT patches from LiTS",CC BY 4.0,eval,
data/out_of_scope/cat2_nonbrain_medical/abdominal_ct_coronal/abdominal_ct_coronal_0186.png,cat2_nonbrain_medical,abdominal_ct_coronal,"MedMNIST v2 OrganCMNIST, coronal abdominal CT patches from LiTS",CC BY 4.0,fit,
data/out_of_scope/cat2_nonbrain_medical/abdominal_ct_coronal/abdominal_ct_coronal_0187.png,cat2_nonbrain_medical,abdominal_ct_coronal,"MedMNIST v2 OrganCMNIST, coronal abdominal CT patches from LiTS",CC BY 4.0,eval,
data/out_of_scope/cat2_nonbrain_medical/abdominal_ct_coronal/abdominal_ct_coronal_0188.png,cat2_nonbrain_medical,abdominal_ct_coronal,"MedMNIST v2 OrganCMNIST, coronal abdominal CT patches from LiTS",CC BY 4.0,fit,
data/out_of_scope/cat2_nonbrain_medical/abdominal_ct_coronal/abdominal_ct_coronal_0189.png,cat2_nonbrain_medical,abdominal_ct_coronal,"MedMNIST v2 OrganCMNIST, coronal abdominal CT patches from LiTS",CC BY 4.0,eval,
data/out_of_scope/cat2_nonbrain_medical/abdominal_ct_coronal/abdominal_ct_coronal_0190.png,cat2_nonbrain_medical,abdominal_ct_coronal,"MedMNIST v2 OrganCMNIST, coronal abdominal CT patches from LiTS",CC BY 4.0,fit,
data/out_of_scope/cat2_nonbrain_medical/abdominal_ct_coronal/abdominal_ct_coronal_0191.png,cat2_nonbrain_medical,abdominal_ct_coronal,"MedMNIST v2 OrganCMNIST, coronal abdominal CT patches from LiTS",CC BY 4.0,eval,
data/out_of_scope/cat2_nonbrain_medical/abdominal_ct_coronal/abdominal_ct_coronal_0192.png,cat2_nonbrain_medical,abdominal_ct_coronal,"MedMNIST v2 OrganCMNIST, coronal abdominal CT patches from LiTS",CC BY 4.0,fit,
data/out_of_scope/cat2_nonbrain_medical/abdominal_ct_coronal/abdominal_ct_coronal_0193.png,cat2_nonbrain_medical,abdominal_ct_coronal,"MedMNIST v2 OrganCMNIST, coronal abdominal CT patches from LiTS",CC BY 4.0,eval,
data/out_of_scope/cat2_nonbrain_medical/abdominal_ct_coronal/abdominal_ct_coronal_0194.png,cat2_nonbrain_medical,abdominal_ct_coronal,"MedMNIST v2 OrganCMNIST, coronal abdominal CT patches from LiTS",CC BY 4.0,fit,
data/out_of_scope/cat2_nonbrain_medical/abdominal_ct_coronal/abdominal_ct_coronal_0195.png,cat2_nonbrain_medical,abdominal_ct_coronal,"MedMNIST v2 OrganCMNIST, coronal abdominal CT patches from LiTS",CC BY 4.0,eval,
data/out_of_scope/cat2_nonbrain_medical/abdominal_ct_coronal/abdominal_ct_coronal_0196.png,cat2_nonbrain_medical,abdominal_ct_coronal,"MedMNIST v2 OrganCMNIST, coronal abdominal CT patches from LiTS",CC BY 4.0,fit,
data/out_of_scope/cat2_nonbrain_medical/abdominal_ct_coronal/abdominal_ct_coronal_0197.png,cat2_nonbrain_medical,abdominal_ct_coronal,"MedMNIST v2 OrganCMNIST, coronal abdominal CT patches from LiTS",CC BY 4.0,eval,
data/out_of_scope/cat2_nonbrain_medical/abdominal_ct_coronal/abdominal_ct_coronal_0198.png,cat2_nonbrain_medical,abdominal_ct_coronal,"MedMNIST v2 OrganCMNIST, coronal abdominal CT patches from LiTS",CC BY 4.0,fit,
data/out_of_scope/cat2_nonbrain_medical/abdominal_ct_coronal/abdominal_ct_coronal_0199.png,cat2_nonbrain_medical,abdominal_ct_coronal,"MedMNIST v2 OrganCMNIST, coronal abdominal CT patches from LiTS",CC BY 4.0,eval,
data/out_of_scope/cat2_nonbrain_medical/abdominal_ct_coronal/abdominal_ct_coronal_0200.png,cat2_nonbrain_medical,abdominal_ct_coronal,"MedMNIST v2 OrganCMNIST, coronal abdominal CT patches from LiTS",CC BY 4.0,fit,
data/out_of_scope/cat2_nonbrain_medical/abdominal_ct_coronal/abdominal_ct_coronal_0201.png,cat2_nonbrain_medical,abdominal_ct_coronal,"MedMNIST v2 OrganCMNIST, coronal abdominal CT patches from LiTS",CC BY 4.0,eval,
data/out_of_scope/cat2_nonbrain_medical/abdominal_ct_coronal/abdominal_ct_coronal_0202.png,cat2_nonbrain_medical,abdominal_ct_coronal,"MedMNIST v2 OrganCMNIST, coronal abdominal CT patches from LiTS",CC BY 4.0,fit,
data/out_of_scope/cat2_nonbrain_medical/abdominal_ct_coronal/abdominal_ct_coronal_0203.png,cat2_nonbrain_medical,abdominal_ct_coronal,"MedMNIST v2 OrganCMNIST, coronal abdominal CT patches from LiTS",CC BY 4.0,eval,
data/out_of_scope/cat2_nonbrain_medical/abdominal_ct_coronal/abdominal_ct_coronal_0204.png,cat2_nonbrain_medical,abdominal_ct_coronal,"MedMNIST v2 OrganCMNIST, coronal abdominal CT patches from LiTS",CC BY 4.0,fit,
data/out_of_scope/cat2_nonbrain_medical/abdominal_ct_coronal/abdominal_ct_coronal_0205.png,cat2_nonbrain_medical,abdominal_ct_coronal,"MedMNIST v2 OrganCMNIST, coronal abdominal CT patches from LiTS",CC BY 4.0,eval,
data/out_of_scope/cat2_nonbrain_medical/abdominal_ct_coronal/abdominal_ct_coronal_0206.png,cat2_nonbrain_medical,abdominal_ct_coronal,"MedMNIST v2 OrganCMNIST, coronal abdominal CT patches from LiTS",CC BY 4.0,fit,
data/out_of_scope/cat2_nonbrain_medical/abdominal_ct_coronal/abdominal_ct_coronal_0207.png,cat2_nonbrain_medical,abdominal_ct_coronal,"MedMNIST v2 OrganCMNIST, coronal abdominal CT patches from LiTS",CC BY 4.0,eval,
data/out_of_scope/cat2_nonbrain_medical/abdominal_ct_coronal/abdominal_ct_coronal_0208.png,cat2_nonbrain_medical,abdominal_ct_coronal,"MedMNIST v2 OrganCMNIST, coronal abdominal CT patches from LiTS",CC BY 4.0,fit,
data/out_of_scope/cat2_nonbrain_medical/abdominal_ct_coronal/abdominal_ct_coronal_0209.png,cat2_nonbrain_medical,abdominal_ct_coronal,"MedMNIST v2 OrganCMNIST, coronal abdominal CT patches from LiTS",CC BY 4.0,eval,
data/out_of_scope/cat2_nonbrain_medical/abdominal_ct_coronal/abdominal_ct_coronal_0210.png,cat2_nonbrain_medical,abdominal_ct_coronal,"MedMNIST v2 OrganCMNIST, coronal abdominal CT patches from LiTS",CC BY 4.0,fit,
data/out_of_scope/cat2_nonbrain_medical/abdominal_ct_coronal/abdominal_ct_coronal_0211.png,cat2_nonbrain_medical,abdominal_ct_coronal,"MedMNIST v2 OrganCMNIST, coronal abdominal CT patches from LiTS",CC BY 4.0,eval,
data/out_of_scope/cat2_nonbrain_medical/abdominal_ct_coronal/abdominal_ct_coronal_0212.png,cat2_nonbrain_medical,abdominal_ct_coronal,"MedMNIST v2 OrganCMNIST, coronal abdominal CT patches from LiTS",CC BY 4.0,fit,
data/out_of_scope/cat2_nonbrain_medical/abdominal_ct_coronal/abdominal_ct_coronal_0213.png,cat2_nonbrain_medical,abdominal_ct_coronal,"MedMNIST v2 OrganCMNIST, coronal abdominal CT patches from LiTS",CC BY 4.0,eval,
data/out_of_scope/cat2_nonbrain_medical/abdominal_ct_coronal/abdominal_ct_coronal_0214.png,cat2_nonbrain_medical,abdominal_ct_coronal,"MedMNIST v2 OrganCMNIST, coronal abdominal CT patches from LiTS",CC BY 4.0,fit,
data/out_of_scope/cat2_nonbrain_medical/abdominal_ct_coronal/abdominal_ct_coronal_0215.png,cat2_nonbrain_medical,abdominal_ct_coronal,"MedMNIST v2 OrganCMNIST, coronal abdominal CT patches from LiTS",CC BY 4.0,eval,
data/out_of_scope/cat2_nonbrain_medical/abdominal_ct_coronal/abdominal_ct_coronal_0216.png,cat2_nonbrain_medical,abdominal_ct_coronal,"MedMNIST v2 OrganCMNIST, coronal abdominal CT patches from LiTS",CC BY 4.0,fit,
data/out_of_scope/cat2_nonbrain_medical/abdominal_ct_coronal/abdominal_ct_coronal_0217.png,cat2_nonbrain_medical,abdominal_ct_coronal,"MedMNIST v2 OrganCMNIST, coronal abdominal CT patches from LiTS",CC BY 4.0,eval,
data/out_of_scope/cat2_nonbrain_medical/abdominal_ct_coronal/abdominal_ct_coronal_0218.png,cat2_nonbrain_medical,abdominal_ct_coronal,"MedMNIST v2 OrganCMNIST, coronal abdominal CT patches from LiTS",CC BY 4.0,fit,
data/out_of_scope/cat2_nonbrain_medical/abdominal_ct_coronal/abdominal_ct_coronal_0219.png,cat2_nonbrain_medical,abdominal_ct_coronal,"MedMNIST v2 OrganCMNIST, coronal abdominal CT patches from LiTS",CC BY 4.0,eval,
data/out_of_scope/cat2_nonbrain_medical/abdominal_ct_coronal/abdominal_ct_coronal_0220.png,cat2_nonbrain_medical,abdominal_ct_coronal,"MedMNIST v2 OrganCMNIST, coronal abdominal CT patches from LiTS",CC BY 4.0,fit,
data/out_of_scope/cat2_nonbrain_medical/abdominal_ct_coronal/abdominal_ct_coronal_0221.png,cat2_nonbrain_medical,abdominal_ct_coronal,"MedMNIST v2 OrganCMNIST, coronal abdominal CT patches from LiTS",CC BY 4.0,eval,
data/out_of_scope/cat2_nonbrain_medical/abdominal_ct_coronal/abdominal_ct_coronal_0222.png,cat2_nonbrain_medical,abdominal_ct_coronal,"MedMNIST v2 OrganCMNIST, coronal abdominal CT patches from LiTS",CC BY 4.0,fit,
data/out_of_scope/cat2_nonbrain_medical/abdominal_ct_coronal/abdominal_ct_coronal_0223.png,cat2_nonbrain_medical,abdominal_ct_coronal,"MedMNIST v2 OrganCMNIST, coronal abdominal CT patches from LiTS",CC BY 4.0,eval,
data/out_of_scope/cat2_nonbrain_medical/abdominal_ct_coronal/abdominal_ct_coronal_0224.png,cat2_nonbrain_medical,abdominal_ct_coronal,"MedMNIST v2 OrganCMNIST, coronal abdominal CT patches from LiTS",CC BY 4.0,fit,
data/out_of_scope/cat2_nonbrain_medical/abdominal_ct_coronal/abdominal_ct_coronal_0225.png,cat2_nonbrain_medical,abdominal_ct_coronal,"MedMNIST v2 OrganCMNIST, coronal abdominal CT patches from LiTS",CC BY 4.0,eval,
data/out_of_scope/cat2_nonbrain_medical/abdominal_ct_coronal/abdominal_ct_coronal_0226.png,cat2_nonbrain_medical,abdominal_ct_coronal,"MedMNIST v2 OrganCMNIST, coronal abdominal CT patches from LiTS",CC BY 4.0,fit,
data/out_of_scope/cat2_nonbrain_medical/abdominal_ct_coronal/abdominal_ct_coronal_0227.png,cat2_nonbrain_medical,abdominal_ct_coronal,"MedMNIST v2 OrganCMNIST, coronal abdominal CT patches from LiTS",CC BY 4.0,eval,
data/out_of_scope/cat2_nonbrain_medical/abdominal_ct_coronal/abdominal_ct_coronal_0228.png,cat2_nonbrain_medical,abdominal_ct_coronal,"MedMNIST v2 OrganCMNIST, coronal abdominal CT patches from LiTS",CC BY 4.0,fit,
data/out_of_scope/cat2_nonbrain_medical/abdominal_ct_coronal/abdominal_ct_coronal_0229.png,cat2_nonbrain_medical,abdominal_ct_coronal,"MedMNIST v2 OrganCMNIST, coronal abdominal CT patches from LiTS",CC BY 4.0,eval,
data/out_of_scope/cat2_nonbrain_medical/abdominal_ct_coronal/abdominal_ct_coronal_0230.png,cat2_nonbrain_medical,abdominal_ct_coronal,"MedMNIST v2 OrganCMNIST, coronal abdominal CT patches from LiTS",CC BY 4.0,fit,
data/out_of_scope/cat2_nonbrain_medical/abdominal_ct_coronal/abdominal_ct_coronal_0231.png,cat2_nonbrain_medical,abdominal_ct_coronal,"MedMNIST v2 OrganCMNIST, coronal abdominal CT patches from LiTS",CC BY 4.0,eval,
data/out_of_scope/cat2_nonbrain_medical/abdominal_ct_coronal/abdominal_ct_coronal_0232.png,cat2_nonbrain_medical,abdominal_ct_coronal,"MedMNIST v2 OrganCMNIST, coronal abdominal CT patches from LiTS",CC BY 4.0,fit,
data/out_of_scope/cat2_nonbrain_medical/abdominal_ct_coronal/abdominal_ct_coronal_0233.png,cat2_nonbrain_medical,abdominal_ct_coronal,"MedMNIST v2 OrganCMNIST, coronal abdominal CT patches from LiTS",CC BY 4.0,eval,
data/out_of_scope/cat2_nonbrain_medical/abdominal_ct_coronal/abdominal_ct_coronal_0234.png,cat2_nonbrain_medical,abdominal_ct_coronal,"MedMNIST v2 OrganCMNIST, coronal abdominal CT patches from LiTS",CC BY 4.0,fit,
data/out_of_scope/cat2_nonbrain_medical/abdominal_ct_coronal/abdominal_ct_coronal_0235.png,cat2_nonbrain_medical,abdominal_ct_coronal,"MedMNIST v2 OrganCMNIST, coronal abdominal CT patches from LiTS",CC BY 4.0,eval,
data/out_of_scope/cat2_nonbrain_medical/abdominal_ct_coronal/abdominal_ct_coronal_0236.png,cat2_nonbrain_medical,abdominal_ct_coronal,"MedMNIST v2 OrganCMNIST, coronal abdominal CT patches from LiTS",CC BY 4.0,fit,
data/out_of_scope/cat2_nonbrain_medical/abdominal_ct_coronal/abdominal_ct_coronal_0237.png,cat2_nonbrain_medical,abdominal_ct_coronal,"MedMNIST v2 OrganCMNIST, coronal abdominal CT patches from LiTS",CC BY 4.0,eval,
data/out_of_scope/cat2_nonbrain_medical/abdominal_ct_coronal/abdominal_ct_coronal_0238.png,cat2_nonbrain_medical,abdominal_ct_coronal,"MedMNIST v2 OrganCMNIST, coronal abdominal CT patches from LiTS",CC BY 4.0,fit,
data/out_of_scope/cat2_nonbrain_medical/abdominal_ct_coronal/abdominal_ct_coronal_0239.png,cat2_nonbrain_medical,abdominal_ct_coronal,"MedMNIST v2 OrganCMNIST, coronal abdominal CT patches from LiTS",CC BY 4.0,eval,
data/out_of_scope/cat2_nonbrain_medical/chest_xray/chest_xray_0000.png,cat2_nonbrain_medical,chest_xray,"MedMNIST v2 PneumoniaMNIST, paediatric chest X-ray",CC BY 4.0,fit,
data/out_of_scope/cat2_nonbrain_medical/chest_xray/chest_xray_0001.png,cat2_nonbrain_medical,chest_xray,"MedMNIST v2 PneumoniaMNIST, paediatric chest X-ray",CC BY 4.0,eval,
data/out_of_scope/cat2_nonbrain_medical/chest_xray/chest_xray_0002.png,cat2_nonbrain_medical,chest_xray,"MedMNIST v2 PneumoniaMNIST, paediatric chest X-ray",CC BY 4.0,fit,
data/out_of_scope/cat2_nonbrain_medical/chest_xray/chest_xray_0003.png,cat2_nonbrain_medical,chest_xray,"MedMNIST v2 PneumoniaMNIST, paediatric chest X-ray",CC BY 4.0,eval,
data/out_of_scope/cat2_nonbrain_medical/chest_xray/chest_xray_0004.png,cat2_nonbrain_medical,chest_xray,"MedMNIST v2 PneumoniaMNIST, paediatric chest X-ray",CC BY 4.0,fit,
data/out_of_scope/cat2_nonbrain_medical/chest_xray/chest_xray_0005.png,cat2_nonbrain_medical,chest_xray,"MedMNIST v2 PneumoniaMNIST, paediatric chest X-ray",CC BY 4.0,eval,
data/out_of_scope/cat2_nonbrain_medical/chest_xray/chest_xray_0006.png,cat2_nonbrain_medical,chest_xray,"MedMNIST v2 PneumoniaMNIST, paediatric chest X-ray",CC BY 4.0,fit,
data/out_of_scope/cat2_nonbrain_medical/chest_xray/chest_xray_0007.png,cat2_nonbrain_medical,chest_xray,"MedMNIST v2 PneumoniaMNIST, paediatric chest X-ray",CC BY 4.0,eval,
data/out_of_scope/cat2_nonbrain_medical/chest_xray/chest_xray_0008.png,cat2_nonbrain_medical,chest_xray,"MedMNIST v2 PneumoniaMNIST, paediatric chest X-ray",CC BY 4.0,fit,
data/out_of_scope/cat2_nonbrain_medical/chest_xray/chest_xray_0009.png,cat2_nonbrain_medical,chest_xray,"MedMNIST v2 PneumoniaMNIST, paediatric chest X-ray",CC BY 4.0,eval,
data/out_of_scope/cat2_nonbrain_medical/chest_xray/chest_xray_0010.png,cat2_nonbrain_medical,chest_xray,"MedMNIST v2 PneumoniaMNIST, paediatric chest X-ray",CC BY 4.0,fit,
data/out_of_scope/cat2_nonbrain_medical/chest_xray/chest_xray_0011.png,cat2_nonbrain_medical,chest_xray,"MedMNIST v2 PneumoniaMNIST, paediatric chest X-ray",CC BY 4.0,eval,
data/out_of_scope/cat2_nonbrain_medical/chest_xray/chest_xray_0012.png,cat2_nonbrain_medical,chest_xray,"MedMNIST v2 PneumoniaMNIST, paediatric chest X-ray",CC BY 4.0,fit,
data/out_of_scope/cat2_nonbrain_medical/chest_xray/chest_xray_0013.png,cat2_nonbrain_medical,chest_xray,"MedMNIST v2 PneumoniaMNIST, paediatric chest X-ray",CC BY 4.0,eval,
data/out_of_scope/cat2_nonbrain_medical/chest_xray/chest_xray_0014.png,cat2_nonbrain_medical,chest_xray,"MedMNIST v2 PneumoniaMNIST, paediatric chest X-ray",CC BY 4.0,fit,
data/out_of_scope/cat2_nonbrain_medical/chest_xray/chest_xray_0015.png,cat2_nonbrain_medical,chest_xray,"MedMNIST v2 PneumoniaMNIST, paediatric chest X-ray",CC BY 4.0,eval,
data/out_of_scope/cat2_nonbrain_medical/chest_xray/chest_xray_0016.png,cat2_nonbrain_medical,chest_xray,"MedMNIST v2 PneumoniaMNIST, paediatric chest X-ray",CC BY 4.0,fit,
data/out_of_scope/cat2_nonbrain_medical/chest_xray/chest_xray_0017.png,cat2_nonbrain_medical,chest_xray,"MedMNIST v2 PneumoniaMNIST, paediatric chest X-ray",CC BY 4.0,eval,
data/out_of_scope/cat2_nonbrain_medical/chest_xray/chest_xray_0018.png,cat2_nonbrain_medical,chest_xray,"MedMNIST v2 PneumoniaMNIST, paediatric chest X-ray",CC BY 4.0,fit,
data/out_of_scope/cat2_nonbrain_medical/chest_xray/chest_xray_0019.png,cat2_nonbrain_medical,chest_xray,"MedMNIST v2 PneumoniaMNIST, paediatric chest X-ray",CC BY 4.0,eval,
data/out_of_scope/cat2_nonbrain_medical/chest_xray/chest_xray_0020.png,cat2_nonbrain_medical,chest_xray,"MedMNIST v2 PneumoniaMNIST, paediatric chest X-ray",CC BY 4.0,fit,
data/out_of_scope/cat2_nonbrain_medical/chest_xray/chest_xray_0021.png,cat2_nonbrain_medical,chest_xray,"MedMNIST v2 PneumoniaMNIST, paediatric chest X-ray",CC BY 4.0,eval,
data/out_of_scope/cat2_nonbrain_medical/chest_xray/chest_xray_0022.png,cat2_nonbrain_medical,chest_xray,"MedMNIST v2 PneumoniaMNIST, paediatric chest X-ray",CC BY 4.0,fit,
data/out_of_scope/cat2_nonbrain_medical/chest_xray/chest_xray_0023.png,cat2_nonbrain_medical,chest_xray,"MedMNIST v2 PneumoniaMNIST, paediatric chest X-ray",CC BY 4.0,eval,
data/out_of_scope/cat2_nonbrain_medical/chest_xray/chest_xray_0024.png,cat2_nonbrain_medical,chest_xray,"MedMNIST v2 PneumoniaMNIST, paediatric chest X-ray",CC BY 4.0,fit,
data/out_of_scope/cat2_nonbrain_medical/chest_xray/chest_xray_0025.png,cat2_nonbrain_medical,chest_xray,"MedMNIST v2 PneumoniaMNIST, paediatric chest X-ray",CC BY 4.0,eval,
data/out_of_scope/cat2_nonbrain_medical/chest_xray/chest_xray_0026.png,cat2_nonbrain_medical,chest_xray,"MedMNIST v2 PneumoniaMNIST, paediatric chest X-ray",CC BY 4.0,fit,
data/out_of_scope/cat2_nonbrain_medical/chest_xray/chest_xray_0027.png,cat2_nonbrain_medical,chest_xray,"MedMNIST v2 PneumoniaMNIST, paediatric chest X-ray",CC BY 4.0,eval,
data/out_of_scope/cat2_nonbrain_medical/chest_xray/chest_xray_0028.png,cat2_nonbrain_medical,chest_xray,"MedMNIST v2 PneumoniaMNIST, paediatric chest X-ray",CC BY 4.0,fit,
data/out_of_scope/cat2_nonbrain_medical/chest_xray/chest_xray_0029.png,cat2_nonbrain_medical,chest_xray,"MedMNIST v2 PneumoniaMNIST, paediatric chest X-ray",CC BY 4.0,eval,
data/out_of_scope/cat2_nonbrain_medical/chest_xray/chest_xray_0030.png,cat2_nonbrain_medical,chest_xray,"MedMNIST v2 PneumoniaMNIST, paediatric chest X-ray",CC BY 4.0,fit,
data/out_of_scope/cat2_nonbrain_medical/chest_xray/chest_xray_0031.png,cat2_nonbrain_medical,chest_xray,"MedMNIST v2 PneumoniaMNIST, paediatric chest X-ray",CC BY 4.0,eval,
data/out_of_scope/cat2_nonbrain_medical/chest_xray/chest_xray_0032.png,cat2_nonbrain_medical,chest_xray,"MedMNIST v2 PneumoniaMNIST, paediatric chest X-ray",CC BY 4.0,fit,
data/out_of_scope/cat2_nonbrain_medical/chest_xray/chest_xray_0033.png,cat2_nonbrain_medical,chest_xray,"MedMNIST v2 PneumoniaMNIST, paediatric chest X-ray",CC BY 4.0,eval,
data/out_of_scope/cat2_nonbrain_medical/chest_xray/chest_xray_0034.png,cat2_nonbrain_medical,chest_xray,"MedMNIST v2 PneumoniaMNIST, paediatric chest X-ray",CC BY 4.0,fit,
data/out_of_scope/cat2_nonbrain_medical/chest_xray/chest_xray_0035.png,cat2_nonbrain_medical,chest_xray,"MedMNIST v2 PneumoniaMNIST, paediatric chest X-ray",CC BY 4.0,eval,
data/out_of_scope/cat2_nonbrain_medical/chest_xray/chest_xray_0036.png,cat2_nonbrain_medical,chest_xray,"MedMNIST v2 PneumoniaMNIST, paediatric chest X-ray",CC BY 4.0,fit,
data/out_of_scope/cat2_nonbrain_medical/chest_xray/chest_xray_0037.png,cat2_nonbrain_medical,chest_xray,"MedMNIST v2 PneumoniaMNIST, paediatric chest X-ray",CC BY 4.0,eval,
data/out_of_scope/cat2_nonbrain_medical/chest_xray/chest_xray_0038.png,cat2_nonbrain_medical,chest_xray,"MedMNIST v2 PneumoniaMNIST, paediatric chest X-ray",CC BY 4.0,fit,
data/out_of_scope/cat2_nonbrain_medical/chest_xray/chest_xray_0039.png,cat2_nonbrain_medical,chest_xray,"MedMNIST v2 PneumoniaMNIST, paediatric chest X-ray",CC BY 4.0,eval,
data/out_of_scope/cat2_nonbrain_medical/chest_xray/chest_xray_0040.png,cat2_nonbrain_medical,chest_xray,"MedMNIST v2 PneumoniaMNIST, paediatric chest X-ray",CC BY 4.0,fit,
data/out_of_scope/cat2_nonbrain_medical/chest_xray/chest_xray_0041.png,cat2_nonbrain_medical,chest_xray,"MedMNIST v2 PneumoniaMNIST, paediatric chest X-ray",CC BY 4.0,eval,
data/out_of_scope/cat2_nonbrain_medical/chest_xray/chest_xray_0042.png,cat2_nonbrain_medical,chest_xray,"MedMNIST v2 PneumoniaMNIST, paediatric chest X-ray",CC BY 4.0,fit,
data/out_of_scope/cat2_nonbrain_medical/chest_xray/chest_xray_0043.png,cat2_nonbrain_medical,chest_xray,"MedMNIST v2 PneumoniaMNIST, paediatric chest X-ray",CC BY 4.0,eval,
data/out_of_scope/cat2_nonbrain_medical/chest_xray/chest_xray_0044.png,cat2_nonbrain_medical,chest_xray,"MedMNIST v2 PneumoniaMNIST, paediatric chest X-ray",CC BY 4.0,fit,
data/out_of_scope/cat2_nonbrain_medical/chest_xray/chest_xray_0045.png,cat2_nonbrain_medical,chest_xray,"MedMNIST v2 PneumoniaMNIST, paediatric chest X-ray",CC BY 4.0,eval,
data/out_of_scope/cat2_nonbrain_medical/chest_xray/chest_xray_0046.png,cat2_nonbrain_medical,chest_xray,"MedMNIST v2 PneumoniaMNIST, paediatric chest X-ray",CC BY 4.0,fit,
data/out_of_scope/cat2_nonbrain_medical/chest_xray/chest_xray_0047.png,cat2_nonbrain_medical,chest_xray,"MedMNIST v2 PneumoniaMNIST, paediatric chest X-ray",CC BY 4.0,eval,
data/out_of_scope/cat2_nonbrain_medical/chest_xray/chest_xray_0048.png,cat2_nonbrain_medical,chest_xray,"MedMNIST v2 PneumoniaMNIST, paediatric chest X-ray",CC BY 4.0,fit,
data/out_of_scope/cat2_nonbrain_medical/chest_xray/chest_xray_0049.png,cat2_nonbrain_medical,chest_xray,"MedMNIST v2 PneumoniaMNIST, paediatric chest X-ray",CC BY 4.0,eval,
data/out_of_scope/cat2_nonbrain_medical/chest_xray/chest_xray_0050.png,cat2_nonbrain_medical,chest_xray,"MedMNIST v2 PneumoniaMNIST, paediatric chest X-ray",CC BY 4.0,fit,
data/out_of_scope/cat2_nonbrain_medical/chest_xray/chest_xray_0051.png,cat2_nonbrain_medical,chest_xray,"MedMNIST v2 PneumoniaMNIST, paediatric chest X-ray",CC BY 4.0,eval,
data/out_of_scope/cat2_nonbrain_medical/chest_xray/chest_xray_0052.png,cat2_nonbrain_medical,chest_xray,"MedMNIST v2 PneumoniaMNIST, paediatric chest X-ray",CC BY 4.0,fit,
data/out_of_scope/cat2_nonbrain_medical/chest_xray/chest_xray_0053.png,cat2_nonbrain_medical,chest_xray,"MedMNIST v2 PneumoniaMNIST, paediatric chest X-ray",CC BY 4.0,eval,
data/out_of_scope/cat2_nonbrain_medical/chest_xray/chest_xray_0054.png,cat2_nonbrain_medical,chest_xray,"MedMNIST v2 PneumoniaMNIST, paediatric chest X-ray",CC BY 4.0,fit,
data/out_of_scope/cat2_nonbrain_medical/chest_xray/chest_xray_0055.png,cat2_nonbrain_medical,chest_xray,"MedMNIST v2 PneumoniaMNIST, paediatric chest X-ray",CC BY 4.0,eval,
data/out_of_scope/cat2_nonbrain_medical/chest_xray/chest_xray_0056.png,cat2_nonbrain_medical,chest_xray,"MedMNIST v2 PneumoniaMNIST, paediatric chest X-ray",CC BY 4.0,fit,
data/out_of_scope/cat2_nonbrain_medical/chest_xray/chest_xray_0057.png,cat2_nonbrain_medical,chest_xray,"MedMNIST v2 PneumoniaMNIST, paediatric chest X-ray",CC BY 4.0,eval,
data/out_of_scope/cat2_nonbrain_medical/chest_xray/chest_xray_0058.png,cat2_nonbrain_medical,chest_xray,"MedMNIST v2 PneumoniaMNIST, paediatric chest X-ray",CC BY 4.0,fit,
data/out_of_scope/cat2_nonbrain_medical/chest_xray/chest_xray_0059.png,cat2_nonbrain_medical,chest_xray,"MedMNIST v2 PneumoniaMNIST, paediatric chest X-ray",CC BY 4.0,eval,
data/out_of_scope/cat2_nonbrain_medical/chest_xray/chest_xray_0060.png,cat2_nonbrain_medical,chest_xray,"MedMNIST v2 PneumoniaMNIST, paediatric chest X-ray",CC BY 4.0,fit,
data/out_of_scope/cat2_nonbrain_medical/chest_xray/chest_xray_0061.png,cat2_nonbrain_medical,chest_xray,"MedMNIST v2 PneumoniaMNIST, paediatric chest X-ray",CC BY 4.0,eval,
data/out_of_scope/cat2_nonbrain_medical/chest_xray/chest_xray_0062.png,cat2_nonbrain_medical,chest_xray,"MedMNIST v2 PneumoniaMNIST, paediatric chest X-ray",CC BY 4.0,fit,
data/out_of_scope/cat2_nonbrain_medical/chest_xray/chest_xray_0063.png,cat2_nonbrain_medical,chest_xray,"MedMNIST v2 PneumoniaMNIST, paediatric chest X-ray",CC BY 4.0,eval,
data/out_of_scope/cat2_nonbrain_medical/chest_xray/chest_xray_0064.png,cat2_nonbrain_medical,chest_xray,"MedMNIST v2 PneumoniaMNIST, paediatric chest X-ray",CC BY 4.0,fit,
data/out_of_scope/cat2_nonbrain_medical/chest_xray/chest_xray_0065.png,cat2_nonbrain_medical,chest_xray,"MedMNIST v2 PneumoniaMNIST, paediatric chest X-ray",CC BY 4.0,eval,
data/out_of_scope/cat2_nonbrain_medical/chest_xray/chest_xray_0066.png,cat2_nonbrain_medical,chest_xray,"MedMNIST v2 PneumoniaMNIST, paediatric chest X-ray",CC BY 4.0,fit,
data/out_of_scope/cat2_nonbrain_medical/chest_xray/chest_xray_0067.png,cat2_nonbrain_medical,chest_xray,"MedMNIST v2 PneumoniaMNIST, paediatric chest X-ray",CC BY 4.0,eval,
data/out_of_scope/cat2_nonbrain_medical/chest_xray/chest_xray_0068.png,cat2_nonbrain_medical,chest_xray,"MedMNIST v2 PneumoniaMNIST, paediatric chest X-ray",CC BY 4.0,fit,
data/out_of_scope/cat2_nonbrain_medical/chest_xray/chest_xray_0069.png,cat2_nonbrain_medical,chest_xray,"MedMNIST v2 PneumoniaMNIST, paediatric chest X-ray",CC BY 4.0,eval,
data/out_of_scope/cat2_nonbrain_medical/chest_xray/chest_xray_0070.png,cat2_nonbrain_medical,chest_xray,"MedMNIST v2 PneumoniaMNIST, paediatric chest X-ray",CC BY 4.0,fit,
data/out_of_scope/cat2_nonbrain_medical/chest_xray/chest_xray_0071.png,cat2_nonbrain_medical,chest_xray,"MedMNIST v2 PneumoniaMNIST, paediatric chest X-ray",CC BY 4.0,eval,
data/out_of_scope/cat2_nonbrain_medical/chest_xray/chest_xray_0072.png,cat2_nonbrain_medical,chest_xray,"MedMNIST v2 PneumoniaMNIST, paediatric chest X-ray",CC BY 4.0,fit,
data/out_of_scope/cat2_nonbrain_medical/chest_xray/chest_xray_0073.png,cat2_nonbrain_medical,chest_xray,"MedMNIST v2 PneumoniaMNIST, paediatric chest X-ray",CC BY 4.0,eval,
data/out_of_scope/cat2_nonbrain_medical/chest_xray/chest_xray_0074.png,cat2_nonbrain_medical,chest_xray,"MedMNIST v2 PneumoniaMNIST, paediatric chest X-ray",CC BY 4.0,fit,
data/out_of_scope/cat2_nonbrain_medical/chest_xray/chest_xray_0075.png,cat2_nonbrain_medical,chest_xray,"MedMNIST v2 PneumoniaMNIST, paediatric chest X-ray",CC BY 4.0,eval,
data/out_of_scope/cat2_nonbrain_medical/chest_xray/chest_xray_0076.png,cat2_nonbrain_medical,chest_xray,"MedMNIST v2 PneumoniaMNIST, paediatric chest X-ray",CC BY 4.0,fit,
data/out_of_scope/cat2_nonbrain_medical/chest_xray/chest_xray_0077.png,cat2_nonbrain_medical,chest_xray,"MedMNIST v2 PneumoniaMNIST, paediatric chest X-ray",CC BY 4.0,eval,
data/out_of_scope/cat2_nonbrain_medical/chest_xray/chest_xray_0078.png,cat2_nonbrain_medical,chest_xray,"MedMNIST v2 PneumoniaMNIST, paediatric chest X-ray",CC BY 4.0,fit,
data/out_of_scope/cat2_nonbrain_medical/chest_xray/chest_xray_0079.png,cat2_nonbrain_medical,chest_xray,"MedMNIST v2 PneumoniaMNIST, paediatric chest X-ray",CC BY 4.0,eval,
data/out_of_scope/cat2_nonbrain_medical/chest_xray/chest_xray_0080.png,cat2_nonbrain_medical,chest_xray,"MedMNIST v2 PneumoniaMNIST, paediatric chest X-ray",CC BY 4.0,fit,
data/out_of_scope/cat2_nonbrain_medical/chest_xray/chest_xray_0081.png,cat2_nonbrain_medical,chest_xray,"MedMNIST v2 PneumoniaMNIST, paediatric chest X-ray",CC BY 4.0,eval,
data/out_of_scope/cat2_nonbrain_medical/chest_xray/chest_xray_0082.png,cat2_nonbrain_medical,chest_xray,"MedMNIST v2 PneumoniaMNIST, paediatric chest X-ray",CC BY 4.0,fit,
data/out_of_scope/cat2_nonbrain_medical/chest_xray/chest_xray_0083.png,cat2_nonbrain_medical,chest_xray,"MedMNIST v2 PneumoniaMNIST, paediatric chest X-ray",CC BY 4.0,eval,
data/out_of_scope/cat2_nonbrain_medical/chest_xray/chest_xray_0084.png,cat2_nonbrain_medical,chest_xray,"MedMNIST v2 PneumoniaMNIST, paediatric chest X-ray",CC BY 4.0,fit,
data/out_of_scope/cat2_nonbrain_medical/chest_xray/chest_xray_0085.png,cat2_nonbrain_medical,chest_xray,"MedMNIST v2 PneumoniaMNIST, paediatric chest X-ray",CC BY 4.0,eval,
data/out_of_scope/cat2_nonbrain_medical/chest_xray/chest_xray_0086.png,cat2_nonbrain_medical,chest_xray,"MedMNIST v2 PneumoniaMNIST, paediatric chest X-ray",CC BY 4.0,fit,
data/out_of_scope/cat2_nonbrain_medical/chest_xray/chest_xray_0087.png,cat2_nonbrain_medical,chest_xray,"MedMNIST v2 PneumoniaMNIST, paediatric chest X-ray",CC BY 4.0,eval,
data/out_of_scope/cat2_nonbrain_medical/chest_xray/chest_xray_0088.png,cat2_nonbrain_medical,chest_xray,"MedMNIST v2 PneumoniaMNIST, paediatric chest X-ray",CC BY 4.0,fit,
data/out_of_scope/cat2_nonbrain_medical/chest_xray/chest_xray_0089.png,cat2_nonbrain_medical,chest_xray,"MedMNIST v2 PneumoniaMNIST, paediatric chest X-ray",CC BY 4.0,eval,
data/out_of_scope/cat2_nonbrain_medical/chest_xray/chest_xray_0090.png,cat2_nonbrain_medical,chest_xray,"MedMNIST v2 PneumoniaMNIST, paediatric chest X-ray",CC BY 4.0,fit,
data/out_of_scope/cat2_nonbrain_medical/chest_xray/chest_xray_0091.png,cat2_nonbrain_medical,chest_xray,"MedMNIST v2 PneumoniaMNIST, paediatric chest X-ray",CC BY 4.0,eval,
data/out_of_scope/cat2_nonbrain_medical/chest_xray/chest_xray_0092.png,cat2_nonbrain_medical,chest_xray,"MedMNIST v2 PneumoniaMNIST, paediatric chest X-ray",CC BY 4.0,fit,
data/out_of_scope/cat2_nonbrain_medical/chest_xray/chest_xray_0093.png,cat2_nonbrain_medical,chest_xray,"MedMNIST v2 PneumoniaMNIST, paediatric chest X-ray",CC BY 4.0,eval,
data/out_of_scope/cat2_nonbrain_medical/chest_xray/chest_xray_0094.png,cat2_nonbrain_medical,chest_xray,"MedMNIST v2 PneumoniaMNIST, paediatric chest X-ray",CC BY 4.0,fit,
data/out_of_scope/cat2_nonbrain_medical/chest_xray/chest_xray_0095.png,cat2_nonbrain_medical,chest_xray,"MedMNIST v2 PneumoniaMNIST, paediatric chest X-ray",CC BY 4.0,eval,
data/out_of_scope/cat2_nonbrain_medical/chest_xray/chest_xray_0096.png,cat2_nonbrain_medical,chest_xray,"MedMNIST v2 PneumoniaMNIST, paediatric chest X-ray",CC BY 4.0,fit,
data/out_of_scope/cat2_nonbrain_medical/chest_xray/chest_xray_0097.png,cat2_nonbrain_medical,chest_xray,"MedMNIST v2 PneumoniaMNIST, paediatric chest X-ray",CC BY 4.0,eval,
data/out_of_scope/cat2_nonbrain_medical/chest_xray/chest_xray_0098.png,cat2_nonbrain_medical,chest_xray,"MedMNIST v2 PneumoniaMNIST, paediatric chest X-ray",CC BY 4.0,fit,
data/out_of_scope/cat2_nonbrain_medical/chest_xray/chest_xray_0099.png,cat2_nonbrain_medical,chest_xray,"MedMNIST v2 PneumoniaMNIST, paediatric chest X-ray",CC BY 4.0,eval,
data/out_of_scope/cat2_nonbrain_medical/chest_xray/chest_xray_0100.png,cat2_nonbrain_medical,chest_xray,"MedMNIST v2 PneumoniaMNIST, paediatric chest X-ray",CC BY 4.0,fit,
data/out_of_scope/cat2_nonbrain_medical/chest_xray/chest_xray_0101.png,cat2_nonbrain_medical,chest_xray,"MedMNIST v2 PneumoniaMNIST, paediatric chest X-ray",CC BY 4.0,eval,
data/out_of_scope/cat2_nonbrain_medical/chest_xray/chest_xray_0102.png,cat2_nonbrain_medical,chest_xray,"MedMNIST v2 PneumoniaMNIST, paediatric chest X-ray",CC BY 4.0,fit,
data/out_of_scope/cat2_nonbrain_medical/chest_xray/chest_xray_0103.png,cat2_nonbrain_medical,chest_xray,"MedMNIST v2 PneumoniaMNIST, paediatric chest X-ray",CC BY 4.0,eval,
data/out_of_scope/cat2_nonbrain_medical/chest_xray/chest_xray_0104.png,cat2_nonbrain_medical,chest_xray,"MedMNIST v2 PneumoniaMNIST, paediatric chest X-ray",CC BY 4.0,fit,
data/out_of_scope/cat2_nonbrain_medical/chest_xray/chest_xray_0105.png,cat2_nonbrain_medical,chest_xray,"MedMNIST v2 PneumoniaMNIST, paediatric chest X-ray",CC BY 4.0,eval,
data/out_of_scope/cat2_nonbrain_medical/chest_xray/chest_xray_0106.png,cat2_nonbrain_medical,chest_xray,"MedMNIST v2 PneumoniaMNIST, paediatric chest X-ray",CC BY 4.0,fit,
data/out_of_scope/cat2_nonbrain_medical/chest_xray/chest_xray_0107.png,cat2_nonbrain_medical,chest_xray,"MedMNIST v2 PneumoniaMNIST, paediatric chest X-ray",CC BY 4.0,eval,
data/out_of_scope/cat2_nonbrain_medical/chest_xray/chest_xray_0108.png,cat2_nonbrain_medical,chest_xray,"MedMNIST v2 PneumoniaMNIST, paediatric chest X-ray",CC BY 4.0,fit,
data/out_of_scope/cat2_nonbrain_medical/chest_xray/chest_xray_0109.png,cat2_nonbrain_medical,chest_xray,"MedMNIST v2 PneumoniaMNIST, paediatric chest X-ray",CC BY 4.0,eval,
data/out_of_scope/cat2_nonbrain_medical/chest_xray/chest_xray_0110.png,cat2_nonbrain_medical,chest_xray,"MedMNIST v2 PneumoniaMNIST, paediatric chest X-ray",CC BY 4.0,fit,
data/out_of_scope/cat2_nonbrain_medical/chest_xray/chest_xray_0111.png,cat2_nonbrain_medical,chest_xray,"MedMNIST v2 PneumoniaMNIST, paediatric chest X-ray",CC BY 4.0,eval,
data/out_of_scope/cat2_nonbrain_medical/chest_xray/chest_xray_0112.png,cat2_nonbrain_medical,chest_xray,"MedMNIST v2 PneumoniaMNIST, paediatric chest X-ray",CC BY 4.0,fit,
data/out_of_scope/cat2_nonbrain_medical/chest_xray/chest_xray_0113.png,cat2_nonbrain_medical,chest_xray,"MedMNIST v2 PneumoniaMNIST, paediatric chest X-ray",CC BY 4.0,eval,
data/out_of_scope/cat2_nonbrain_medical/chest_xray/chest_xray_0114.png,cat2_nonbrain_medical,chest_xray,"MedMNIST v2 PneumoniaMNIST, paediatric chest X-ray",CC BY 4.0,fit,
data/out_of_scope/cat2_nonbrain_medical/chest_xray/chest_xray_0115.png,cat2_nonbrain_medical,chest_xray,"MedMNIST v2 PneumoniaMNIST, paediatric chest X-ray",CC BY 4.0,eval,
data/out_of_scope/cat2_nonbrain_medical/chest_xray/chest_xray_0116.png,cat2_nonbrain_medical,chest_xray,"MedMNIST v2 PneumoniaMNIST, paediatric chest X-ray",CC BY 4.0,fit,
data/out_of_scope/cat2_nonbrain_medical/chest_xray/chest_xray_0117.png,cat2_nonbrain_medical,chest_xray,"MedMNIST v2 PneumoniaMNIST, paediatric chest X-ray",CC BY 4.0,eval,
data/out_of_scope/cat2_nonbrain_medical/chest_xray/chest_xray_0118.png,cat2_nonbrain_medical,chest_xray,"MedMNIST v2 PneumoniaMNIST, paediatric chest X-ray",CC BY 4.0,fit,
data/out_of_scope/cat2_nonbrain_medical/chest_xray/chest_xray_0119.png,cat2_nonbrain_medical,chest_xray,"MedMNIST v2 PneumoniaMNIST, paediatric chest X-ray",CC BY 4.0,eval,
data/out_of_scope/cat2_nonbrain_medical/chest_xray/chest_xray_0120.png,cat2_nonbrain_medical,chest_xray,"MedMNIST v2 PneumoniaMNIST, paediatric chest X-ray",CC BY 4.0,fit,
data/out_of_scope/cat2_nonbrain_medical/chest_xray/chest_xray_0121.png,cat2_nonbrain_medical,chest_xray,"MedMNIST v2 PneumoniaMNIST, paediatric chest X-ray",CC BY 4.0,eval,
data/out_of_scope/cat2_nonbrain_medical/chest_xray/chest_xray_0122.png,cat2_nonbrain_medical,chest_xray,"MedMNIST v2 PneumoniaMNIST, paediatric chest X-ray",CC BY 4.0,fit,
data/out_of_scope/cat2_nonbrain_medical/chest_xray/chest_xray_0123.png,cat2_nonbrain_medical,chest_xray,"MedMNIST v2 PneumoniaMNIST, paediatric chest X-ray",CC BY 4.0,eval,
data/out_of_scope/cat2_nonbrain_medical/chest_xray/chest_xray_0124.png,cat2_nonbrain_medical,chest_xray,"MedMNIST v2 PneumoniaMNIST, paediatric chest X-ray",CC BY 4.0,fit,
data/out_of_scope/cat2_nonbrain_medical/chest_xray/chest_xray_0125.png,cat2_nonbrain_medical,chest_xray,"MedMNIST v2 PneumoniaMNIST, paediatric chest X-ray",CC BY 4.0,eval,
data/out_of_scope/cat2_nonbrain_medical/chest_xray/chest_xray_0126.png,cat2_nonbrain_medical,chest_xray,"MedMNIST v2 PneumoniaMNIST, paediatric chest X-ray",CC BY 4.0,fit,
data/out_of_scope/cat2_nonbrain_medical/chest_xray/chest_xray_0127.png,cat2_nonbrain_medical,chest_xray,"MedMNIST v2 PneumoniaMNIST, paediatric chest X-ray",CC BY 4.0,eval,
data/out_of_scope/cat2_nonbrain_medical/chest_xray/chest_xray_0128.png,cat2_nonbrain_medical,chest_xray,"MedMNIST v2 PneumoniaMNIST, paediatric chest X-ray",CC BY 4.0,fit,
data/out_of_scope/cat2_nonbrain_medical/chest_xray/chest_xray_0129.png,cat2_nonbrain_medical,chest_xray,"MedMNIST v2 PneumoniaMNIST, paediatric chest X-ray",CC BY 4.0,eval,
data/out_of_scope/cat2_nonbrain_medical/chest_xray/chest_xray_0130.png,cat2_nonbrain_medical,chest_xray,"MedMNIST v2 PneumoniaMNIST, paediatric chest X-ray",CC BY 4.0,fit,
data/out_of_scope/cat2_nonbrain_medical/chest_xray/chest_xray_0131.png,cat2_nonbrain_medical,chest_xray,"MedMNIST v2 PneumoniaMNIST, paediatric chest X-ray",CC BY 4.0,eval,
data/out_of_scope/cat2_nonbrain_medical/chest_xray/chest_xray_0132.png,cat2_nonbrain_medical,chest_xray,"MedMNIST v2 PneumoniaMNIST, paediatric chest X-ray",CC BY 4.0,fit,
data/out_of_scope/cat2_nonbrain_medical/chest_xray/chest_xray_0133.png,cat2_nonbrain_medical,chest_xray,"MedMNIST v2 PneumoniaMNIST, paediatric chest X-ray",CC BY 4.0,eval,
data/out_of_scope/cat2_nonbrain_medical/chest_xray/chest_xray_0134.png,cat2_nonbrain_medical,chest_xray,"MedMNIST v2 PneumoniaMNIST, paediatric chest X-ray",CC BY 4.0,fit,
data/out_of_scope/cat2_nonbrain_medical/chest_xray/chest_xray_0135.png,cat2_nonbrain_medical,chest_xray,"MedMNIST v2 PneumoniaMNIST, paediatric chest X-ray",CC BY 4.0,eval,
data/out_of_scope/cat2_nonbrain_medical/chest_xray/chest_xray_0136.png,cat2_nonbrain_medical,chest_xray,"MedMNIST v2 PneumoniaMNIST, paediatric chest X-ray",CC BY 4.0,fit,
data/out_of_scope/cat2_nonbrain_medical/chest_xray/chest_xray_0137.png,cat2_nonbrain_medical,chest_xray,"MedMNIST v2 PneumoniaMNIST, paediatric chest X-ray",CC BY 4.0,eval,
data/out_of_scope/cat2_nonbrain_medical/chest_xray/chest_xray_0138.png,cat2_nonbrain_medical,chest_xray,"MedMNIST v2 PneumoniaMNIST, paediatric chest X-ray",CC BY 4.0,fit,
data/out_of_scope/cat2_nonbrain_medical/chest_xray/chest_xray_0139.png,cat2_nonbrain_medical,chest_xray,"MedMNIST v2 PneumoniaMNIST, paediatric chest X-ray",CC BY 4.0,eval,
data/out_of_scope/cat2_nonbrain_medical/chest_xray/chest_xray_0140.png,cat2_nonbrain_medical,chest_xray,"MedMNIST v2 PneumoniaMNIST, paediatric chest X-ray",CC BY 4.0,fit,
data/out_of_scope/cat2_nonbrain_medical/chest_xray/chest_xray_0141.png,cat2_nonbrain_medical,chest_xray,"MedMNIST v2 PneumoniaMNIST, paediatric chest X-ray",CC BY 4.0,eval,
data/out_of_scope/cat2_nonbrain_medical/chest_xray/chest_xray_0142.png,cat2_nonbrain_medical,chest_xray,"MedMNIST v2 PneumoniaMNIST, paediatric chest X-ray",CC BY 4.0,fit,
data/out_of_scope/cat2_nonbrain_medical/chest_xray/chest_xray_0143.png,cat2_nonbrain_medical,chest_xray,"MedMNIST v2 PneumoniaMNIST, paediatric chest X-ray",CC BY 4.0,eval,
data/out_of_scope/cat2_nonbrain_medical/chest_xray/chest_xray_0144.png,cat2_nonbrain_medical,chest_xray,"MedMNIST v2 PneumoniaMNIST, paediatric chest X-ray",CC BY 4.0,fit,
data/out_of_scope/cat2_nonbrain_medical/chest_xray/chest_xray_0145.png,cat2_nonbrain_medical,chest_xray,"MedMNIST v2 PneumoniaMNIST, paediatric chest X-ray",CC BY 4.0,eval,
data/out_of_scope/cat2_nonbrain_medical/chest_xray/chest_xray_0146.png,cat2_nonbrain_medical,chest_xray,"MedMNIST v2 PneumoniaMNIST, paediatric chest X-ray",CC BY 4.0,fit,
data/out_of_scope/cat2_nonbrain_medical/chest_xray/chest_xray_0147.png,cat2_nonbrain_medical,chest_xray,"MedMNIST v2 PneumoniaMNIST, paediatric chest X-ray",CC BY 4.0,eval,
data/out_of_scope/cat2_nonbrain_medical/chest_xray/chest_xray_0148.png,cat2_nonbrain_medical,chest_xray,"MedMNIST v2 PneumoniaMNIST, paediatric chest X-ray",CC BY 4.0,fit,
data/out_of_scope/cat2_nonbrain_medical/chest_xray/chest_xray_0149.png,cat2_nonbrain_medical,chest_xray,"MedMNIST v2 PneumoniaMNIST, paediatric chest X-ray",CC BY 4.0,eval,
data/out_of_scope/cat2_nonbrain_medical/chest_xray/chest_xray_0150.png,cat2_nonbrain_medical,chest_xray,"MedMNIST v2 PneumoniaMNIST, paediatric chest X-ray",CC BY 4.0,fit,
data/out_of_scope/cat2_nonbrain_medical/chest_xray/chest_xray_0151.png,cat2_nonbrain_medical,chest_xray,"MedMNIST v2 PneumoniaMNIST, paediatric chest X-ray",CC BY 4.0,eval,
data/out_of_scope/cat2_nonbrain_medical/chest_xray/chest_xray_0152.png,cat2_nonbrain_medical,chest_xray,"MedMNIST v2 PneumoniaMNIST, paediatric chest X-ray",CC BY 4.0,fit,
data/out_of_scope/cat2_nonbrain_medical/chest_xray/chest_xray_0153.png,cat2_nonbrain_medical,chest_xray,"MedMNIST v2 PneumoniaMNIST, paediatric chest X-ray",CC BY 4.0,eval,
data/out_of_scope/cat2_nonbrain_medical/chest_xray/chest_xray_0154.png,cat2_nonbrain_medical,chest_xray,"MedMNIST v2 PneumoniaMNIST, paediatric chest X-ray",CC BY 4.0,fit,
data/out_of_scope/cat2_nonbrain_medical/chest_xray/chest_xray_0155.png,cat2_nonbrain_medical,chest_xray,"MedMNIST v2 PneumoniaMNIST, paediatric chest X-ray",CC BY 4.0,eval,
data/out_of_scope/cat2_nonbrain_medical/chest_xray/chest_xray_0156.png,cat2_nonbrain_medical,chest_xray,"MedMNIST v2 PneumoniaMNIST, paediatric chest X-ray",CC BY 4.0,fit,
data/out_of_scope/cat2_nonbrain_medical/chest_xray/chest_xray_0157.png,cat2_nonbrain_medical,chest_xray,"MedMNIST v2 PneumoniaMNIST, paediatric chest X-ray",CC BY 4.0,eval,
data/out_of_scope/cat2_nonbrain_medical/chest_xray/chest_xray_0158.png,cat2_nonbrain_medical,chest_xray,"MedMNIST v2 PneumoniaMNIST, paediatric chest X-ray",CC BY 4.0,fit,
data/out_of_scope/cat2_nonbrain_medical/chest_xray/chest_xray_0159.png,cat2_nonbrain_medical,chest_xray,"MedMNIST v2 PneumoniaMNIST, paediatric chest X-ray",CC BY 4.0,eval,
data/out_of_scope/cat2_nonbrain_medical/chest_xray/chest_xray_0160.png,cat2_nonbrain_medical,chest_xray,"MedMNIST v2 PneumoniaMNIST, paediatric chest X-ray",CC BY 4.0,fit,
data/out_of_scope/cat2_nonbrain_medical/chest_xray/chest_xray_0161.png,cat2_nonbrain_medical,chest_xray,"MedMNIST v2 PneumoniaMNIST, paediatric chest X-ray",CC BY 4.0,eval,
data/out_of_scope/cat2_nonbrain_medical/chest_xray/chest_xray_0162.png,cat2_nonbrain_medical,chest_xray,"MedMNIST v2 PneumoniaMNIST, paediatric chest X-ray",CC BY 4.0,fit,
data/out_of_scope/cat2_nonbrain_medical/chest_xray/chest_xray_0163.png,cat2_nonbrain_medical,chest_xray,"MedMNIST v2 PneumoniaMNIST, paediatric chest X-ray",CC BY 4.0,eval,
data/out_of_scope/cat2_nonbrain_medical/chest_xray/chest_xray_0164.png,cat2_nonbrain_medical,chest_xray,"MedMNIST v2 PneumoniaMNIST, paediatric chest X-ray",CC BY 4.0,fit,
data/out_of_scope/cat2_nonbrain_medical/chest_xray/chest_xray_0165.png,cat2_nonbrain_medical,chest_xray,"MedMNIST v2 PneumoniaMNIST, paediatric chest X-ray",CC BY 4.0,eval,
data/out_of_scope/cat2_nonbrain_medical/chest_xray/chest_xray_0166.png,cat2_nonbrain_medical,chest_xray,"MedMNIST v2 PneumoniaMNIST, paediatric chest X-ray",CC BY 4.0,fit,
data/out_of_scope/cat2_nonbrain_medical/chest_xray/chest_xray_0167.png,cat2_nonbrain_medical,chest_xray,"MedMNIST v2 PneumoniaMNIST, paediatric chest X-ray",CC BY 4.0,eval,
data/out_of_scope/cat2_nonbrain_medical/chest_xray/chest_xray_0168.png,cat2_nonbrain_medical,chest_xray,"MedMNIST v2 PneumoniaMNIST, paediatric chest X-ray",CC BY 4.0,fit,
data/out_of_scope/cat2_nonbrain_medical/chest_xray/chest_xray_0169.png,cat2_nonbrain_medical,chest_xray,"MedMNIST v2 PneumoniaMNIST, paediatric chest X-ray",CC BY 4.0,eval,
data/out_of_scope/cat2_nonbrain_medical/chest_xray/chest_xray_0170.png,cat2_nonbrain_medical,chest_xray,"MedMNIST v2 PneumoniaMNIST, paediatric chest X-ray",CC BY 4.0,fit,
data/out_of_scope/cat2_nonbrain_medical/chest_xray/chest_xray_0171.png,cat2_nonbrain_medical,chest_xray,"MedMNIST v2 PneumoniaMNIST, paediatric chest X-ray",CC BY 4.0,eval,
data/out_of_scope/cat2_nonbrain_medical/chest_xray/chest_xray_0172.png,cat2_nonbrain_medical,chest_xray,"MedMNIST v2 PneumoniaMNIST, paediatric chest X-ray",CC BY 4.0,fit,
data/out_of_scope/cat2_nonbrain_medical/chest_xray/chest_xray_0173.png,cat2_nonbrain_medical,chest_xray,"MedMNIST v2 PneumoniaMNIST, paediatric chest X-ray",CC BY 4.0,eval,
data/out_of_scope/cat2_nonbrain_medical/chest_xray/chest_xray_0174.png,cat2_nonbrain_medical,chest_xray,"MedMNIST v2 PneumoniaMNIST, paediatric chest X-ray",CC BY 4.0,fit,
data/out_of_scope/cat2_nonbrain_medical/chest_xray/chest_xray_0175.png,cat2_nonbrain_medical,chest_xray,"MedMNIST v2 PneumoniaMNIST, paediatric chest X-ray",CC BY 4.0,eval,
data/out_of_scope/cat2_nonbrain_medical/chest_xray/chest_xray_0176.png,cat2_nonbrain_medical,chest_xray,"MedMNIST v2 PneumoniaMNIST, paediatric chest X-ray",CC BY 4.0,fit,
data/out_of_scope/cat2_nonbrain_medical/chest_xray/chest_xray_0177.png,cat2_nonbrain_medical,chest_xray,"MedMNIST v2 PneumoniaMNIST, paediatric chest X-ray",CC BY 4.0,eval,
data/out_of_scope/cat2_nonbrain_medical/chest_xray/chest_xray_0178.png,cat2_nonbrain_medical,chest_xray,"MedMNIST v2 PneumoniaMNIST, paediatric chest X-ray",CC BY 4.0,fit,
data/out_of_scope/cat2_nonbrain_medical/chest_xray/chest_xray_0179.png,cat2_nonbrain_medical,chest_xray,"MedMNIST v2 PneumoniaMNIST, paediatric chest X-ray",CC BY 4.0,eval,
data/out_of_scope/cat2_nonbrain_medical/chest_xray/chest_xray_0180.png,cat2_nonbrain_medical,chest_xray,"MedMNIST v2 PneumoniaMNIST, paediatric chest X-ray",CC BY 4.0,fit,
data/out_of_scope/cat2_nonbrain_medical/chest_xray/chest_xray_0181.png,cat2_nonbrain_medical,chest_xray,"MedMNIST v2 PneumoniaMNIST, paediatric chest X-ray",CC BY 4.0,eval,
data/out_of_scope/cat2_nonbrain_medical/chest_xray/chest_xray_0182.png,cat2_nonbrain_medical,chest_xray,"MedMNIST v2 PneumoniaMNIST, paediatric chest X-ray",CC BY 4.0,fit,
data/out_of_scope/cat2_nonbrain_medical/chest_xray/chest_xray_0183.png,cat2_nonbrain_medical,chest_xray,"MedMNIST v2 PneumoniaMNIST, paediatric chest X-ray",CC BY 4.0,eval,
data/out_of_scope/cat2_nonbrain_medical/chest_xray/chest_xray_0184.png,cat2_nonbrain_medical,chest_xray,"MedMNIST v2 PneumoniaMNIST, paediatric chest X-ray",CC BY 4.0,fit,
data/out_of_scope/cat2_nonbrain_medical/chest_xray/chest_xray_0185.png,cat2_nonbrain_medical,chest_xray,"MedMNIST v2 PneumoniaMNIST, paediatric chest X-ray",CC BY 4.0,eval,
data/out_of_scope/cat2_nonbrain_medical/chest_xray/chest_xray_0186.png,cat2_nonbrain_medical,chest_xray,"MedMNIST v2 PneumoniaMNIST, paediatric chest X-ray",CC BY 4.0,fit,
data/out_of_scope/cat2_nonbrain_medical/chest_xray/chest_xray_0187.png,cat2_nonbrain_medical,chest_xray,"MedMNIST v2 PneumoniaMNIST, paediatric chest X-ray",CC BY 4.0,eval,
data/out_of_scope/cat2_nonbrain_medical/chest_xray/chest_xray_0188.png,cat2_nonbrain_medical,chest_xray,"MedMNIST v2 PneumoniaMNIST, paediatric chest X-ray",CC BY 4.0,fit,
data/out_of_scope/cat2_nonbrain_medical/chest_xray/chest_xray_0189.png,cat2_nonbrain_medical,chest_xray,"MedMNIST v2 PneumoniaMNIST, paediatric chest X-ray",CC BY 4.0,eval,
data/out_of_scope/cat2_nonbrain_medical/chest_xray/chest_xray_0190.png,cat2_nonbrain_medical,chest_xray,"MedMNIST v2 PneumoniaMNIST, paediatric chest X-ray",CC BY 4.0,fit,
data/out_of_scope/cat2_nonbrain_medical/chest_xray/chest_xray_0191.png,cat2_nonbrain_medical,chest_xray,"MedMNIST v2 PneumoniaMNIST, paediatric chest X-ray",CC BY 4.0,eval,
data/out_of_scope/cat2_nonbrain_medical/chest_xray/chest_xray_0192.png,cat2_nonbrain_medical,chest_xray,"MedMNIST v2 PneumoniaMNIST, paediatric chest X-ray",CC BY 4.0,fit,
data/out_of_scope/cat2_nonbrain_medical/chest_xray/chest_xray_0193.png,cat2_nonbrain_medical,chest_xray,"MedMNIST v2 PneumoniaMNIST, paediatric chest X-ray",CC BY 4.0,eval,
data/out_of_scope/cat2_nonbrain_medical/chest_xray/chest_xray_0194.png,cat2_nonbrain_medical,chest_xray,"MedMNIST v2 PneumoniaMNIST, paediatric chest X-ray",CC BY 4.0,fit,
data/out_of_scope/cat2_nonbrain_medical/chest_xray/chest_xray_0195.png,cat2_nonbrain_medical,chest_xray,"MedMNIST v2 PneumoniaMNIST, paediatric chest X-ray",CC BY 4.0,eval,
data/out_of_scope/cat2_nonbrain_medical/chest_xray/chest_xray_0196.png,cat2_nonbrain_medical,chest_xray,"MedMNIST v2 PneumoniaMNIST, paediatric chest X-ray",CC BY 4.0,fit,
data/out_of_scope/cat2_nonbrain_medical/chest_xray/chest_xray_0197.png,cat2_nonbrain_medical,chest_xray,"MedMNIST v2 PneumoniaMNIST, paediatric chest X-ray",CC BY 4.0,eval,
data/out_of_scope/cat2_nonbrain_medical/chest_xray/chest_xray_0198.png,cat2_nonbrain_medical,chest_xray,"MedMNIST v2 PneumoniaMNIST, paediatric chest X-ray",CC BY 4.0,fit,
data/out_of_scope/cat2_nonbrain_medical/chest_xray/chest_xray_0199.png,cat2_nonbrain_medical,chest_xray,"MedMNIST v2 PneumoniaMNIST, paediatric chest X-ray",CC BY 4.0,eval,
data/out_of_scope/cat2_nonbrain_medical/chest_xray/chest_xray_0200.png,cat2_nonbrain_medical,chest_xray,"MedMNIST v2 PneumoniaMNIST, paediatric chest X-ray",CC BY 4.0,fit,
data/out_of_scope/cat2_nonbrain_medical/chest_xray/chest_xray_0201.png,cat2_nonbrain_medical,chest_xray,"MedMNIST v2 PneumoniaMNIST, paediatric chest X-ray",CC BY 4.0,eval,
data/out_of_scope/cat2_nonbrain_medical/chest_xray/chest_xray_0202.png,cat2_nonbrain_medical,chest_xray,"MedMNIST v2 PneumoniaMNIST, paediatric chest X-ray",CC BY 4.0,fit,
data/out_of_scope/cat2_nonbrain_medical/chest_xray/chest_xray_0203.png,cat2_nonbrain_medical,chest_xray,"MedMNIST v2 PneumoniaMNIST, paediatric chest X-ray",CC BY 4.0,eval,
data/out_of_scope/cat2_nonbrain_medical/chest_xray/chest_xray_0204.png,cat2_nonbrain_medical,chest_xray,"MedMNIST v2 PneumoniaMNIST, paediatric chest X-ray",CC BY 4.0,fit,
data/out_of_scope/cat2_nonbrain_medical/chest_xray/chest_xray_0205.png,cat2_nonbrain_medical,chest_xray,"MedMNIST v2 PneumoniaMNIST, paediatric chest X-ray",CC BY 4.0,eval,
data/out_of_scope/cat2_nonbrain_medical/chest_xray/chest_xray_0206.png,cat2_nonbrain_medical,chest_xray,"MedMNIST v2 PneumoniaMNIST, paediatric chest X-ray",CC BY 4.0,fit,
data/out_of_scope/cat2_nonbrain_medical/chest_xray/chest_xray_0207.png,cat2_nonbrain_medical,chest_xray,"MedMNIST v2 PneumoniaMNIST, paediatric chest X-ray",CC BY 4.0,eval,
data/out_of_scope/cat2_nonbrain_medical/chest_xray/chest_xray_0208.png,cat2_nonbrain_medical,chest_xray,"MedMNIST v2 PneumoniaMNIST, paediatric chest X-ray",CC BY 4.0,fit,
data/out_of_scope/cat2_nonbrain_medical/chest_xray/chest_xray_0209.png,cat2_nonbrain_medical,chest_xray,"MedMNIST v2 PneumoniaMNIST, paediatric chest X-ray",CC BY 4.0,eval,
data/out_of_scope/cat2_nonbrain_medical/chest_xray/chest_xray_0210.png,cat2_nonbrain_medical,chest_xray,"MedMNIST v2 PneumoniaMNIST, paediatric chest X-ray",CC BY 4.0,fit,
data/out_of_scope/cat2_nonbrain_medical/chest_xray/chest_xray_0211.png,cat2_nonbrain_medical,chest_xray,"MedMNIST v2 PneumoniaMNIST, paediatric chest X-ray",CC BY 4.0,eval,
data/out_of_scope/cat2_nonbrain_medical/chest_xray/chest_xray_0212.png,cat2_nonbrain_medical,chest_xray,"MedMNIST v2 PneumoniaMNIST, paediatric chest X-ray",CC BY 4.0,fit,
data/out_of_scope/cat2_nonbrain_medical/chest_xray/chest_xray_0213.png,cat2_nonbrain_medical,chest_xray,"MedMNIST v2 PneumoniaMNIST, paediatric chest X-ray",CC BY 4.0,eval,
data/out_of_scope/cat2_nonbrain_medical/chest_xray/chest_xray_0214.png,cat2_nonbrain_medical,chest_xray,"MedMNIST v2 PneumoniaMNIST, paediatric chest X-ray",CC BY 4.0,fit,
data/out_of_scope/cat2_nonbrain_medical/chest_xray/chest_xray_0215.png,cat2_nonbrain_medical,chest_xray,"MedMNIST v2 PneumoniaMNIST, paediatric chest X-ray",CC BY 4.0,eval,
data/out_of_scope/cat2_nonbrain_medical/chest_xray/chest_xray_0216.png,cat2_nonbrain_medical,chest_xray,"MedMNIST v2 PneumoniaMNIST, paediatric chest X-ray",CC BY 4.0,fit,
data/out_of_scope/cat2_nonbrain_medical/chest_xray/chest_xray_0217.png,cat2_nonbrain_medical,chest_xray,"MedMNIST v2 PneumoniaMNIST, paediatric chest X-ray",CC BY 4.0,eval,
data/out_of_scope/cat2_nonbrain_medical/chest_xray/chest_xray_0218.png,cat2_nonbrain_medical,chest_xray,"MedMNIST v2 PneumoniaMNIST, paediatric chest X-ray",CC BY 4.0,fit,
data/out_of_scope/cat2_nonbrain_medical/chest_xray/chest_xray_0219.png,cat2_nonbrain_medical,chest_xray,"MedMNIST v2 PneumoniaMNIST, paediatric chest X-ray",CC BY 4.0,eval,
data/out_of_scope/cat2_nonbrain_medical/chest_xray/chest_xray_0220.png,cat2_nonbrain_medical,chest_xray,"MedMNIST v2 PneumoniaMNIST, paediatric chest X-ray",CC BY 4.0,fit,
data/out_of_scope/cat2_nonbrain_medical/chest_xray/chest_xray_0221.png,cat2_nonbrain_medical,chest_xray,"MedMNIST v2 PneumoniaMNIST, paediatric chest X-ray",CC BY 4.0,eval,
data/out_of_scope/cat2_nonbrain_medical/chest_xray/chest_xray_0222.png,cat2_nonbrain_medical,chest_xray,"MedMNIST v2 PneumoniaMNIST, paediatric chest X-ray",CC BY 4.0,fit,
data/out_of_scope/cat2_nonbrain_medical/chest_xray/chest_xray_0223.png,cat2_nonbrain_medical,chest_xray,"MedMNIST v2 PneumoniaMNIST, paediatric chest X-ray",CC BY 4.0,eval,
data/out_of_scope/cat2_nonbrain_medical/chest_xray/chest_xray_0224.png,cat2_nonbrain_medical,chest_xray,"MedMNIST v2 PneumoniaMNIST, paediatric chest X-ray",CC BY 4.0,fit,
data/out_of_scope/cat2_nonbrain_medical/chest_xray/chest_xray_0225.png,cat2_nonbrain_medical,chest_xray,"MedMNIST v2 PneumoniaMNIST, paediatric chest X-ray",CC BY 4.0,eval,
data/out_of_scope/cat2_nonbrain_medical/chest_xray/chest_xray_0226.png,cat2_nonbrain_medical,chest_xray,"MedMNIST v2 PneumoniaMNIST, paediatric chest X-ray",CC BY 4.0,fit,
data/out_of_scope/cat2_nonbrain_medical/chest_xray/chest_xray_0227.png,cat2_nonbrain_medical,chest_xray,"MedMNIST v2 PneumoniaMNIST, paediatric chest X-ray",CC BY 4.0,eval,
data/out_of_scope/cat2_nonbrain_medical/chest_xray/chest_xray_0228.png,cat2_nonbrain_medical,chest_xray,"MedMNIST v2 PneumoniaMNIST, paediatric chest X-ray",CC BY 4.0,fit,
data/out_of_scope/cat2_nonbrain_medical/chest_xray/chest_xray_0229.png,cat2_nonbrain_medical,chest_xray,"MedMNIST v2 PneumoniaMNIST, paediatric chest X-ray",CC BY 4.0,eval,
data/out_of_scope/cat2_nonbrain_medical/chest_xray/chest_xray_0230.png,cat2_nonbrain_medical,chest_xray,"MedMNIST v2 PneumoniaMNIST, paediatric chest X-ray",CC BY 4.0,fit,
data/out_of_scope/cat2_nonbrain_medical/chest_xray/chest_xray_0231.png,cat2_nonbrain_medical,chest_xray,"MedMNIST v2 PneumoniaMNIST, paediatric chest X-ray",CC BY 4.0,eval,
data/out_of_scope/cat2_nonbrain_medical/chest_xray/chest_xray_0232.png,cat2_nonbrain_medical,chest_xray,"MedMNIST v2 PneumoniaMNIST, paediatric chest X-ray",CC BY 4.0,fit,
data/out_of_scope/cat2_nonbrain_medical/chest_xray/chest_xray_0233.png,cat2_nonbrain_medical,chest_xray,"MedMNIST v2 PneumoniaMNIST, paediatric chest X-ray",CC BY 4.0,eval,
data/out_of_scope/cat2_nonbrain_medical/chest_xray/chest_xray_0234.png,cat2_nonbrain_medical,chest_xray,"MedMNIST v2 PneumoniaMNIST, paediatric chest X-ray",CC BY 4.0,fit,
data/out_of_scope/cat2_nonbrain_medical/chest_xray/chest_xray_0235.png,cat2_nonbrain_medical,chest_xray,"MedMNIST v2 PneumoniaMNIST, paediatric chest X-ray",CC BY 4.0,eval,
data/out_of_scope/cat2_nonbrain_medical/chest_xray/chest_xray_0236.png,cat2_nonbrain_medical,chest_xray,"MedMNIST v2 PneumoniaMNIST, paediatric chest X-ray",CC BY 4.0,fit,
data/out_of_scope/cat2_nonbrain_medical/chest_xray/chest_xray_0237.png,cat2_nonbrain_medical,chest_xray,"MedMNIST v2 PneumoniaMNIST, paediatric chest X-ray",CC BY 4.0,eval,
data/out_of_scope/cat2_nonbrain_medical/chest_xray/chest_xray_0238.png,cat2_nonbrain_medical,chest_xray,"MedMNIST v2 PneumoniaMNIST, paediatric chest X-ray",CC BY 4.0,fit,
data/out_of_scope/cat2_nonbrain_medical/chest_xray/chest_xray_0239.png,cat2_nonbrain_medical,chest_xray,"MedMNIST v2 PneumoniaMNIST, paediatric chest X-ray",CC BY 4.0,eval,
data/out_of_scope/cat2_nonbrain_medical/breast_ultrasound/breast_ultrasound_0000.png,cat2_nonbrain_medical,breast_ultrasound,"MedMNIST v2 BreastMNIST, breast ultrasound",CC BY 4.0,fit,
data/out_of_scope/cat2_nonbrain_medical/breast_ultrasound/breast_ultrasound_0001.png,cat2_nonbrain_medical,breast_ultrasound,"MedMNIST v2 BreastMNIST, breast ultrasound",CC BY 4.0,eval,
data/out_of_scope/cat2_nonbrain_medical/breast_ultrasound/breast_ultrasound_0002.png,cat2_nonbrain_medical,breast_ultrasound,"MedMNIST v2 BreastMNIST, breast ultrasound",CC BY 4.0,fit,
data/out_of_scope/cat2_nonbrain_medical/breast_ultrasound/breast_ultrasound_0003.png,cat2_nonbrain_medical,breast_ultrasound,"MedMNIST v2 BreastMNIST, breast ultrasound",CC BY 4.0,eval,
data/out_of_scope/cat2_nonbrain_medical/breast_ultrasound/breast_ultrasound_0004.png,cat2_nonbrain_medical,breast_ultrasound,"MedMNIST v2 BreastMNIST, breast ultrasound",CC BY 4.0,fit,
data/out_of_scope/cat2_nonbrain_medical/breast_ultrasound/breast_ultrasound_0005.png,cat2_nonbrain_medical,breast_ultrasound,"MedMNIST v2 BreastMNIST, breast ultrasound",CC BY 4.0,eval,
data/out_of_scope/cat2_nonbrain_medical/breast_ultrasound/breast_ultrasound_0006.png,cat2_nonbrain_medical,breast_ultrasound,"MedMNIST v2 BreastMNIST, breast ultrasound",CC BY 4.0,fit,
data/out_of_scope/cat2_nonbrain_medical/breast_ultrasound/breast_ultrasound_0007.png,cat2_nonbrain_medical,breast_ultrasound,"MedMNIST v2 BreastMNIST, breast ultrasound",CC BY 4.0,eval,
data/out_of_scope/cat2_nonbrain_medical/breast_ultrasound/breast_ultrasound_0008.png,cat2_nonbrain_medical,breast_ultrasound,"MedMNIST v2 BreastMNIST, breast ultrasound",CC BY 4.0,fit,
data/out_of_scope/cat2_nonbrain_medical/breast_ultrasound/breast_ultrasound_0009.png,cat2_nonbrain_medical,breast_ultrasound,"MedMNIST v2 BreastMNIST, breast ultrasound",CC BY 4.0,eval,
data/out_of_scope/cat2_nonbrain_medical/breast_ultrasound/breast_ultrasound_0010.png,cat2_nonbrain_medical,breast_ultrasound,"MedMNIST v2 BreastMNIST, breast ultrasound",CC BY 4.0,fit,
data/out_of_scope/cat2_nonbrain_medical/breast_ultrasound/breast_ultrasound_0011.png,cat2_nonbrain_medical,breast_ultrasound,"MedMNIST v2 BreastMNIST, breast ultrasound",CC BY 4.0,eval,
data/out_of_scope/cat2_nonbrain_medical/breast_ultrasound/breast_ultrasound_0012.png,cat2_nonbrain_medical,breast_ultrasound,"MedMNIST v2 BreastMNIST, breast ultrasound",CC BY 4.0,fit,
data/out_of_scope/cat2_nonbrain_medical/breast_ultrasound/breast_ultrasound_0013.png,cat2_nonbrain_medical,breast_ultrasound,"MedMNIST v2 BreastMNIST, breast ultrasound",CC BY 4.0,eval,
data/out_of_scope/cat2_nonbrain_medical/breast_ultrasound/breast_ultrasound_0014.png,cat2_nonbrain_medical,breast_ultrasound,"MedMNIST v2 BreastMNIST, breast ultrasound",CC BY 4.0,fit,
data/out_of_scope/cat2_nonbrain_medical/breast_ultrasound/breast_ultrasound_0015.png,cat2_nonbrain_medical,breast_ultrasound,"MedMNIST v2 BreastMNIST, breast ultrasound",CC BY 4.0,eval,
data/out_of_scope/cat2_nonbrain_medical/breast_ultrasound/breast_ultrasound_0016.png,cat2_nonbrain_medical,breast_ultrasound,"MedMNIST v2 BreastMNIST, breast ultrasound",CC BY 4.0,fit,
data/out_of_scope/cat2_nonbrain_medical/breast_ultrasound/breast_ultrasound_0017.png,cat2_nonbrain_medical,breast_ultrasound,"MedMNIST v2 BreastMNIST, breast ultrasound",CC BY 4.0,eval,
data/out_of_scope/cat2_nonbrain_medical/breast_ultrasound/breast_ultrasound_0018.png,cat2_nonbrain_medical,breast_ultrasound,"MedMNIST v2 BreastMNIST, breast ultrasound",CC BY 4.0,fit,
data/out_of_scope/cat2_nonbrain_medical/breast_ultrasound/breast_ultrasound_0019.png,cat2_nonbrain_medical,breast_ultrasound,"MedMNIST v2 BreastMNIST, breast ultrasound",CC BY 4.0,eval,
data/out_of_scope/cat2_nonbrain_medical/breast_ultrasound/breast_ultrasound_0020.png,cat2_nonbrain_medical,breast_ultrasound,"MedMNIST v2 BreastMNIST, breast ultrasound",CC BY 4.0,fit,
data/out_of_scope/cat2_nonbrain_medical/breast_ultrasound/breast_ultrasound_0021.png,cat2_nonbrain_medical,breast_ultrasound,"MedMNIST v2 BreastMNIST, breast ultrasound",CC BY 4.0,eval,
data/out_of_scope/cat2_nonbrain_medical/breast_ultrasound/breast_ultrasound_0022.png,cat2_nonbrain_medical,breast_ultrasound,"MedMNIST v2 BreastMNIST, breast ultrasound",CC BY 4.0,fit,
data/out_of_scope/cat2_nonbrain_medical/breast_ultrasound/breast_ultrasound_0023.png,cat2_nonbrain_medical,breast_ultrasound,"MedMNIST v2 BreastMNIST, breast ultrasound",CC BY 4.0,eval,
data/out_of_scope/cat2_nonbrain_medical/breast_ultrasound/breast_ultrasound_0024.png,cat2_nonbrain_medical,breast_ultrasound,"MedMNIST v2 BreastMNIST, breast ultrasound",CC BY 4.0,fit,
data/out_of_scope/cat2_nonbrain_medical/breast_ultrasound/breast_ultrasound_0025.png,cat2_nonbrain_medical,breast_ultrasound,"MedMNIST v2 BreastMNIST, breast ultrasound",CC BY 4.0,eval,
data/out_of_scope/cat2_nonbrain_medical/breast_ultrasound/breast_ultrasound_0026.png,cat2_nonbrain_medical,breast_ultrasound,"MedMNIST v2 BreastMNIST, breast ultrasound",CC BY 4.0,fit,
data/out_of_scope/cat2_nonbrain_medical/breast_ultrasound/breast_ultrasound_0027.png,cat2_nonbrain_medical,breast_ultrasound,"MedMNIST v2 BreastMNIST, breast ultrasound",CC BY 4.0,eval,
data/out_of_scope/cat2_nonbrain_medical/breast_ultrasound/breast_ultrasound_0028.png,cat2_nonbrain_medical,breast_ultrasound,"MedMNIST v2 BreastMNIST, breast ultrasound",CC BY 4.0,fit,
data/out_of_scope/cat2_nonbrain_medical/breast_ultrasound/breast_ultrasound_0029.png,cat2_nonbrain_medical,breast_ultrasound,"MedMNIST v2 BreastMNIST, breast ultrasound",CC BY 4.0,eval,
data/out_of_scope/cat2_nonbrain_medical/breast_ultrasound/breast_ultrasound_0030.png,cat2_nonbrain_medical,breast_ultrasound,"MedMNIST v2 BreastMNIST, breast ultrasound",CC BY 4.0,fit,
data/out_of_scope/cat2_nonbrain_medical/breast_ultrasound/breast_ultrasound_0031.png,cat2_nonbrain_medical,breast_ultrasound,"MedMNIST v2 BreastMNIST, breast ultrasound",CC BY 4.0,eval,
data/out_of_scope/cat2_nonbrain_medical/breast_ultrasound/breast_ultrasound_0032.png,cat2_nonbrain_medical,breast_ultrasound,"MedMNIST v2 BreastMNIST, breast ultrasound",CC BY 4.0,fit,
data/out_of_scope/cat2_nonbrain_medical/breast_ultrasound/breast_ultrasound_0033.png,cat2_nonbrain_medical,breast_ultrasound,"MedMNIST v2 BreastMNIST, breast ultrasound",CC BY 4.0,eval,
data/out_of_scope/cat2_nonbrain_medical/breast_ultrasound/breast_ultrasound_0034.png,cat2_nonbrain_medical,breast_ultrasound,"MedMNIST v2 BreastMNIST, breast ultrasound",CC BY 4.0,fit,
data/out_of_scope/cat2_nonbrain_medical/breast_ultrasound/breast_ultrasound_0035.png,cat2_nonbrain_medical,breast_ultrasound,"MedMNIST v2 BreastMNIST, breast ultrasound",CC BY 4.0,eval,
data/out_of_scope/cat2_nonbrain_medical/breast_ultrasound/breast_ultrasound_0036.png,cat2_nonbrain_medical,breast_ultrasound,"MedMNIST v2 BreastMNIST, breast ultrasound",CC BY 4.0,fit,
data/out_of_scope/cat2_nonbrain_medical/breast_ultrasound/breast_ultrasound_0037.png,cat2_nonbrain_medical,breast_ultrasound,"MedMNIST v2 BreastMNIST, breast ultrasound",CC BY 4.0,eval,
data/out_of_scope/cat2_nonbrain_medical/breast_ultrasound/breast_ultrasound_0038.png,cat2_nonbrain_medical,breast_ultrasound,"MedMNIST v2 BreastMNIST, breast ultrasound",CC BY 4.0,fit,
data/out_of_scope/cat2_nonbrain_medical/breast_ultrasound/breast_ultrasound_0039.png,cat2_nonbrain_medical,breast_ultrasound,"MedMNIST v2 BreastMNIST, breast ultrasound",CC BY 4.0,eval,
data/out_of_scope/cat2_nonbrain_medical/breast_ultrasound/breast_ultrasound_0040.png,cat2_nonbrain_medical,breast_ultrasound,"MedMNIST v2 BreastMNIST, breast ultrasound",CC BY 4.0,fit,
data/out_of_scope/cat2_nonbrain_medical/breast_ultrasound/breast_ultrasound_0041.png,cat2_nonbrain_medical,breast_ultrasound,"MedMNIST v2 BreastMNIST, breast ultrasound",CC BY 4.0,eval,
data/out_of_scope/cat2_nonbrain_medical/breast_ultrasound/breast_ultrasound_0042.png,cat2_nonbrain_medical,breast_ultrasound,"MedMNIST v2 BreastMNIST, breast ultrasound",CC BY 4.0,fit,
data/out_of_scope/cat2_nonbrain_medical/breast_ultrasound/breast_ultrasound_0043.png,cat2_nonbrain_medical,breast_ultrasound,"MedMNIST v2 BreastMNIST, breast ultrasound",CC BY 4.0,eval,
data/out_of_scope/cat2_nonbrain_medical/breast_ultrasound/breast_ultrasound_0044.png,cat2_nonbrain_medical,breast_ultrasound,"MedMNIST v2 BreastMNIST, breast ultrasound",CC BY 4.0,fit,
data/out_of_scope/cat2_nonbrain_medical/breast_ultrasound/breast_ultrasound_0045.png,cat2_nonbrain_medical,breast_ultrasound,"MedMNIST v2 BreastMNIST, breast ultrasound",CC BY 4.0,eval,
data/out_of_scope/cat2_nonbrain_medical/breast_ultrasound/breast_ultrasound_0046.png,cat2_nonbrain_medical,breast_ultrasound,"MedMNIST v2 BreastMNIST, breast ultrasound",CC BY 4.0,fit,
data/out_of_scope/cat2_nonbrain_medical/breast_ultrasound/breast_ultrasound_0047.png,cat2_nonbrain_medical,breast_ultrasound,"MedMNIST v2 BreastMNIST, breast ultrasound",CC BY 4.0,eval,
data/out_of_scope/cat2_nonbrain_medical/breast_ultrasound/breast_ultrasound_0048.png,cat2_nonbrain_medical,breast_ultrasound,"MedMNIST v2 BreastMNIST, breast ultrasound",CC BY 4.0,fit,
data/out_of_scope/cat2_nonbrain_medical/breast_ultrasound/breast_ultrasound_0049.png,cat2_nonbrain_medical,breast_ultrasound,"MedMNIST v2 BreastMNIST, breast ultrasound",CC BY 4.0,eval,
data/out_of_scope/cat2_nonbrain_medical/breast_ultrasound/breast_ultrasound_0050.png,cat2_nonbrain_medical,breast_ultrasound,"MedMNIST v2 BreastMNIST, breast ultrasound",CC BY 4.0,fit,
data/out_of_scope/cat2_nonbrain_medical/breast_ultrasound/breast_ultrasound_0051.png,cat2_nonbrain_medical,breast_ultrasound,"MedMNIST v2 BreastMNIST, breast ultrasound",CC BY 4.0,eval,
data/out_of_scope/cat2_nonbrain_medical/breast_ultrasound/breast_ultrasound_0052.png,cat2_nonbrain_medical,breast_ultrasound,"MedMNIST v2 BreastMNIST, breast ultrasound",CC BY 4.0,fit,
data/out_of_scope/cat2_nonbrain_medical/breast_ultrasound/breast_ultrasound_0053.png,cat2_nonbrain_medical,breast_ultrasound,"MedMNIST v2 BreastMNIST, breast ultrasound",CC BY 4.0,eval,
data/out_of_scope/cat2_nonbrain_medical/breast_ultrasound/breast_ultrasound_0054.png,cat2_nonbrain_medical,breast_ultrasound,"MedMNIST v2 BreastMNIST, breast ultrasound",CC BY 4.0,fit,
data/out_of_scope/cat2_nonbrain_medical/breast_ultrasound/breast_ultrasound_0055.png,cat2_nonbrain_medical,breast_ultrasound,"MedMNIST v2 BreastMNIST, breast ultrasound",CC BY 4.0,eval,
data/out_of_scope/cat2_nonbrain_medical/breast_ultrasound/breast_ultrasound_0056.png,cat2_nonbrain_medical,breast_ultrasound,"MedMNIST v2 BreastMNIST, breast ultrasound",CC BY 4.0,fit,
data/out_of_scope/cat2_nonbrain_medical/breast_ultrasound/breast_ultrasound_0057.png,cat2_nonbrain_medical,breast_ultrasound,"MedMNIST v2 BreastMNIST, breast ultrasound",CC BY 4.0,eval,
data/out_of_scope/cat2_nonbrain_medical/breast_ultrasound/breast_ultrasound_0058.png,cat2_nonbrain_medical,breast_ultrasound,"MedMNIST v2 BreastMNIST, breast ultrasound",CC BY 4.0,fit,
data/out_of_scope/cat2_nonbrain_medical/breast_ultrasound/breast_ultrasound_0059.png,cat2_nonbrain_medical,breast_ultrasound,"MedMNIST v2 BreastMNIST, breast ultrasound",CC BY 4.0,eval,
data/out_of_scope/cat2_nonbrain_medical/breast_ultrasound/breast_ultrasound_0060.png,cat2_nonbrain_medical,breast_ultrasound,"MedMNIST v2 BreastMNIST, breast ultrasound",CC BY 4.0,fit,
data/out_of_scope/cat2_nonbrain_medical/breast_ultrasound/breast_ultrasound_0061.png,cat2_nonbrain_medical,breast_ultrasound,"MedMNIST v2 BreastMNIST, breast ultrasound",CC BY 4.0,eval,
data/out_of_scope/cat2_nonbrain_medical/breast_ultrasound/breast_ultrasound_0062.png,cat2_nonbrain_medical,breast_ultrasound,"MedMNIST v2 BreastMNIST, breast ultrasound",CC BY 4.0,fit,
data/out_of_scope/cat2_nonbrain_medical/breast_ultrasound/breast_ultrasound_0063.png,cat2_nonbrain_medical,breast_ultrasound,"MedMNIST v2 BreastMNIST, breast ultrasound",CC BY 4.0,eval,
data/out_of_scope/cat2_nonbrain_medical/breast_ultrasound/breast_ultrasound_0064.png,cat2_nonbrain_medical,breast_ultrasound,"MedMNIST v2 BreastMNIST, breast ultrasound",CC BY 4.0,fit,
data/out_of_scope/cat2_nonbrain_medical/breast_ultrasound/breast_ultrasound_0065.png,cat2_nonbrain_medical,breast_ultrasound,"MedMNIST v2 BreastMNIST, breast ultrasound",CC BY 4.0,eval,
data/out_of_scope/cat2_nonbrain_medical/breast_ultrasound/breast_ultrasound_0066.png,cat2_nonbrain_medical,breast_ultrasound,"MedMNIST v2 BreastMNIST, breast ultrasound",CC BY 4.0,fit,
data/out_of_scope/cat2_nonbrain_medical/breast_ultrasound/breast_ultrasound_0067.png,cat2_nonbrain_medical,breast_ultrasound,"MedMNIST v2 BreastMNIST, breast ultrasound",CC BY 4.0,eval,
data/out_of_scope/cat2_nonbrain_medical/breast_ultrasound/breast_ultrasound_0068.png,cat2_nonbrain_medical,breast_ultrasound,"MedMNIST v2 BreastMNIST, breast ultrasound",CC BY 4.0,fit,
data/out_of_scope/cat2_nonbrain_medical/breast_ultrasound/breast_ultrasound_0069.png,cat2_nonbrain_medical,breast_ultrasound,"MedMNIST v2 BreastMNIST, breast ultrasound",CC BY 4.0,eval,
data/out_of_scope/cat2_nonbrain_medical/breast_ultrasound/breast_ultrasound_0070.png,cat2_nonbrain_medical,breast_ultrasound,"MedMNIST v2 BreastMNIST, breast ultrasound",CC BY 4.0,fit,
data/out_of_scope/cat2_nonbrain_medical/breast_ultrasound/breast_ultrasound_0071.png,cat2_nonbrain_medical,breast_ultrasound,"MedMNIST v2 BreastMNIST, breast ultrasound",CC BY 4.0,eval,
data/out_of_scope/cat2_nonbrain_medical/breast_ultrasound/breast_ultrasound_0072.png,cat2_nonbrain_medical,breast_ultrasound,"MedMNIST v2 BreastMNIST, breast ultrasound",CC BY 4.0,fit,
data/out_of_scope/cat2_nonbrain_medical/breast_ultrasound/breast_ultrasound_0073.png,cat2_nonbrain_medical,breast_ultrasound,"MedMNIST v2 BreastMNIST, breast ultrasound",CC BY 4.0,eval,
data/out_of_scope/cat2_nonbrain_medical/breast_ultrasound/breast_ultrasound_0074.png,cat2_nonbrain_medical,breast_ultrasound,"MedMNIST v2 BreastMNIST, breast ultrasound",CC BY 4.0,fit,
data/out_of_scope/cat2_nonbrain_medical/breast_ultrasound/breast_ultrasound_0075.png,cat2_nonbrain_medical,breast_ultrasound,"MedMNIST v2 BreastMNIST, breast ultrasound",CC BY 4.0,eval,
data/out_of_scope/cat2_nonbrain_medical/breast_ultrasound/breast_ultrasound_0076.png,cat2_nonbrain_medical,breast_ultrasound,"MedMNIST v2 BreastMNIST, breast ultrasound",CC BY 4.0,fit,
data/out_of_scope/cat2_nonbrain_medical/breast_ultrasound/breast_ultrasound_0077.png,cat2_nonbrain_medical,breast_ultrasound,"MedMNIST v2 BreastMNIST, breast ultrasound",CC BY 4.0,eval,
data/out_of_scope/cat2_nonbrain_medical/breast_ultrasound/breast_ultrasound_0078.png,cat2_nonbrain_medical,breast_ultrasound,"MedMNIST v2 BreastMNIST, breast ultrasound",CC BY 4.0,fit,
data/out_of_scope/cat2_nonbrain_medical/breast_ultrasound/breast_ultrasound_0079.png,cat2_nonbrain_medical,breast_ultrasound,"MedMNIST v2 BreastMNIST, breast ultrasound",CC BY 4.0,eval,
data/out_of_scope/cat2_nonbrain_medical/breast_ultrasound/breast_ultrasound_0080.png,cat2_nonbrain_medical,breast_ultrasound,"MedMNIST v2 BreastMNIST, breast ultrasound",CC BY 4.0,fit,
data/out_of_scope/cat2_nonbrain_medical/breast_ultrasound/breast_ultrasound_0081.png,cat2_nonbrain_medical,breast_ultrasound,"MedMNIST v2 BreastMNIST, breast ultrasound",CC BY 4.0,eval,
data/out_of_scope/cat2_nonbrain_medical/breast_ultrasound/breast_ultrasound_0082.png,cat2_nonbrain_medical,breast_ultrasound,"MedMNIST v2 BreastMNIST, breast ultrasound",CC BY 4.0,fit,
data/out_of_scope/cat2_nonbrain_medical/breast_ultrasound/breast_ultrasound_0083.png,cat2_nonbrain_medical,breast_ultrasound,"MedMNIST v2 BreastMNIST, breast ultrasound",CC BY 4.0,eval,
data/out_of_scope/cat2_nonbrain_medical/breast_ultrasound/breast_ultrasound_0084.png,cat2_nonbrain_medical,breast_ultrasound,"MedMNIST v2 BreastMNIST, breast ultrasound",CC BY 4.0,fit,
data/out_of_scope/cat2_nonbrain_medical/breast_ultrasound/breast_ultrasound_0085.png,cat2_nonbrain_medical,breast_ultrasound,"MedMNIST v2 BreastMNIST, breast ultrasound",CC BY 4.0,eval,
data/out_of_scope/cat2_nonbrain_medical/breast_ultrasound/breast_ultrasound_0086.png,cat2_nonbrain_medical,breast_ultrasound,"MedMNIST v2 BreastMNIST, breast ultrasound",CC BY 4.0,fit,
data/out_of_scope/cat2_nonbrain_medical/breast_ultrasound/breast_ultrasound_0087.png,cat2_nonbrain_medical,breast_ultrasound,"MedMNIST v2 BreastMNIST, breast ultrasound",CC BY 4.0,eval,
data/out_of_scope/cat2_nonbrain_medical/breast_ultrasound/breast_ultrasound_0088.png,cat2_nonbrain_medical,breast_ultrasound,"MedMNIST v2 BreastMNIST, breast ultrasound",CC BY 4.0,fit,
data/out_of_scope/cat2_nonbrain_medical/breast_ultrasound/breast_ultrasound_0089.png,cat2_nonbrain_medical,breast_ultrasound,"MedMNIST v2 BreastMNIST, breast ultrasound",CC BY 4.0,eval,
data/out_of_scope/cat2_nonbrain_medical/breast_ultrasound/breast_ultrasound_0090.png,cat2_nonbrain_medical,breast_ultrasound,"MedMNIST v2 BreastMNIST, breast ultrasound",CC BY 4.0,fit,
data/out_of_scope/cat2_nonbrain_medical/breast_ultrasound/breast_ultrasound_0091.png,cat2_nonbrain_medical,breast_ultrasound,"MedMNIST v2 BreastMNIST, breast ultrasound",CC BY 4.0,eval,
data/out_of_scope/cat2_nonbrain_medical/breast_ultrasound/breast_ultrasound_0092.png,cat2_nonbrain_medical,breast_ultrasound,"MedMNIST v2 BreastMNIST, breast ultrasound",CC BY 4.0,fit,
data/out_of_scope/cat2_nonbrain_medical/breast_ultrasound/breast_ultrasound_0093.png,cat2_nonbrain_medical,breast_ultrasound,"MedMNIST v2 BreastMNIST, breast ultrasound",CC BY 4.0,eval,
data/out_of_scope/cat2_nonbrain_medical/breast_ultrasound/breast_ultrasound_0094.png,cat2_nonbrain_medical,breast_ultrasound,"MedMNIST v2 BreastMNIST, breast ultrasound",CC BY 4.0,fit,
data/out_of_scope/cat2_nonbrain_medical/breast_ultrasound/breast_ultrasound_0095.png,cat2_nonbrain_medical,breast_ultrasound,"MedMNIST v2 BreastMNIST, breast ultrasound",CC BY 4.0,eval,
data/out_of_scope/cat2_nonbrain_medical/breast_ultrasound/breast_ultrasound_0096.png,cat2_nonbrain_medical,breast_ultrasound,"MedMNIST v2 BreastMNIST, breast ultrasound",CC BY 4.0,fit,
data/out_of_scope/cat2_nonbrain_medical/breast_ultrasound/breast_ultrasound_0097.png,cat2_nonbrain_medical,breast_ultrasound,"MedMNIST v2 BreastMNIST, breast ultrasound",CC BY 4.0,eval,
data/out_of_scope/cat2_nonbrain_medical/breast_ultrasound/breast_ultrasound_0098.png,cat2_nonbrain_medical,breast_ultrasound,"MedMNIST v2 BreastMNIST, breast ultrasound",CC BY 4.0,fit,
data/out_of_scope/cat2_nonbrain_medical/breast_ultrasound/breast_ultrasound_0099.png,cat2_nonbrain_medical,breast_ultrasound,"MedMNIST v2 BreastMNIST, breast ultrasound",CC BY 4.0,eval,
data/out_of_scope/cat2_nonbrain_medical/breast_ultrasound/breast_ultrasound_0100.png,cat2_nonbrain_medical,breast_ultrasound,"MedMNIST v2 BreastMNIST, breast ultrasound",CC BY 4.0,fit,
data/out_of_scope/cat2_nonbrain_medical/breast_ultrasound/breast_ultrasound_0101.png,cat2_nonbrain_medical,breast_ultrasound,"MedMNIST v2 BreastMNIST, breast ultrasound",CC BY 4.0,eval,
data/out_of_scope/cat2_nonbrain_medical/breast_ultrasound/breast_ultrasound_0102.png,cat2_nonbrain_medical,breast_ultrasound,"MedMNIST v2 BreastMNIST, breast ultrasound",CC BY 4.0,fit,
data/out_of_scope/cat2_nonbrain_medical/breast_ultrasound/breast_ultrasound_0103.png,cat2_nonbrain_medical,breast_ultrasound,"MedMNIST v2 BreastMNIST, breast ultrasound",CC BY 4.0,eval,
data/out_of_scope/cat2_nonbrain_medical/breast_ultrasound/breast_ultrasound_0104.png,cat2_nonbrain_medical,breast_ultrasound,"MedMNIST v2 BreastMNIST, breast ultrasound",CC BY 4.0,fit,
data/out_of_scope/cat2_nonbrain_medical/breast_ultrasound/breast_ultrasound_0105.png,cat2_nonbrain_medical,breast_ultrasound,"MedMNIST v2 BreastMNIST, breast ultrasound",CC BY 4.0,eval,
data/out_of_scope/cat2_nonbrain_medical/breast_ultrasound/breast_ultrasound_0106.png,cat2_nonbrain_medical,breast_ultrasound,"MedMNIST v2 BreastMNIST, breast ultrasound",CC BY 4.0,fit,
data/out_of_scope/cat2_nonbrain_medical/breast_ultrasound/breast_ultrasound_0107.png,cat2_nonbrain_medical,breast_ultrasound,"MedMNIST v2 BreastMNIST, breast ultrasound",CC BY 4.0,eval,
data/out_of_scope/cat2_nonbrain_medical/breast_ultrasound/breast_ultrasound_0108.png,cat2_nonbrain_medical,breast_ultrasound,"MedMNIST v2 BreastMNIST, breast ultrasound",CC BY 4.0,fit,
data/out_of_scope/cat2_nonbrain_medical/breast_ultrasound/breast_ultrasound_0109.png,cat2_nonbrain_medical,breast_ultrasound,"MedMNIST v2 BreastMNIST, breast ultrasound",CC BY 4.0,eval,
data/out_of_scope/cat2_nonbrain_medical/breast_ultrasound/breast_ultrasound_0110.png,cat2_nonbrain_medical,breast_ultrasound,"MedMNIST v2 BreastMNIST, breast ultrasound",CC BY 4.0,fit,
data/out_of_scope/cat2_nonbrain_medical/breast_ultrasound/breast_ultrasound_0111.png,cat2_nonbrain_medical,breast_ultrasound,"MedMNIST v2 BreastMNIST, breast ultrasound",CC BY 4.0,eval,
data/out_of_scope/cat2_nonbrain_medical/breast_ultrasound/breast_ultrasound_0112.png,cat2_nonbrain_medical,breast_ultrasound,"MedMNIST v2 BreastMNIST, breast ultrasound",CC BY 4.0,fit,
data/out_of_scope/cat2_nonbrain_medical/breast_ultrasound/breast_ultrasound_0113.png,cat2_nonbrain_medical,breast_ultrasound,"MedMNIST v2 BreastMNIST, breast ultrasound",CC BY 4.0,eval,
data/out_of_scope/cat2_nonbrain_medical/breast_ultrasound/breast_ultrasound_0114.png,cat2_nonbrain_medical,breast_ultrasound,"MedMNIST v2 BreastMNIST, breast ultrasound",CC BY 4.0,fit,
data/out_of_scope/cat2_nonbrain_medical/breast_ultrasound/breast_ultrasound_0115.png,cat2_nonbrain_medical,breast_ultrasound,"MedMNIST v2 BreastMNIST, breast ultrasound",CC BY 4.0,eval,
data/out_of_scope/cat2_nonbrain_medical/breast_ultrasound/breast_ultrasound_0116.png,cat2_nonbrain_medical,breast_ultrasound,"MedMNIST v2 BreastMNIST, breast ultrasound",CC BY 4.0,fit,
data/out_of_scope/cat2_nonbrain_medical/breast_ultrasound/breast_ultrasound_0117.png,cat2_nonbrain_medical,breast_ultrasound,"MedMNIST v2 BreastMNIST, breast ultrasound",CC BY 4.0,eval,
data/out_of_scope/cat2_nonbrain_medical/breast_ultrasound/breast_ultrasound_0118.png,cat2_nonbrain_medical,breast_ultrasound,"MedMNIST v2 BreastMNIST, breast ultrasound",CC BY 4.0,fit,
data/out_of_scope/cat2_nonbrain_medical/breast_ultrasound/breast_ultrasound_0119.png,cat2_nonbrain_medical,breast_ultrasound,"MedMNIST v2 BreastMNIST, breast ultrasound",CC BY 4.0,eval,
data/out_of_scope/cat2_nonbrain_medical/breast_ultrasound/breast_ultrasound_0120.png,cat2_nonbrain_medical,breast_ultrasound,"MedMNIST v2 BreastMNIST, breast ultrasound",CC BY 4.0,fit,
data/out_of_scope/cat2_nonbrain_medical/breast_ultrasound/breast_ultrasound_0121.png,cat2_nonbrain_medical,breast_ultrasound,"MedMNIST v2 BreastMNIST, breast ultrasound",CC BY 4.0,eval,
data/out_of_scope/cat2_nonbrain_medical/breast_ultrasound/breast_ultrasound_0122.png,cat2_nonbrain_medical,breast_ultrasound,"MedMNIST v2 BreastMNIST, breast ultrasound",CC BY 4.0,fit,
data/out_of_scope/cat2_nonbrain_medical/breast_ultrasound/breast_ultrasound_0123.png,cat2_nonbrain_medical,breast_ultrasound,"MedMNIST v2 BreastMNIST, breast ultrasound",CC BY 4.0,eval,
data/out_of_scope/cat2_nonbrain_medical/breast_ultrasound/breast_ultrasound_0124.png,cat2_nonbrain_medical,breast_ultrasound,"MedMNIST v2 BreastMNIST, breast ultrasound",CC BY 4.0,fit,
data/out_of_scope/cat2_nonbrain_medical/breast_ultrasound/breast_ultrasound_0125.png,cat2_nonbrain_medical,breast_ultrasound,"MedMNIST v2 BreastMNIST, breast ultrasound",CC BY 4.0,eval,
data/out_of_scope/cat2_nonbrain_medical/breast_ultrasound/breast_ultrasound_0126.png,cat2_nonbrain_medical,breast_ultrasound,"MedMNIST v2 BreastMNIST, breast ultrasound",CC BY 4.0,fit,
data/out_of_scope/cat2_nonbrain_medical/breast_ultrasound/breast_ultrasound_0127.png,cat2_nonbrain_medical,breast_ultrasound,"MedMNIST v2 BreastMNIST, breast ultrasound",CC BY 4.0,eval,
data/out_of_scope/cat2_nonbrain_medical/breast_ultrasound/breast_ultrasound_0128.png,cat2_nonbrain_medical,breast_ultrasound,"MedMNIST v2 BreastMNIST, breast ultrasound",CC BY 4.0,fit,
data/out_of_scope/cat2_nonbrain_medical/breast_ultrasound/breast_ultrasound_0129.png,cat2_nonbrain_medical,breast_ultrasound,"MedMNIST v2 BreastMNIST, breast ultrasound",CC BY 4.0,eval,
data/out_of_scope/cat2_nonbrain_medical/breast_ultrasound/breast_ultrasound_0130.png,cat2_nonbrain_medical,breast_ultrasound,"MedMNIST v2 BreastMNIST, breast ultrasound",CC BY 4.0,fit,
data/out_of_scope/cat2_nonbrain_medical/breast_ultrasound/breast_ultrasound_0131.png,cat2_nonbrain_medical,breast_ultrasound,"MedMNIST v2 BreastMNIST, breast ultrasound",CC BY 4.0,eval,
data/out_of_scope/cat2_nonbrain_medical/breast_ultrasound/breast_ultrasound_0132.png,cat2_nonbrain_medical,breast_ultrasound,"MedMNIST v2 BreastMNIST, breast ultrasound",CC BY 4.0,fit,
data/out_of_scope/cat2_nonbrain_medical/breast_ultrasound/breast_ultrasound_0133.png,cat2_nonbrain_medical,breast_ultrasound,"MedMNIST v2 BreastMNIST, breast ultrasound",CC BY 4.0,eval,
data/out_of_scope/cat2_nonbrain_medical/breast_ultrasound/breast_ultrasound_0134.png,cat2_nonbrain_medical,breast_ultrasound,"MedMNIST v2 BreastMNIST, breast ultrasound",CC BY 4.0,fit,
data/out_of_scope/cat2_nonbrain_medical/breast_ultrasound/breast_ultrasound_0135.png,cat2_nonbrain_medical,breast_ultrasound,"MedMNIST v2 BreastMNIST, breast ultrasound",CC BY 4.0,eval,
data/out_of_scope/cat2_nonbrain_medical/breast_ultrasound/breast_ultrasound_0136.png,cat2_nonbrain_medical,breast_ultrasound,"MedMNIST v2 BreastMNIST, breast ultrasound",CC BY 4.0,fit,
data/out_of_scope/cat2_nonbrain_medical/breast_ultrasound/breast_ultrasound_0137.png,cat2_nonbrain_medical,breast_ultrasound,"MedMNIST v2 BreastMNIST, breast ultrasound",CC BY 4.0,eval,
data/out_of_scope/cat2_nonbrain_medical/breast_ultrasound/breast_ultrasound_0138.png,cat2_nonbrain_medical,breast_ultrasound,"MedMNIST v2 BreastMNIST, breast ultrasound",CC BY 4.0,fit,
data/out_of_scope/cat2_nonbrain_medical/breast_ultrasound/breast_ultrasound_0139.png,cat2_nonbrain_medical,breast_ultrasound,"MedMNIST v2 BreastMNIST, breast ultrasound",CC BY 4.0,eval,
data/out_of_scope/cat2_nonbrain_medical/breast_ultrasound/breast_ultrasound_0140.png,cat2_nonbrain_medical,breast_ultrasound,"MedMNIST v2 BreastMNIST, breast ultrasound",CC BY 4.0,fit,
data/out_of_scope/cat2_nonbrain_medical/breast_ultrasound/breast_ultrasound_0141.png,cat2_nonbrain_medical,breast_ultrasound,"MedMNIST v2 BreastMNIST, breast ultrasound",CC BY 4.0,eval,
data/out_of_scope/cat2_nonbrain_medical/breast_ultrasound/breast_ultrasound_0142.png,cat2_nonbrain_medical,breast_ultrasound,"MedMNIST v2 BreastMNIST, breast ultrasound",CC BY 4.0,fit,
data/out_of_scope/cat2_nonbrain_medical/breast_ultrasound/breast_ultrasound_0143.png,cat2_nonbrain_medical,breast_ultrasound,"MedMNIST v2 BreastMNIST, breast ultrasound",CC BY 4.0,eval,
data/out_of_scope/cat2_nonbrain_medical/breast_ultrasound/breast_ultrasound_0144.png,cat2_nonbrain_medical,breast_ultrasound,"MedMNIST v2 BreastMNIST, breast ultrasound",CC BY 4.0,fit,
data/out_of_scope/cat2_nonbrain_medical/breast_ultrasound/breast_ultrasound_0145.png,cat2_nonbrain_medical,breast_ultrasound,"MedMNIST v2 BreastMNIST, breast ultrasound",CC BY 4.0,eval,
data/out_of_scope/cat2_nonbrain_medical/breast_ultrasound/breast_ultrasound_0146.png,cat2_nonbrain_medical,breast_ultrasound,"MedMNIST v2 BreastMNIST, breast ultrasound",CC BY 4.0,fit,
data/out_of_scope/cat2_nonbrain_medical/breast_ultrasound/breast_ultrasound_0147.png,cat2_nonbrain_medical,breast_ultrasound,"MedMNIST v2 BreastMNIST, breast ultrasound",CC BY 4.0,eval,
data/out_of_scope/cat2_nonbrain_medical/breast_ultrasound/breast_ultrasound_0148.png,cat2_nonbrain_medical,breast_ultrasound,"MedMNIST v2 BreastMNIST, breast ultrasound",CC BY 4.0,fit,
data/out_of_scope/cat2_nonbrain_medical/breast_ultrasound/breast_ultrasound_0149.png,cat2_nonbrain_medical,breast_ultrasound,"MedMNIST v2 BreastMNIST, breast ultrasound",CC BY 4.0,eval,
data/out_of_scope/cat2_nonbrain_medical/breast_ultrasound/breast_ultrasound_0150.png,cat2_nonbrain_medical,breast_ultrasound,"MedMNIST v2 BreastMNIST, breast ultrasound",CC BY 4.0,fit,
data/out_of_scope/cat2_nonbrain_medical/breast_ultrasound/breast_ultrasound_0151.png,cat2_nonbrain_medical,breast_ultrasound,"MedMNIST v2 BreastMNIST, breast ultrasound",CC BY 4.0,eval,
data/out_of_scope/cat2_nonbrain_medical/breast_ultrasound/breast_ultrasound_0152.png,cat2_nonbrain_medical,breast_ultrasound,"MedMNIST v2 BreastMNIST, breast ultrasound",CC BY 4.0,fit,
data/out_of_scope/cat2_nonbrain_medical/breast_ultrasound/breast_ultrasound_0153.png,cat2_nonbrain_medical,breast_ultrasound,"MedMNIST v2 BreastMNIST, breast ultrasound",CC BY 4.0,eval,
data/out_of_scope/cat2_nonbrain_medical/breast_ultrasound/breast_ultrasound_0154.png,cat2_nonbrain_medical,breast_ultrasound,"MedMNIST v2 BreastMNIST, breast ultrasound",CC BY 4.0,fit,
data/out_of_scope/cat2_nonbrain_medical/breast_ultrasound/breast_ultrasound_0155.png,cat2_nonbrain_medical,breast_ultrasound,"MedMNIST v2 BreastMNIST, breast ultrasound",CC BY 4.0,eval,
data/out_of_scope/cat2_nonbrain_medical/pelvic_mri/Prostate3T-01-0001_003.png,cat2_nonbrain_medical,pelvic_mri,"TCIA Prostate-3T, axial T2 pelvic MRI",CC BY 3.0,eval,Prostate3T-01-0001
data/out_of_scope/cat2_nonbrain_medical/pelvic_mri/Prostate3T-01-0001_004.png,cat2_nonbrain_medical,pelvic_mri,"TCIA Prostate-3T, axial T2 pelvic MRI",CC BY 3.0,eval,Prostate3T-01-0001
data/out_of_scope/cat2_nonbrain_medical/pelvic_mri/Prostate3T-01-0001_005.png,cat2_nonbrain_medical,pelvic_mri,"TCIA Prostate-3T, axial T2 pelvic MRI",CC BY 3.0,eval,Prostate3T-01-0001
data/out_of_scope/cat2_nonbrain_medical/pelvic_mri/Prostate3T-01-0001_007.png,cat2_nonbrain_medical,pelvic_mri,"TCIA Prostate-3T, axial T2 pelvic MRI",CC BY 3.0,eval,Prostate3T-01-0001
data/out_of_scope/cat2_nonbrain_medical/pelvic_mri/Prostate3T-01-0001_008.png,cat2_nonbrain_medical,pelvic_mri,"TCIA Prostate-3T, axial T2 pelvic MRI",CC BY 3.0,eval,Prostate3T-01-0001
data/out_of_scope/cat2_nonbrain_medical/pelvic_mri/Prostate3T-01-0001_010.png,cat2_nonbrain_medical,pelvic_mri,"TCIA Prostate-3T, axial T2 pelvic MRI",CC BY 3.0,eval,Prostate3T-01-0001
data/out_of_scope/cat2_nonbrain_medical/pelvic_mri/Prostate3T-01-0002_005.png,cat2_nonbrain_medical,pelvic_mri,"TCIA Prostate-3T, axial T2 pelvic MRI",CC BY 3.0,fit,Prostate3T-01-0002
data/out_of_scope/cat2_nonbrain_medical/pelvic_mri/Prostate3T-01-0002_006.png,cat2_nonbrain_medical,pelvic_mri,"TCIA Prostate-3T, axial T2 pelvic MRI",CC BY 3.0,fit,Prostate3T-01-0002
data/out_of_scope/cat2_nonbrain_medical/pelvic_mri/Prostate3T-01-0002_008.png,cat2_nonbrain_medical,pelvic_mri,"TCIA Prostate-3T, axial T2 pelvic MRI",CC BY 3.0,fit,Prostate3T-01-0002
data/out_of_scope/cat2_nonbrain_medical/pelvic_mri/Prostate3T-01-0002_010.png,cat2_nonbrain_medical,pelvic_mri,"TCIA Prostate-3T, axial T2 pelvic MRI",CC BY 3.0,fit,Prostate3T-01-0002
data/out_of_scope/cat2_nonbrain_medical/pelvic_mri/Prostate3T-01-0002_012.png,cat2_nonbrain_medical,pelvic_mri,"TCIA Prostate-3T, axial T2 pelvic MRI",CC BY 3.0,fit,Prostate3T-01-0002
data/out_of_scope/cat2_nonbrain_medical/pelvic_mri/Prostate3T-01-0002_014.png,cat2_nonbrain_medical,pelvic_mri,"TCIA Prostate-3T, axial T2 pelvic MRI",CC BY 3.0,fit,Prostate3T-01-0002
data/out_of_scope/cat2_nonbrain_medical/pelvic_mri/Prostate3T-01-0003_006.png,cat2_nonbrain_medical,pelvic_mri,"TCIA Prostate-3T, axial T2 pelvic MRI",CC BY 3.0,eval,Prostate3T-01-0003
data/out_of_scope/cat2_nonbrain_medical/pelvic_mri/Prostate3T-01-0003_008.png,cat2_nonbrain_medical,pelvic_mri,"TCIA Prostate-3T, axial T2 pelvic MRI",CC BY 3.0,eval,Prostate3T-01-0003
data/out_of_scope/cat2_nonbrain_medical/pelvic_mri/Prostate3T-01-0003_010.png,cat2_nonbrain_medical,pelvic_mri,"TCIA Prostate-3T, axial T2 pelvic MRI",CC BY 3.0,eval,Prostate3T-01-0003
data/out_of_scope/cat2_nonbrain_medical/pelvic_mri/Prostate3T-01-0003_012.png,cat2_nonbrain_medical,pelvic_mri,"TCIA Prostate-3T, axial T2 pelvic MRI",CC BY 3.0,eval,Prostate3T-01-0003
data/out_of_scope/cat2_nonbrain_medical/pelvic_mri/Prostate3T-01-0003_014.png,cat2_nonbrain_medical,pelvic_mri,"TCIA Prostate-3T, axial T2 pelvic MRI",CC BY 3.0,eval,Prostate3T-01-0003
data/out_of_scope/cat2_nonbrain_medical/pelvic_mri/Prostate3T-01-0003_017.png,cat2_nonbrain_medical,pelvic_mri,"TCIA Prostate-3T, axial T2 pelvic MRI",CC BY 3.0,eval,Prostate3T-01-0003
data/out_of_scope/cat2_nonbrain_medical/pelvic_mri/Prostate3T-01-0004_005.png,cat2_nonbrain_medical,pelvic_mri,"TCIA Prostate-3T, axial T2 pelvic MRI",CC BY 3.0,eval,Prostate3T-01-0004
data/out_of_scope/cat2_nonbrain_medical/pelvic_mri/Prostate3T-01-0004_006.png,cat2_nonbrain_medical,pelvic_mri,"TCIA Prostate-3T, axial T2 pelvic MRI",CC BY 3.0,eval,Prostate3T-01-0004
data/out_of_scope/cat2_nonbrain_medical/pelvic_mri/Prostate3T-01-0004_008.png,cat2_nonbrain_medical,pelvic_mri,"TCIA Prostate-3T, axial T2 pelvic MRI",CC BY 3.0,eval,Prostate3T-01-0004
data/out_of_scope/cat2_nonbrain_medical/pelvic_mri/Prostate3T-01-0004_010.png,cat2_nonbrain_medical,pelvic_mri,"TCIA Prostate-3T, axial T2 pelvic MRI",CC BY 3.0,eval,Prostate3T-01-0004
data/out_of_scope/cat2_nonbrain_medical/pelvic_mri/Prostate3T-01-0004_012.png,cat2_nonbrain_medical,pelvic_mri,"TCIA Prostate-3T, axial T2 pelvic MRI",CC BY 3.0,eval,Prostate3T-01-0004
data/out_of_scope/cat2_nonbrain_medical/pelvic_mri/Prostate3T-01-0004_014.png,cat2_nonbrain_medical,pelvic_mri,"TCIA Prostate-3T, axial T2 pelvic MRI",CC BY 3.0,eval,Prostate3T-01-0004
data/out_of_scope/cat2_nonbrain_medical/pelvic_mri/Prostate3T-01-0005_005.png,cat2_nonbrain_medical,pelvic_mri,"TCIA Prostate-3T, axial T2 pelvic MRI",CC BY 3.0,fit,Prostate3T-01-0005
data/out_of_scope/cat2_nonbrain_medical/pelvic_mri/Prostate3T-01-0005_006.png,cat2_nonbrain_medical,pelvic_mri,"TCIA Prostate-3T, axial T2 pelvic MRI",CC BY 3.0,fit,Prostate3T-01-0005
data/out_of_scope/cat2_nonbrain_medical/pelvic_mri/Prostate3T-01-0005_008.png,cat2_nonbrain_medical,pelvic_mri,"TCIA Prostate-3T, axial T2 pelvic MRI",CC BY 3.0,fit,Prostate3T-01-0005
data/out_of_scope/cat2_nonbrain_medical/pelvic_mri/Prostate3T-01-0005_010.png,cat2_nonbrain_medical,pelvic_mri,"TCIA Prostate-3T, axial T2 pelvic MRI",CC BY 3.0,fit,Prostate3T-01-0005
data/out_of_scope/cat2_nonbrain_medical/pelvic_mri/Prostate3T-01-0005_012.png,cat2_nonbrain_medical,pelvic_mri,"TCIA Prostate-3T, axial T2 pelvic MRI",CC BY 3.0,fit,Prostate3T-01-0005
data/out_of_scope/cat2_nonbrain_medical/pelvic_mri/Prostate3T-01-0005_014.png,cat2_nonbrain_medical,pelvic_mri,"TCIA Prostate-3T, axial T2 pelvic MRI",CC BY 3.0,fit,Prostate3T-01-0005
data/out_of_scope/cat2_nonbrain_medical/pelvic_mri/Prostate3T-01-0006_005.png,cat2_nonbrain_medical,pelvic_mri,"TCIA Prostate-3T, axial T2 pelvic MRI",CC BY 3.0,eval,Prostate3T-01-0006
data/out_of_scope/cat2_nonbrain_medical/pelvic_mri/Prostate3T-01-0006_006.png,cat2_nonbrain_medical,pelvic_mri,"TCIA Prostate-3T, axial T2 pelvic MRI",CC BY 3.0,eval,Prostate3T-01-0006
data/out_of_scope/cat2_nonbrain_medical/pelvic_mri/Prostate3T-01-0006_008.png,cat2_nonbrain_medical,pelvic_mri,"TCIA Prostate-3T, axial T2 pelvic MRI",CC BY 3.0,eval,Prostate3T-01-0006
data/out_of_scope/cat2_nonbrain_medical/pelvic_mri/Prostate3T-01-0006_010.png,cat2_nonbrain_medical,pelvic_mri,"TCIA Prostate-3T, axial T2 pelvic MRI",CC BY 3.0,eval,Prostate3T-01-0006
data/out_of_scope/cat2_nonbrain_medical/pelvic_mri/Prostate3T-01-0006_012.png,cat2_nonbrain_medical,pelvic_mri,"TCIA Prostate-3T, axial T2 pelvic MRI",CC BY 3.0,eval,Prostate3T-01-0006
data/out_of_scope/cat2_nonbrain_medical/pelvic_mri/Prostate3T-01-0006_014.png,cat2_nonbrain_medical,pelvic_mri,"TCIA Prostate-3T, axial T2 pelvic MRI",CC BY 3.0,eval,Prostate3T-01-0006
data/out_of_scope/cat2_nonbrain_medical/pelvic_mri/Prostate3T-01-0007_005.png,cat2_nonbrain_medical,pelvic_mri,"TCIA Prostate-3T, axial T2 pelvic MRI",CC BY 3.0,fit,Prostate3T-01-0007
data/out_of_scope/cat2_nonbrain_medical/pelvic_mri/Prostate3T-01-0007_006.png,cat2_nonbrain_medical,pelvic_mri,"TCIA Prostate-3T, axial T2 pelvic MRI",CC BY 3.0,fit,Prostate3T-01-0007
data/out_of_scope/cat2_nonbrain_medical/pelvic_mri/Prostate3T-01-0007_008.png,cat2_nonbrain_medical,pelvic_mri,"TCIA Prostate-3T, axial T2 pelvic MRI",CC BY 3.0,fit,Prostate3T-01-0007
data/out_of_scope/cat2_nonbrain_medical/pelvic_mri/Prostate3T-01-0007_010.png,cat2_nonbrain_medical,pelvic_mri,"TCIA Prostate-3T, axial T2 pelvic MRI",CC BY 3.0,fit,Prostate3T-01-0007
data/out_of_scope/cat2_nonbrain_medical/pelvic_mri/Prostate3T-01-0007_012.png,cat2_nonbrain_medical,pelvic_mri,"TCIA Prostate-3T, axial T2 pelvic MRI",CC BY 3.0,fit,Prostate3T-01-0007
data/out_of_scope/cat2_nonbrain_medical/pelvic_mri/Prostate3T-01-0007_014.png,cat2_nonbrain_medical,pelvic_mri,"TCIA Prostate-3T, axial T2 pelvic MRI",CC BY 3.0,fit,Prostate3T-01-0007
data/out_of_scope/cat2_nonbrain_medical/pelvic_mri/Prostate3T-01-0008_003.png,cat2_nonbrain_medical,pelvic_mri,"TCIA Prostate-3T, axial T2 pelvic MRI",CC BY 3.0,eval,Prostate3T-01-0008
data/out_of_scope/cat2_nonbrain_medical/pelvic_mri/Prostate3T-01-0008_004.png,cat2_nonbrain_medical,pelvic_mri,"TCIA Prostate-3T, axial T2 pelvic MRI",CC BY 3.0,eval,Prostate3T-01-0008
data/out_of_scope/cat2_nonbrain_medical/pelvic_mri/Prostate3T-01-0008_005.png,cat2_nonbrain_medical,pelvic_mri,"TCIA Prostate-3T, axial T2 pelvic MRI",CC BY 3.0,eval,Prostate3T-01-0008
data/out_of_scope/cat2_nonbrain_medical/pelvic_mri/Prostate3T-01-0008_007.png,cat2_nonbrain_medical,pelvic_mri,"TCIA Prostate-3T, axial T2 pelvic MRI",CC BY 3.0,eval,Prostate3T-01-0008
data/out_of_scope/cat2_nonbrain_medical/pelvic_mri/Prostate3T-01-0008_008.png,cat2_nonbrain_medical,pelvic_mri,"TCIA Prostate-3T, axial T2 pelvic MRI",CC BY 3.0,eval,Prostate3T-01-0008
data/out_of_scope/cat2_nonbrain_medical/pelvic_mri/Prostate3T-01-0008_010.png,cat2_nonbrain_medical,pelvic_mri,"TCIA Prostate-3T, axial T2 pelvic MRI",CC BY 3.0,eval,Prostate3T-01-0008
data/out_of_scope/cat2_nonbrain_medical/pelvic_mri/Prostate3T-01-0009_004.png,cat2_nonbrain_medical,pelvic_mri,"TCIA Prostate-3T, axial T2 pelvic MRI",CC BY 3.0,fit,Prostate3T-01-0009
data/out_of_scope/cat2_nonbrain_medical/pelvic_mri/Prostate3T-01-0009_005.png,cat2_nonbrain_medical,pelvic_mri,"TCIA Prostate-3T, axial T2 pelvic MRI",CC BY 3.0,fit,Prostate3T-01-0009
data/out_of_scope/cat2_nonbrain_medical/pelvic_mri/Prostate3T-01-0009_006.png,cat2_nonbrain_medical,pelvic_mri,"TCIA Prostate-3T, axial T2 pelvic MRI",CC BY 3.0,fit,Prostate3T-01-0009
data/out_of_scope/cat2_nonbrain_medical/pelvic_mri/Prostate3T-01-0009_008.png,cat2_nonbrain_medical,pelvic_mri,"TCIA Prostate-3T, axial T2 pelvic MRI",CC BY 3.0,fit,Prostate3T-01-0009
data/out_of_scope/cat2_nonbrain_medical/pelvic_mri/Prostate3T-01-0009_009.png,cat2_nonbrain_medical,pelvic_mri,"TCIA Prostate-3T, axial T2 pelvic MRI",CC BY 3.0,fit,Prostate3T-01-0009
data/out_of_scope/cat2_nonbrain_medical/pelvic_mri/Prostate3T-01-0009_011.png,cat2_nonbrain_medical,pelvic_mri,"TCIA Prostate-3T, axial T2 pelvic MRI",CC BY 3.0,fit,Prostate3T-01-0009
data/out_of_scope/cat2_nonbrain_medical/pelvic_mri/Prostate3T-01-0010_005.png,cat2_nonbrain_medical,pelvic_mri,"TCIA Prostate-3T, axial T2 pelvic MRI",CC BY 3.0,fit,Prostate3T-01-0010
data/out_of_scope/cat2_nonbrain_medical/pelvic_mri/Prostate3T-01-0010_006.png,cat2_nonbrain_medical,pelvic_mri,"TCIA Prostate-3T, axial T2 pelvic MRI",CC BY 3.0,fit,Prostate3T-01-0010
data/out_of_scope/cat2_nonbrain_medical/pelvic_mri/Prostate3T-01-0010_008.png,cat2_nonbrain_medical,pelvic_mri,"TCIA Prostate-3T, axial T2 pelvic MRI",CC BY 3.0,fit,Prostate3T-01-0010
data/out_of_scope/cat2_nonbrain_medical/pelvic_mri/Prostate3T-01-0010_010.png,cat2_nonbrain_medical,pelvic_mri,"TCIA Prostate-3T, axial T2 pelvic MRI",CC BY 3.0,fit,Prostate3T-01-0010
data/out_of_scope/cat2_nonbrain_medical/pelvic_mri/Prostate3T-01-0010_012.png,cat2_nonbrain_medical,pelvic_mri,"TCIA Prostate-3T, axial T2 pelvic MRI",CC BY 3.0,fit,Prostate3T-01-0010
data/out_of_scope/cat2_nonbrain_medical/pelvic_mri/Prostate3T-01-0010_014.png,cat2_nonbrain_medical,pelvic_mri,"TCIA Prostate-3T, axial T2 pelvic MRI",CC BY 3.0,fit,Prostate3T-01-0010
data/out_of_scope/cat2_nonbrain_medical/pelvic_mri/Prostate3T-01-0011_005.png,cat2_nonbrain_medical,pelvic_mri,"TCIA Prostate-3T, axial T2 pelvic MRI",CC BY 3.0,fit,Prostate3T-01-0011
data/out_of_scope/cat2_nonbrain_medical/pelvic_mri/Prostate3T-01-0011_006.png,cat2_nonbrain_medical,pelvic_mri,"TCIA Prostate-3T, axial T2 pelvic MRI",CC BY 3.0,fit,Prostate3T-01-0011
data/out_of_scope/cat2_nonbrain_medical/pelvic_mri/Prostate3T-01-0011_008.png,cat2_nonbrain_medical,pelvic_mri,"TCIA Prostate-3T, axial T2 pelvic MRI",CC BY 3.0,fit,Prostate3T-01-0011
data/out_of_scope/cat2_nonbrain_medical/pelvic_mri/Prostate3T-01-0011_010.png,cat2_nonbrain_medical,pelvic_mri,"TCIA Prostate-3T, axial T2 pelvic MRI",CC BY 3.0,fit,Prostate3T-01-0011
data/out_of_scope/cat2_nonbrain_medical/pelvic_mri/Prostate3T-01-0011_012.png,cat2_nonbrain_medical,pelvic_mri,"TCIA Prostate-3T, axial T2 pelvic MRI",CC BY 3.0,fit,Prostate3T-01-0011
data/out_of_scope/cat2_nonbrain_medical/pelvic_mri/Prostate3T-01-0011_014.png,cat2_nonbrain_medical,pelvic_mri,"TCIA Prostate-3T, axial T2 pelvic MRI",CC BY 3.0,fit,Prostate3T-01-0011
data/out_of_scope/cat2_nonbrain_medical/pelvic_mri/Prostate3T-01-0012_005.png,cat2_nonbrain_medical,pelvic_mri,"TCIA Prostate-3T, axial T2 pelvic MRI",CC BY 3.0,fit,Prostate3T-01-0012
data/out_of_scope/cat2_nonbrain_medical/pelvic_mri/Prostate3T-01-0012_006.png,cat2_nonbrain_medical,pelvic_mri,"TCIA Prostate-3T, axial T2 pelvic MRI",CC BY 3.0,fit,Prostate3T-01-0012
data/out_of_scope/cat2_nonbrain_medical/pelvic_mri/Prostate3T-01-0012_008.png,cat2_nonbrain_medical,pelvic_mri,"TCIA Prostate-3T, axial T2 pelvic MRI",CC BY 3.0,fit,Prostate3T-01-0012
data/out_of_scope/cat2_nonbrain_medical/pelvic_mri/Prostate3T-01-0012_010.png,cat2_nonbrain_medical,pelvic_mri,"TCIA Prostate-3T, axial T2 pelvic MRI",CC BY 3.0,fit,Prostate3T-01-0012
data/out_of_scope/cat2_nonbrain_medical/pelvic_mri/Prostate3T-01-0012_012.png,cat2_nonbrain_medical,pelvic_mri,"TCIA Prostate-3T, axial T2 pelvic MRI",CC BY 3.0,fit,Prostate3T-01-0012
data/out_of_scope/cat2_nonbrain_medical/pelvic_mri/Prostate3T-01-0012_014.png,cat2_nonbrain_medical,pelvic_mri,"TCIA Prostate-3T, axial T2 pelvic MRI",CC BY 3.0,fit,Prostate3T-01-0012
data/out_of_scope/cat2_nonbrain_medical/pelvic_mri/Prostate3T-01-0013_003.png,cat2_nonbrain_medical,pelvic_mri,"TCIA Prostate-3T, axial T2 pelvic MRI",CC BY 3.0,eval,Prostate3T-01-0013
data/out_of_scope/cat2_nonbrain_medical/pelvic_mri/Prostate3T-01-0013_004.png,cat2_nonbrain_medical,pelvic_mri,"TCIA Prostate-3T, axial T2 pelvic MRI",CC BY 3.0,eval,Prostate3T-01-0013
data/out_of_scope/cat2_nonbrain_medical/pelvic_mri/Prostate3T-01-0013_005.png,cat2_nonbrain_medical,pelvic_mri,"TCIA Prostate-3T, axial T2 pelvic MRI",CC BY 3.0,eval,Prostate3T-01-0013
data/out_of_scope/cat2_nonbrain_medical/pelvic_mri/Prostate3T-01-0013_007.png,cat2_nonbrain_medical,pelvic_mri,"TCIA Prostate-3T, axial T2 pelvic MRI",CC BY 3.0,eval,Prostate3T-01-0013
data/out_of_scope/cat2_nonbrain_medical/pelvic_mri/Prostate3T-01-0013_008.png,cat2_nonbrain_medical,pelvic_mri,"TCIA Prostate-3T, axial T2 pelvic MRI",CC BY 3.0,eval,Prostate3T-01-0013
data/out_of_scope/cat2_nonbrain_medical/pelvic_mri/Prostate3T-01-0013_010.png,cat2_nonbrain_medical,pelvic_mri,"TCIA Prostate-3T, axial T2 pelvic MRI",CC BY 3.0,eval,Prostate3T-01-0013
data/out_of_scope/cat2_nonbrain_medical/pelvic_mri/Prostate3T-01-0014_005.png,cat2_nonbrain_medical,pelvic_mri,"TCIA Prostate-3T, axial T2 pelvic MRI",CC BY 3.0,eval,Prostate3T-01-0014
data/out_of_scope/cat2_nonbrain_medical/pelvic_mri/Prostate3T-01-0014_006.png,cat2_nonbrain_medical,pelvic_mri,"TCIA Prostate-3T, axial T2 pelvic MRI",CC BY 3.0,eval,Prostate3T-01-0014
data/out_of_scope/cat2_nonbrain_medical/pelvic_mri/Prostate3T-01-0014_008.png,cat2_nonbrain_medical,pelvic_mri,"TCIA Prostate-3T, axial T2 pelvic MRI",CC BY 3.0,eval,Prostate3T-01-0014
data/out_of_scope/cat2_nonbrain_medical/pelvic_mri/Prostate3T-01-0014_010.png,cat2_nonbrain_medical,pelvic_mri,"TCIA Prostate-3T, axial T2 pelvic MRI",CC BY 3.0,eval,Prostate3T-01-0014
data/out_of_scope/cat2_nonbrain_medical/pelvic_mri/Prostate3T-01-0014_012.png,cat2_nonbrain_medical,pelvic_mri,"TCIA Prostate-3T, axial T2 pelvic MRI",CC BY 3.0,eval,Prostate3T-01-0014
data/out_of_scope/cat2_nonbrain_medical/pelvic_mri/Prostate3T-01-0014_014.png,cat2_nonbrain_medical,pelvic_mri,"TCIA Prostate-3T, axial T2 pelvic MRI",CC BY 3.0,eval,Prostate3T-01-0014
data/out_of_scope/cat2_nonbrain_medical/extremity_mri/STS_009_016.png,cat2_nonbrain_medical,extremity_mri,"TCIA Soft-tissue-Sarcoma, axial MRI of limbs",CC BY 3.0,eval,STS_009
data/out_of_scope/cat2_nonbrain_medical/extremity_mri/STS_009_022.png,cat2_nonbrain_medical,extremity_mri,"TCIA Soft-tissue-Sarcoma, axial MRI of limbs",CC BY 3.0,eval,STS_009
data/out_of_scope/cat2_nonbrain_medical/extremity_mri/STS_009_028.png,cat2_nonbrain_medical,extremity_mri,"TCIA Soft-tissue-Sarcoma, axial MRI of limbs",CC BY 3.0,eval,STS_009
data/out_of_scope/cat2_nonbrain_medical/extremity_mri/STS_009_034.png,cat2_nonbrain_medical,extremity_mri,"TCIA Soft-tissue-Sarcoma, axial MRI of limbs",CC BY 3.0,eval,STS_009
data/out_of_scope/cat2_nonbrain_medical/extremity_mri/STS_009_040.png,cat2_nonbrain_medical,extremity_mri,"TCIA Soft-tissue-Sarcoma, axial MRI of limbs",CC BY 3.0,eval,STS_009
data/out_of_scope/cat2_nonbrain_medical/extremity_mri/STS_009_047.png,cat2_nonbrain_medical,extremity_mri,"TCIA Soft-tissue-Sarcoma, axial MRI of limbs",CC BY 3.0,eval,STS_009
data/out_of_scope/cat2_nonbrain_medical/extremity_mri/STS_010_012.png,cat2_nonbrain_medical,extremity_mri,"TCIA Soft-tissue-Sarcoma, axial MRI of limbs",CC BY 3.0,eval,STS_010
data/out_of_scope/cat2_nonbrain_medical/extremity_mri/STS_010_016.png,cat2_nonbrain_medical,extremity_mri,"TCIA Soft-tissue-Sarcoma, axial MRI of limbs",CC BY 3.0,eval,STS_010
data/out_of_scope/cat2_nonbrain_medical/extremity_mri/STS_010_021.png,cat2_nonbrain_medical,extremity_mri,"TCIA Soft-tissue-Sarcoma, axial MRI of limbs",CC BY 3.0,eval,STS_010
data/out_of_scope/cat2_nonbrain_medical/extremity_mri/STS_010_025.png,cat2_nonbrain_medical,extremity_mri,"TCIA Soft-tissue-Sarcoma, axial MRI of limbs",CC BY 3.0,eval,STS_010
data/out_of_scope/cat2_nonbrain_medical/extremity_mri/STS_010_030.png,cat2_nonbrain_medical,extremity_mri,"TCIA Soft-tissue-Sarcoma, axial MRI of limbs",CC BY 3.0,eval,STS_010
data/out_of_scope/cat2_nonbrain_medical/extremity_mri/STS_010_035.png,cat2_nonbrain_medical,extremity_mri,"TCIA Soft-tissue-Sarcoma, axial MRI of limbs",CC BY 3.0,eval,STS_010
data/out_of_scope/cat2_nonbrain_medical/extremity_mri/STS_014_013.png,cat2_nonbrain_medical,extremity_mri,"TCIA Soft-tissue-Sarcoma, axial MRI of limbs",CC BY 3.0,eval,STS_014
data/out_of_scope/cat2_nonbrain_medical/extremity_mri/STS_014_018.png,cat2_nonbrain_medical,extremity_mri,"TCIA Soft-tissue-Sarcoma, axial MRI of limbs",CC BY 3.0,eval,STS_014
data/out_of_scope/cat2_nonbrain_medical/extremity_mri/STS_014_023.png,cat2_nonbrain_medical,extremity_mri,"TCIA Soft-tissue-Sarcoma, axial MRI of limbs",CC BY 3.0,eval,STS_014
data/out_of_scope/cat2_nonbrain_medical/extremity_mri/STS_014_028.png,cat2_nonbrain_medical,extremity_mri,"TCIA Soft-tissue-Sarcoma, axial MRI of limbs",CC BY 3.0,eval,STS_014
data/out_of_scope/cat2_nonbrain_medical/extremity_mri/STS_014_033.png,cat2_nonbrain_medical,extremity_mri,"TCIA Soft-tissue-Sarcoma, axial MRI of limbs",CC BY 3.0,eval,STS_014
data/out_of_scope/cat2_nonbrain_medical/extremity_mri/STS_014_039.png,cat2_nonbrain_medical,extremity_mri,"TCIA Soft-tissue-Sarcoma, axial MRI of limbs",CC BY 3.0,eval,STS_014
data/out_of_scope/cat2_nonbrain_medical/extremity_mri/STS_016_005.png,cat2_nonbrain_medical,extremity_mri,"TCIA Soft-tissue-Sarcoma, axial MRI of limbs",CC BY 3.0,eval,STS_016
data/out_of_scope/cat2_nonbrain_medical/extremity_mri/STS_016_006.png,cat2_nonbrain_medical,extremity_mri,"TCIA Soft-tissue-Sarcoma, axial MRI of limbs",CC BY 3.0,eval,STS_016
data/out_of_scope/cat2_nonbrain_medical/extremity_mri/STS_016_008.png,cat2_nonbrain_medical,extremity_mri,"TCIA Soft-tissue-Sarcoma, axial MRI of limbs",CC BY 3.0,eval,STS_016
data/out_of_scope/cat2_nonbrain_medical/extremity_mri/STS_016_010.png,cat2_nonbrain_medical,extremity_mri,"TCIA Soft-tissue-Sarcoma, axial MRI of limbs",CC BY 3.0,eval,STS_016
data/out_of_scope/cat2_nonbrain_medical/extremity_mri/STS_016_012.png,cat2_nonbrain_medical,extremity_mri,"TCIA Soft-tissue-Sarcoma, axial MRI of limbs",CC BY 3.0,eval,STS_016
data/out_of_scope/cat2_nonbrain_medical/extremity_mri/STS_016_014.png,cat2_nonbrain_medical,extremity_mri,"TCIA Soft-tissue-Sarcoma, axial MRI of limbs",CC BY 3.0,eval,STS_016
data/out_of_scope/cat2_nonbrain_medical/extremity_mri/STS_028_009.png,cat2_nonbrain_medical,extremity_mri,"TCIA Soft-tissue-Sarcoma, axial MRI of limbs",CC BY 3.0,eval,STS_028
data/out_of_scope/cat2_nonbrain_medical/extremity_mri/STS_028_012.png,cat2_nonbrain_medical,extremity_mri,"TCIA Soft-tissue-Sarcoma, axial MRI of limbs",CC BY 3.0,eval,STS_028
data/out_of_scope/cat2_nonbrain_medical/extremity_mri/STS_028_016.png,cat2_nonbrain_medical,extremity_mri,"TCIA Soft-tissue-Sarcoma, axial MRI of limbs",CC BY 3.0,eval,STS_028
data/out_of_scope/cat2_nonbrain_medical/extremity_mri/STS_028_019.png,cat2_nonbrain_medical,extremity_mri,"TCIA Soft-tissue-Sarcoma, axial MRI of limbs",CC BY 3.0,eval,STS_028
data/out_of_scope/cat2_nonbrain_medical/extremity_mri/STS_028_023.png,cat2_nonbrain_medical,extremity_mri,"TCIA Soft-tissue-Sarcoma, axial MRI of limbs",CC BY 3.0,eval,STS_028
data/out_of_scope/cat2_nonbrain_medical/extremity_mri/STS_028_027.png,cat2_nonbrain_medical,extremity_mri,"TCIA Soft-tissue-Sarcoma, axial MRI of limbs",CC BY 3.0,eval,STS_028
data/out_of_scope/cat2_nonbrain_medical/extremity_mri/STS_031_009.png,cat2_nonbrain_medical,extremity_mri,"TCIA Soft-tissue-Sarcoma, axial MRI of limbs",CC BY 3.0,fit,STS_031
data/out_of_scope/cat2_nonbrain_medical/extremity_mri/STS_031_012.png,cat2_nonbrain_medical,extremity_mri,"TCIA Soft-tissue-Sarcoma, axial MRI of limbs",CC BY 3.0,fit,STS_031
data/out_of_scope/cat2_nonbrain_medical/extremity_mri/STS_031_015.png,cat2_nonbrain_medical,extremity_mri,"TCIA Soft-tissue-Sarcoma, axial MRI of limbs",CC BY 3.0,fit,STS_031
data/out_of_scope/cat2_nonbrain_medical/extremity_mri/STS_031_019.png,cat2_nonbrain_medical,extremity_mri,"TCIA Soft-tissue-Sarcoma, axial MRI of limbs",CC BY 3.0,fit,STS_031
data/out_of_scope/cat2_nonbrain_medical/extremity_mri/STS_031_022.png,cat2_nonbrain_medical,extremity_mri,"TCIA Soft-tissue-Sarcoma, axial MRI of limbs",CC BY 3.0,fit,STS_031
data/out_of_scope/cat2_nonbrain_medical/extremity_mri/STS_031_026.png,cat2_nonbrain_medical,extremity_mri,"TCIA Soft-tissue-Sarcoma, axial MRI of limbs",CC BY 3.0,fit,STS_031
data/out_of_scope/cat2_nonbrain_medical/extremity_mri/STS_032_006.png,cat2_nonbrain_medical,extremity_mri,"TCIA Soft-tissue-Sarcoma, axial MRI of limbs",CC BY 3.0,fit,STS_032
data/out_of_scope/cat2_nonbrain_medical/extremity_mri/STS_032_008.png,cat2_nonbrain_medical,extremity_mri,"TCIA Soft-tissue-Sarcoma, axial MRI of limbs",CC BY 3.0,fit,STS_032
data/out_of_scope/cat2_nonbrain_medical/extremity_mri/STS_032_010.png,cat2_nonbrain_medical,extremity_mri,"TCIA Soft-tissue-Sarcoma, axial MRI of limbs",CC BY 3.0,fit,STS_032
data/out_of_scope/cat2_nonbrain_medical/extremity_mri/STS_032_012.png,cat2_nonbrain_medical,extremity_mri,"TCIA Soft-tissue-Sarcoma, axial MRI of limbs",CC BY 3.0,fit,STS_032
data/out_of_scope/cat2_nonbrain_medical/extremity_mri/STS_032_014.png,cat2_nonbrain_medical,extremity_mri,"TCIA Soft-tissue-Sarcoma, axial MRI of limbs",CC BY 3.0,fit,STS_032
data/out_of_scope/cat2_nonbrain_medical/extremity_mri/STS_032_017.png,cat2_nonbrain_medical,extremity_mri,"TCIA Soft-tissue-Sarcoma, axial MRI of limbs",CC BY 3.0,fit,STS_032
data/out_of_scope/cat2_nonbrain_medical/extremity_mri/STS_036_011.png,cat2_nonbrain_medical,extremity_mri,"TCIA Soft-tissue-Sarcoma, axial MRI of limbs",CC BY 3.0,fit,STS_036
data/out_of_scope/cat2_nonbrain_medical/extremity_mri/STS_036_015.png,cat2_nonbrain_medical,extremity_mri,"TCIA Soft-tissue-Sarcoma, axial MRI of limbs",CC BY 3.0,fit,STS_036
data/out_of_scope/cat2_nonbrain_medical/extremity_mri/STS_036_019.png,cat2_nonbrain_medical,extremity_mri,"TCIA Soft-tissue-Sarcoma, axial MRI of limbs",CC BY 3.0,fit,STS_036
data/out_of_scope/cat2_nonbrain_medical/extremity_mri/STS_036_023.png,cat2_nonbrain_medical,extremity_mri,"TCIA Soft-tissue-Sarcoma, axial MRI of limbs",CC BY 3.0,fit,STS_036
data/out_of_scope/cat2_nonbrain_medical/extremity_mri/STS_036_027.png,cat2_nonbrain_medical,extremity_mri,"TCIA Soft-tissue-Sarcoma, axial MRI of limbs",CC BY 3.0,fit,STS_036
data/out_of_scope/cat2_nonbrain_medical/extremity_mri/STS_036_032.png,cat2_nonbrain_medical,extremity_mri,"TCIA Soft-tissue-Sarcoma, axial MRI of limbs",CC BY 3.0,fit,STS_036
data/out_of_scope/cat2_nonbrain_medical/extremity_mri/STS_040_006.png,cat2_nonbrain_medical,extremity_mri,"TCIA Soft-tissue-Sarcoma, axial MRI of limbs",CC BY 3.0,fit,STS_040
data/out_of_scope/cat2_nonbrain_medical/extremity_mri/STS_040_008.png,cat2_nonbrain_medical,extremity_mri,"TCIA Soft-tissue-Sarcoma, axial MRI of limbs",CC BY 3.0,fit,STS_040
data/out_of_scope/cat2_nonbrain_medical/extremity_mri/STS_040_010.png,cat2_nonbrain_medical,extremity_mri,"TCIA Soft-tissue-Sarcoma, axial MRI of limbs",CC BY 3.0,fit,STS_040
data/out_of_scope/cat2_nonbrain_medical/extremity_mri/STS_040_012.png,cat2_nonbrain_medical,extremity_mri,"TCIA Soft-tissue-Sarcoma, axial MRI of limbs",CC BY 3.0,fit,STS_040
data/out_of_scope/cat2_nonbrain_medical/extremity_mri/STS_040_014.png,cat2_nonbrain_medical,extremity_mri,"TCIA Soft-tissue-Sarcoma, axial MRI of limbs",CC BY 3.0,fit,STS_040
data/out_of_scope/cat2_nonbrain_medical/extremity_mri/STS_040_017.png,cat2_nonbrain_medical,extremity_mri,"TCIA Soft-tissue-Sarcoma, axial MRI of limbs",CC BY 3.0,fit,STS_040
data/out_of_scope/cat2_nonbrain_medical/extremity_mri/STS_043_007.png,cat2_nonbrain_medical,extremity_mri,"TCIA Soft-tissue-Sarcoma, axial MRI of limbs",CC BY 3.0,fit,STS_043
data/out_of_scope/cat2_nonbrain_medical/extremity_mri/STS_043_009.png,cat2_nonbrain_medical,extremity_mri,"TCIA Soft-tissue-Sarcoma, axial MRI of limbs",CC BY 3.0,fit,STS_043
data/out_of_scope/cat2_nonbrain_medical/extremity_mri/STS_043_012.png,cat2_nonbrain_medical,extremity_mri,"TCIA Soft-tissue-Sarcoma, axial MRI of limbs",CC BY 3.0,fit,STS_043
data/out_of_scope/cat2_nonbrain_medical/extremity_mri/STS_043_015.png,cat2_nonbrain_medical,extremity_mri,"TCIA Soft-tissue-Sarcoma, axial MRI of limbs",CC BY 3.0,fit,STS_043
data/out_of_scope/cat2_nonbrain_medical/extremity_mri/STS_043_018.png,cat2_nonbrain_medical,extremity_mri,"TCIA Soft-tissue-Sarcoma, axial MRI of limbs",CC BY 3.0,fit,STS_043
data/out_of_scope/cat2_nonbrain_medical/extremity_mri/STS_043_021.png,cat2_nonbrain_medical,extremity_mri,"TCIA Soft-tissue-Sarcoma, axial MRI of limbs",CC BY 3.0,fit,STS_043
data/out_of_scope/cat2_nonbrain_medical/extremity_mri/STS_045_011.png,cat2_nonbrain_medical,extremity_mri,"TCIA Soft-tissue-Sarcoma, axial MRI of limbs",CC BY 3.0,eval,STS_045
data/out_of_scope/cat2_nonbrain_medical/extremity_mri/STS_045_015.png,cat2_nonbrain_medical,extremity_mri,"TCIA Soft-tissue-Sarcoma, axial MRI of limbs",CC BY 3.0,eval,STS_045
data/out_of_scope/cat2_nonbrain_medical/extremity_mri/STS_045_019.png,cat2_nonbrain_medical,extremity_mri,"TCIA Soft-tissue-Sarcoma, axial MRI of limbs",CC BY 3.0,eval,STS_045
data/out_of_scope/cat2_nonbrain_medical/extremity_mri/STS_045_023.png,cat2_nonbrain_medical,extremity_mri,"TCIA Soft-tissue-Sarcoma, axial MRI of limbs",CC BY 3.0,eval,STS_045
data/out_of_scope/cat2_nonbrain_medical/extremity_mri/STS_045_027.png,cat2_nonbrain_medical,extremity_mri,"TCIA Soft-tissue-Sarcoma, axial MRI of limbs",CC BY 3.0,eval,STS_045
data/out_of_scope/cat2_nonbrain_medical/extremity_mri/STS_045_032.png,cat2_nonbrain_medical,extremity_mri,"TCIA Soft-tissue-Sarcoma, axial MRI of limbs",CC BY 3.0,eval,STS_045
data/out_of_scope/cat2_nonbrain_medical/extremity_mri/STS_048_008.png,cat2_nonbrain_medical,extremity_mri,"TCIA Soft-tissue-Sarcoma, axial MRI of limbs",CC BY 3.0,fit,STS_048
data/out_of_scope/cat2_nonbrain_medical/extremity_mri/STS_048_011.png,cat2_nonbrain_medical,extremity_mri,"TCIA Soft-tissue-Sarcoma, axial MRI of limbs",CC BY 3.0,fit,STS_048
data/out_of_scope/cat2_nonbrain_medical/extremity_mri/STS_048_014.png,cat2_nonbrain_medical,extremity_mri,"TCIA Soft-tissue-Sarcoma, axial MRI of limbs",CC BY 3.0,fit,STS_048
data/out_of_scope/cat2_nonbrain_medical/extremity_mri/STS_048_017.png,cat2_nonbrain_medical,extremity_mri,"TCIA Soft-tissue-Sarcoma, axial MRI of limbs",CC BY 3.0,fit,STS_048
data/out_of_scope/cat2_nonbrain_medical/extremity_mri/STS_048_020.png,cat2_nonbrain_medical,extremity_mri,"TCIA Soft-tissue-Sarcoma, axial MRI of limbs",CC BY 3.0,fit,STS_048
data/out_of_scope/cat2_nonbrain_medical/extremity_mri/STS_048_023.png,cat2_nonbrain_medical,extremity_mri,"TCIA Soft-tissue-Sarcoma, axial MRI of limbs",CC BY 3.0,fit,STS_048
data/out_of_scope/cat3_nonmedical/document/document_0000.png,cat3_nonmedical,document,"generated in software, pages of printed text","n/a, generated",fit,
data/out_of_scope/cat3_nonmedical/document/document_0001.png,cat3_nonmedical,document,"generated in software, pages of printed text","n/a, generated",eval,
data/out_of_scope/cat3_nonmedical/document/document_0002.png,cat3_nonmedical,document,"generated in software, pages of printed text","n/a, generated",fit,
data/out_of_scope/cat3_nonmedical/document/document_0003.png,cat3_nonmedical,document,"generated in software, pages of printed text","n/a, generated",eval,
data/out_of_scope/cat3_nonmedical/document/document_0004.png,cat3_nonmedical,document,"generated in software, pages of printed text","n/a, generated",fit,
data/out_of_scope/cat3_nonmedical/document/document_0005.png,cat3_nonmedical,document,"generated in software, pages of printed text","n/a, generated",eval,
data/out_of_scope/cat3_nonmedical/document/document_0006.png,cat3_nonmedical,document,"generated in software, pages of printed text","n/a, generated",fit,
data/out_of_scope/cat3_nonmedical/document/document_0007.png,cat3_nonmedical,document,"generated in software, pages of printed text","n/a, generated",eval,
data/out_of_scope/cat3_nonmedical/document/document_0008.png,cat3_nonmedical,document,"generated in software, pages of printed text","n/a, generated",fit,
data/out_of_scope/cat3_nonmedical/document/document_0009.png,cat3_nonmedical,document,"generated in software, pages of printed text","n/a, generated",eval,
data/out_of_scope/cat3_nonmedical/document/document_0010.png,cat3_nonmedical,document,"generated in software, pages of printed text","n/a, generated",fit,
data/out_of_scope/cat3_nonmedical/document/document_0011.png,cat3_nonmedical,document,"generated in software, pages of printed text","n/a, generated",eval,
data/out_of_scope/cat3_nonmedical/document/document_0012.png,cat3_nonmedical,document,"generated in software, pages of printed text","n/a, generated",fit,
data/out_of_scope/cat3_nonmedical/document/document_0013.png,cat3_nonmedical,document,"generated in software, pages of printed text","n/a, generated",eval,
data/out_of_scope/cat3_nonmedical/document/document_0014.png,cat3_nonmedical,document,"generated in software, pages of printed text","n/a, generated",fit,
data/out_of_scope/cat3_nonmedical/document/document_0015.png,cat3_nonmedical,document,"generated in software, pages of printed text","n/a, generated",eval,
data/out_of_scope/cat3_nonmedical/document/document_0016.png,cat3_nonmedical,document,"generated in software, pages of printed text","n/a, generated",fit,
data/out_of_scope/cat3_nonmedical/document/document_0017.png,cat3_nonmedical,document,"generated in software, pages of printed text","n/a, generated",eval,
data/out_of_scope/cat3_nonmedical/document/document_0018.png,cat3_nonmedical,document,"generated in software, pages of printed text","n/a, generated",fit,
data/out_of_scope/cat3_nonmedical/document/document_0019.png,cat3_nonmedical,document,"generated in software, pages of printed text","n/a, generated",eval,
data/out_of_scope/cat3_nonmedical/document/document_0020.png,cat3_nonmedical,document,"generated in software, pages of printed text","n/a, generated",fit,
data/out_of_scope/cat3_nonmedical/document/document_0021.png,cat3_nonmedical,document,"generated in software, pages of printed text","n/a, generated",eval,
data/out_of_scope/cat3_nonmedical/document/document_0022.png,cat3_nonmedical,document,"generated in software, pages of printed text","n/a, generated",fit,
data/out_of_scope/cat3_nonmedical/document/document_0023.png,cat3_nonmedical,document,"generated in software, pages of printed text","n/a, generated",eval,
data/out_of_scope/cat3_nonmedical/document/document_0024.png,cat3_nonmedical,document,"generated in software, pages of printed text","n/a, generated",fit,
data/out_of_scope/cat3_nonmedical/document/document_0025.png,cat3_nonmedical,document,"generated in software, pages of printed text","n/a, generated",eval,
data/out_of_scope/cat3_nonmedical/document/document_0026.png,cat3_nonmedical,document,"generated in software, pages of printed text","n/a, generated",fit,
data/out_of_scope/cat3_nonmedical/document/document_0027.png,cat3_nonmedical,document,"generated in software, pages of printed text","n/a, generated",eval,
data/out_of_scope/cat3_nonmedical/document/document_0028.png,cat3_nonmedical,document,"generated in software, pages of printed text","n/a, generated",fit,
data/out_of_scope/cat3_nonmedical/document/document_0029.png,cat3_nonmedical,document,"generated in software, pages of printed text","n/a, generated",eval,
data/out_of_scope/cat3_nonmedical/document/document_0030.png,cat3_nonmedical,document,"generated in software, pages of printed text","n/a, generated",fit,
data/out_of_scope/cat3_nonmedical/document/document_0031.png,cat3_nonmedical,document,"generated in software, pages of printed text","n/a, generated",eval,
data/out_of_scope/cat3_nonmedical/document/document_0032.png,cat3_nonmedical,document,"generated in software, pages of printed text","n/a, generated",fit,
data/out_of_scope/cat3_nonmedical/document/document_0033.png,cat3_nonmedical,document,"generated in software, pages of printed text","n/a, generated",eval,
data/out_of_scope/cat3_nonmedical/document/document_0034.png,cat3_nonmedical,document,"generated in software, pages of printed text","n/a, generated",fit,
data/out_of_scope/cat3_nonmedical/document/document_0035.png,cat3_nonmedical,document,"generated in software, pages of printed text","n/a, generated",eval,
data/out_of_scope/cat3_nonmedical/document/document_0036.png,cat3_nonmedical,document,"generated in software, pages of printed text","n/a, generated",fit,
data/out_of_scope/cat3_nonmedical/document/document_0037.png,cat3_nonmedical,document,"generated in software, pages of printed text","n/a, generated",eval,
data/out_of_scope/cat3_nonmedical/document/document_0038.png,cat3_nonmedical,document,"generated in software, pages of printed text","n/a, generated",fit,
data/out_of_scope/cat3_nonmedical/document/document_0039.png,cat3_nonmedical,document,"generated in software, pages of printed text","n/a, generated",eval,
data/out_of_scope/cat3_nonmedical/document/document_0040.png,cat3_nonmedical,document,"generated in software, pages of printed text","n/a, generated",fit,
data/out_of_scope/cat3_nonmedical/document/document_0041.png,cat3_nonmedical,document,"generated in software, pages of printed text","n/a, generated",eval,
data/out_of_scope/cat3_nonmedical/document/document_0042.png,cat3_nonmedical,document,"generated in software, pages of printed text","n/a, generated",fit,
data/out_of_scope/cat3_nonmedical/document/document_0043.png,cat3_nonmedical,document,"generated in software, pages of printed text","n/a, generated",eval,
data/out_of_scope/cat3_nonmedical/document/document_0044.png,cat3_nonmedical,document,"generated in software, pages of printed text","n/a, generated",fit,
data/out_of_scope/cat3_nonmedical/document/document_0045.png,cat3_nonmedical,document,"generated in software, pages of printed text","n/a, generated",eval,
data/out_of_scope/cat3_nonmedical/document/document_0046.png,cat3_nonmedical,document,"generated in software, pages of printed text","n/a, generated",fit,
data/out_of_scope/cat3_nonmedical/document/document_0047.png,cat3_nonmedical,document,"generated in software, pages of printed text","n/a, generated",eval,
data/out_of_scope/cat3_nonmedical/document/document_0048.png,cat3_nonmedical,document,"generated in software, pages of printed text","n/a, generated",fit,
data/out_of_scope/cat3_nonmedical/document/document_0049.png,cat3_nonmedical,document,"generated in software, pages of printed text","n/a, generated",eval,
data/out_of_scope/cat3_nonmedical/document/document_0050.png,cat3_nonmedical,document,"generated in software, pages of printed text","n/a, generated",fit,
data/out_of_scope/cat3_nonmedical/document/document_0051.png,cat3_nonmedical,document,"generated in software, pages of printed text","n/a, generated",eval,
data/out_of_scope/cat3_nonmedical/document/document_0052.png,cat3_nonmedical,document,"generated in software, pages of printed text","n/a, generated",fit,
data/out_of_scope/cat3_nonmedical/document/document_0053.png,cat3_nonmedical,document,"generated in software, pages of printed text","n/a, generated",eval,
data/out_of_scope/cat3_nonmedical/document/document_0054.png,cat3_nonmedical,document,"generated in software, pages of printed text","n/a, generated",fit,
data/out_of_scope/cat3_nonmedical/document/document_0055.png,cat3_nonmedical,document,"generated in software, pages of printed text","n/a, generated",eval,
data/out_of_scope/cat3_nonmedical/document/document_0056.png,cat3_nonmedical,document,"generated in software, pages of printed text","n/a, generated",fit,
data/out_of_scope/cat3_nonmedical/document/document_0057.png,cat3_nonmedical,document,"generated in software, pages of printed text","n/a, generated",eval,
data/out_of_scope/cat3_nonmedical/document/document_0058.png,cat3_nonmedical,document,"generated in software, pages of printed text","n/a, generated",fit,
data/out_of_scope/cat3_nonmedical/document/document_0059.png,cat3_nonmedical,document,"generated in software, pages of printed text","n/a, generated",eval,
data/out_of_scope/cat3_nonmedical/document/document_0060.png,cat3_nonmedical,document,"generated in software, pages of printed text","n/a, generated",fit,
data/out_of_scope/cat3_nonmedical/document/document_0061.png,cat3_nonmedical,document,"generated in software, pages of printed text","n/a, generated",eval,
data/out_of_scope/cat3_nonmedical/document/document_0062.png,cat3_nonmedical,document,"generated in software, pages of printed text","n/a, generated",fit,
data/out_of_scope/cat3_nonmedical/document/document_0063.png,cat3_nonmedical,document,"generated in software, pages of printed text","n/a, generated",eval,
data/out_of_scope/cat3_nonmedical/document/document_0064.png,cat3_nonmedical,document,"generated in software, pages of printed text","n/a, generated",fit,
data/out_of_scope/cat3_nonmedical/document/document_0065.png,cat3_nonmedical,document,"generated in software, pages of printed text","n/a, generated",eval,
data/out_of_scope/cat3_nonmedical/document/document_0066.png,cat3_nonmedical,document,"generated in software, pages of printed text","n/a, generated",fit,
data/out_of_scope/cat3_nonmedical/document/document_0067.png,cat3_nonmedical,document,"generated in software, pages of printed text","n/a, generated",eval,
data/out_of_scope/cat3_nonmedical/document/document_0068.png,cat3_nonmedical,document,"generated in software, pages of printed text","n/a, generated",fit,
data/out_of_scope/cat3_nonmedical/document/document_0069.png,cat3_nonmedical,document,"generated in software, pages of printed text","n/a, generated",eval,
data/out_of_scope/cat3_nonmedical/document/document_0070.png,cat3_nonmedical,document,"generated in software, pages of printed text","n/a, generated",fit,
data/out_of_scope/cat3_nonmedical/document/document_0071.png,cat3_nonmedical,document,"generated in software, pages of printed text","n/a, generated",eval,
data/out_of_scope/cat3_nonmedical/document/document_0072.png,cat3_nonmedical,document,"generated in software, pages of printed text","n/a, generated",fit,
data/out_of_scope/cat3_nonmedical/document/document_0073.png,cat3_nonmedical,document,"generated in software, pages of printed text","n/a, generated",eval,
data/out_of_scope/cat3_nonmedical/document/document_0074.png,cat3_nonmedical,document,"generated in software, pages of printed text","n/a, generated",fit,
data/out_of_scope/cat3_nonmedical/document/document_0075.png,cat3_nonmedical,document,"generated in software, pages of printed text","n/a, generated",eval,
data/out_of_scope/cat3_nonmedical/document/document_0076.png,cat3_nonmedical,document,"generated in software, pages of printed text","n/a, generated",fit,
data/out_of_scope/cat3_nonmedical/document/document_0077.png,cat3_nonmedical,document,"generated in software, pages of printed text","n/a, generated",eval,
data/out_of_scope/cat3_nonmedical/document/document_0078.png,cat3_nonmedical,document,"generated in software, pages of printed text","n/a, generated",fit,
data/out_of_scope/cat3_nonmedical/document/document_0079.png,cat3_nonmedical,document,"generated in software, pages of printed text","n/a, generated",eval,
data/out_of_scope/cat3_nonmedical/document/document_0080.png,cat3_nonmedical,document,"generated in software, pages of printed text","n/a, generated",fit,
data/out_of_scope/cat3_nonmedical/document/document_0081.png,cat3_nonmedical,document,"generated in software, pages of printed text","n/a, generated",eval,
data/out_of_scope/cat3_nonmedical/document/document_0082.png,cat3_nonmedical,document,"generated in software, pages of printed text","n/a, generated",fit,
data/out_of_scope/cat3_nonmedical/document/document_0083.png,cat3_nonmedical,document,"generated in software, pages of printed text","n/a, generated",eval,
data/out_of_scope/cat3_nonmedical/document/document_0084.png,cat3_nonmedical,document,"generated in software, pages of printed text","n/a, generated",fit,
data/out_of_scope/cat3_nonmedical/document/document_0085.png,cat3_nonmedical,document,"generated in software, pages of printed text","n/a, generated",eval,
data/out_of_scope/cat3_nonmedical/document/document_0086.png,cat3_nonmedical,document,"generated in software, pages of printed text","n/a, generated",fit,
data/out_of_scope/cat3_nonmedical/document/document_0087.png,cat3_nonmedical,document,"generated in software, pages of printed text","n/a, generated",eval,
data/out_of_scope/cat3_nonmedical/document/document_0088.png,cat3_nonmedical,document,"generated in software, pages of printed text","n/a, generated",fit,
data/out_of_scope/cat3_nonmedical/document/document_0089.png,cat3_nonmedical,document,"generated in software, pages of printed text","n/a, generated",eval,
data/out_of_scope/cat3_nonmedical/document/document_0090.png,cat3_nonmedical,document,"generated in software, pages of printed text","n/a, generated",fit,
data/out_of_scope/cat3_nonmedical/document/document_0091.png,cat3_nonmedical,document,"generated in software, pages of printed text","n/a, generated",eval,
data/out_of_scope/cat3_nonmedical/document/document_0092.png,cat3_nonmedical,document,"generated in software, pages of printed text","n/a, generated",fit,
data/out_of_scope/cat3_nonmedical/document/document_0093.png,cat3_nonmedical,document,"generated in software, pages of printed text","n/a, generated",eval,
data/out_of_scope/cat3_nonmedical/document/document_0094.png,cat3_nonmedical,document,"generated in software, pages of printed text","n/a, generated",fit,
data/out_of_scope/cat3_nonmedical/document/document_0095.png,cat3_nonmedical,document,"generated in software, pages of printed text","n/a, generated",eval,
data/out_of_scope/cat3_nonmedical/document/document_0096.png,cat3_nonmedical,document,"generated in software, pages of printed text","n/a, generated",fit,
data/out_of_scope/cat3_nonmedical/document/document_0097.png,cat3_nonmedical,document,"generated in software, pages of printed text","n/a, generated",eval,
data/out_of_scope/cat3_nonmedical/document/document_0098.png,cat3_nonmedical,document,"generated in software, pages of printed text","n/a, generated",fit,
data/out_of_scope/cat3_nonmedical/document/document_0099.png,cat3_nonmedical,document,"generated in software, pages of printed text","n/a, generated",eval,
data/out_of_scope/cat3_nonmedical/document/document_0100.png,cat3_nonmedical,document,"generated in software, pages of printed text","n/a, generated",fit,
data/out_of_scope/cat3_nonmedical/document/document_0101.png,cat3_nonmedical,document,"generated in software, pages of printed text","n/a, generated",eval,
data/out_of_scope/cat3_nonmedical/document/document_0102.png,cat3_nonmedical,document,"generated in software, pages of printed text","n/a, generated",fit,
data/out_of_scope/cat3_nonmedical/document/document_0103.png,cat3_nonmedical,document,"generated in software, pages of printed text","n/a, generated",eval,
data/out_of_scope/cat3_nonmedical/document/document_0104.png,cat3_nonmedical,document,"generated in software, pages of printed text","n/a, generated",fit,
data/out_of_scope/cat3_nonmedical/document/document_0105.png,cat3_nonmedical,document,"generated in software, pages of printed text","n/a, generated",eval,
data/out_of_scope/cat3_nonmedical/document/document_0106.png,cat3_nonmedical,document,"generated in software, pages of printed text","n/a, generated",fit,
data/out_of_scope/cat3_nonmedical/document/document_0107.png,cat3_nonmedical,document,"generated in software, pages of printed text","n/a, generated",eval,
data/out_of_scope/cat3_nonmedical/document/document_0108.png,cat3_nonmedical,document,"generated in software, pages of printed text","n/a, generated",fit,
data/out_of_scope/cat3_nonmedical/document/document_0109.png,cat3_nonmedical,document,"generated in software, pages of printed text","n/a, generated",eval,
data/out_of_scope/cat3_nonmedical/document/document_0110.png,cat3_nonmedical,document,"generated in software, pages of printed text","n/a, generated",fit,
data/out_of_scope/cat3_nonmedical/document/document_0111.png,cat3_nonmedical,document,"generated in software, pages of printed text","n/a, generated",eval,
data/out_of_scope/cat3_nonmedical/document/document_0112.png,cat3_nonmedical,document,"generated in software, pages of printed text","n/a, generated",fit,
data/out_of_scope/cat3_nonmedical/document/document_0113.png,cat3_nonmedical,document,"generated in software, pages of printed text","n/a, generated",eval,
data/out_of_scope/cat3_nonmedical/document/document_0114.png,cat3_nonmedical,document,"generated in software, pages of printed text","n/a, generated",fit,
data/out_of_scope/cat3_nonmedical/document/document_0115.png,cat3_nonmedical,document,"generated in software, pages of printed text","n/a, generated",eval,
data/out_of_scope/cat3_nonmedical/document/document_0116.png,cat3_nonmedical,document,"generated in software, pages of printed text","n/a, generated",fit,
data/out_of_scope/cat3_nonmedical/document/document_0117.png,cat3_nonmedical,document,"generated in software, pages of printed text","n/a, generated",eval,
data/out_of_scope/cat3_nonmedical/document/document_0118.png,cat3_nonmedical,document,"generated in software, pages of printed text","n/a, generated",fit,
data/out_of_scope/cat3_nonmedical/document/document_0119.png,cat3_nonmedical,document,"generated in software, pages of printed text","n/a, generated",eval,
data/out_of_scope/cat3_nonmedical/chart_screenshot/chart_0000.png,cat3_nonmedical,chart_screenshot,"generated in software, matplotlib figures","n/a, generated",fit,
data/out_of_scope/cat3_nonmedical/chart_screenshot/chart_0001.png,cat3_nonmedical,chart_screenshot,"generated in software, matplotlib figures","n/a, generated",eval,
data/out_of_scope/cat3_nonmedical/chart_screenshot/chart_0002.png,cat3_nonmedical,chart_screenshot,"generated in software, matplotlib figures","n/a, generated",fit,
data/out_of_scope/cat3_nonmedical/chart_screenshot/chart_0003.png,cat3_nonmedical,chart_screenshot,"generated in software, matplotlib figures","n/a, generated",eval,
data/out_of_scope/cat3_nonmedical/chart_screenshot/chart_0004.png,cat3_nonmedical,chart_screenshot,"generated in software, matplotlib figures","n/a, generated",fit,
data/out_of_scope/cat3_nonmedical/chart_screenshot/chart_0005.png,cat3_nonmedical,chart_screenshot,"generated in software, matplotlib figures","n/a, generated",eval,
data/out_of_scope/cat3_nonmedical/chart_screenshot/chart_0006.png,cat3_nonmedical,chart_screenshot,"generated in software, matplotlib figures","n/a, generated",fit,
data/out_of_scope/cat3_nonmedical/chart_screenshot/chart_0007.png,cat3_nonmedical,chart_screenshot,"generated in software, matplotlib figures","n/a, generated",eval,
data/out_of_scope/cat3_nonmedical/chart_screenshot/chart_0008.png,cat3_nonmedical,chart_screenshot,"generated in software, matplotlib figures","n/a, generated",fit,
data/out_of_scope/cat3_nonmedical/chart_screenshot/chart_0009.png,cat3_nonmedical,chart_screenshot,"generated in software, matplotlib figures","n/a, generated",eval,
data/out_of_scope/cat3_nonmedical/chart_screenshot/chart_0010.png,cat3_nonmedical,chart_screenshot,"generated in software, matplotlib figures","n/a, generated",fit,
data/out_of_scope/cat3_nonmedical/chart_screenshot/chart_0011.png,cat3_nonmedical,chart_screenshot,"generated in software, matplotlib figures","n/a, generated",eval,
data/out_of_scope/cat3_nonmedical/chart_screenshot/chart_0012.png,cat3_nonmedical,chart_screenshot,"generated in software, matplotlib figures","n/a, generated",fit,
data/out_of_scope/cat3_nonmedical/chart_screenshot/chart_0013.png,cat3_nonmedical,chart_screenshot,"generated in software, matplotlib figures","n/a, generated",eval,
data/out_of_scope/cat3_nonmedical/chart_screenshot/chart_0014.png,cat3_nonmedical,chart_screenshot,"generated in software, matplotlib figures","n/a, generated",fit,
data/out_of_scope/cat3_nonmedical/chart_screenshot/chart_0015.png,cat3_nonmedical,chart_screenshot,"generated in software, matplotlib figures","n/a, generated",eval,
data/out_of_scope/cat3_nonmedical/chart_screenshot/chart_0016.png,cat3_nonmedical,chart_screenshot,"generated in software, matplotlib figures","n/a, generated",fit,
data/out_of_scope/cat3_nonmedical/chart_screenshot/chart_0017.png,cat3_nonmedical,chart_screenshot,"generated in software, matplotlib figures","n/a, generated",eval,
data/out_of_scope/cat3_nonmedical/chart_screenshot/chart_0018.png,cat3_nonmedical,chart_screenshot,"generated in software, matplotlib figures","n/a, generated",fit,
data/out_of_scope/cat3_nonmedical/chart_screenshot/chart_0019.png,cat3_nonmedical,chart_screenshot,"generated in software, matplotlib figures","n/a, generated",eval,
data/out_of_scope/cat3_nonmedical/chart_screenshot/chart_0020.png,cat3_nonmedical,chart_screenshot,"generated in software, matplotlib figures","n/a, generated",fit,
data/out_of_scope/cat3_nonmedical/chart_screenshot/chart_0021.png,cat3_nonmedical,chart_screenshot,"generated in software, matplotlib figures","n/a, generated",eval,
data/out_of_scope/cat3_nonmedical/chart_screenshot/chart_0022.png,cat3_nonmedical,chart_screenshot,"generated in software, matplotlib figures","n/a, generated",fit,
data/out_of_scope/cat3_nonmedical/chart_screenshot/chart_0023.png,cat3_nonmedical,chart_screenshot,"generated in software, matplotlib figures","n/a, generated",eval,
data/out_of_scope/cat3_nonmedical/chart_screenshot/chart_0024.png,cat3_nonmedical,chart_screenshot,"generated in software, matplotlib figures","n/a, generated",fit,
data/out_of_scope/cat3_nonmedical/chart_screenshot/chart_0025.png,cat3_nonmedical,chart_screenshot,"generated in software, matplotlib figures","n/a, generated",eval,
data/out_of_scope/cat3_nonmedical/chart_screenshot/chart_0026.png,cat3_nonmedical,chart_screenshot,"generated in software, matplotlib figures","n/a, generated",fit,
data/out_of_scope/cat3_nonmedical/chart_screenshot/chart_0027.png,cat3_nonmedical,chart_screenshot,"generated in software, matplotlib figures","n/a, generated",eval,
data/out_of_scope/cat3_nonmedical/chart_screenshot/chart_0028.png,cat3_nonmedical,chart_screenshot,"generated in software, matplotlib figures","n/a, generated",fit,
data/out_of_scope/cat3_nonmedical/chart_screenshot/chart_0029.png,cat3_nonmedical,chart_screenshot,"generated in software, matplotlib figures","n/a, generated",eval,
data/out_of_scope/cat3_nonmedical/chart_screenshot/chart_0030.png,cat3_nonmedical,chart_screenshot,"generated in software, matplotlib figures","n/a, generated",fit,
data/out_of_scope/cat3_nonmedical/chart_screenshot/chart_0031.png,cat3_nonmedical,chart_screenshot,"generated in software, matplotlib figures","n/a, generated",eval,
data/out_of_scope/cat3_nonmedical/chart_screenshot/chart_0032.png,cat3_nonmedical,chart_screenshot,"generated in software, matplotlib figures","n/a, generated",fit,
data/out_of_scope/cat3_nonmedical/chart_screenshot/chart_0033.png,cat3_nonmedical,chart_screenshot,"generated in software, matplotlib figures","n/a, generated",eval,
data/out_of_scope/cat3_nonmedical/chart_screenshot/chart_0034.png,cat3_nonmedical,chart_screenshot,"generated in software, matplotlib figures","n/a, generated",fit,
data/out_of_scope/cat3_nonmedical/chart_screenshot/chart_0035.png,cat3_nonmedical,chart_screenshot,"generated in software, matplotlib figures","n/a, generated",eval,
data/out_of_scope/cat3_nonmedical/chart_screenshot/chart_0036.png,cat3_nonmedical,chart_screenshot,"generated in software, matplotlib figures","n/a, generated",fit,
data/out_of_scope/cat3_nonmedical/chart_screenshot/chart_0037.png,cat3_nonmedical,chart_screenshot,"generated in software, matplotlib figures","n/a, generated",eval,
data/out_of_scope/cat3_nonmedical/chart_screenshot/chart_0038.png,cat3_nonmedical,chart_screenshot,"generated in software, matplotlib figures","n/a, generated",fit,
data/out_of_scope/cat3_nonmedical/chart_screenshot/chart_0039.png,cat3_nonmedical,chart_screenshot,"generated in software, matplotlib figures","n/a, generated",eval,
data/out_of_scope/cat3_nonmedical/chart_screenshot/chart_0040.png,cat3_nonmedical,chart_screenshot,"generated in software, matplotlib figures","n/a, generated",fit,
data/out_of_scope/cat3_nonmedical/chart_screenshot/chart_0041.png,cat3_nonmedical,chart_screenshot,"generated in software, matplotlib figures","n/a, generated",eval,
data/out_of_scope/cat3_nonmedical/chart_screenshot/chart_0042.png,cat3_nonmedical,chart_screenshot,"generated in software, matplotlib figures","n/a, generated",fit,
data/out_of_scope/cat3_nonmedical/chart_screenshot/chart_0043.png,cat3_nonmedical,chart_screenshot,"generated in software, matplotlib figures","n/a, generated",eval,
data/out_of_scope/cat3_nonmedical/chart_screenshot/chart_0044.png,cat3_nonmedical,chart_screenshot,"generated in software, matplotlib figures","n/a, generated",fit,
data/out_of_scope/cat3_nonmedical/chart_screenshot/chart_0045.png,cat3_nonmedical,chart_screenshot,"generated in software, matplotlib figures","n/a, generated",eval,
data/out_of_scope/cat3_nonmedical/chart_screenshot/chart_0046.png,cat3_nonmedical,chart_screenshot,"generated in software, matplotlib figures","n/a, generated",fit,
data/out_of_scope/cat3_nonmedical/chart_screenshot/chart_0047.png,cat3_nonmedical,chart_screenshot,"generated in software, matplotlib figures","n/a, generated",eval,
data/out_of_scope/cat3_nonmedical/chart_screenshot/chart_0048.png,cat3_nonmedical,chart_screenshot,"generated in software, matplotlib figures","n/a, generated",fit,
data/out_of_scope/cat3_nonmedical/chart_screenshot/chart_0049.png,cat3_nonmedical,chart_screenshot,"generated in software, matplotlib figures","n/a, generated",eval,
data/out_of_scope/cat3_nonmedical/chart_screenshot/chart_0050.png,cat3_nonmedical,chart_screenshot,"generated in software, matplotlib figures","n/a, generated",fit,
data/out_of_scope/cat3_nonmedical/chart_screenshot/chart_0051.png,cat3_nonmedical,chart_screenshot,"generated in software, matplotlib figures","n/a, generated",eval,
data/out_of_scope/cat3_nonmedical/chart_screenshot/chart_0052.png,cat3_nonmedical,chart_screenshot,"generated in software, matplotlib figures","n/a, generated",fit,
data/out_of_scope/cat3_nonmedical/chart_screenshot/chart_0053.png,cat3_nonmedical,chart_screenshot,"generated in software, matplotlib figures","n/a, generated",eval,
data/out_of_scope/cat3_nonmedical/chart_screenshot/chart_0054.png,cat3_nonmedical,chart_screenshot,"generated in software, matplotlib figures","n/a, generated",fit,
data/out_of_scope/cat3_nonmedical/chart_screenshot/chart_0055.png,cat3_nonmedical,chart_screenshot,"generated in software, matplotlib figures","n/a, generated",eval,
data/out_of_scope/cat3_nonmedical/chart_screenshot/chart_0056.png,cat3_nonmedical,chart_screenshot,"generated in software, matplotlib figures","n/a, generated",fit,
data/out_of_scope/cat3_nonmedical/chart_screenshot/chart_0057.png,cat3_nonmedical,chart_screenshot,"generated in software, matplotlib figures","n/a, generated",eval,
data/out_of_scope/cat3_nonmedical/chart_screenshot/chart_0058.png,cat3_nonmedical,chart_screenshot,"generated in software, matplotlib figures","n/a, generated",fit,
data/out_of_scope/cat3_nonmedical/chart_screenshot/chart_0059.png,cat3_nonmedical,chart_screenshot,"generated in software, matplotlib figures","n/a, generated",eval,
data/out_of_scope/cat3_nonmedical/chart_screenshot/chart_0060.png,cat3_nonmedical,chart_screenshot,"generated in software, matplotlib figures","n/a, generated",fit,
data/out_of_scope/cat3_nonmedical/chart_screenshot/chart_0061.png,cat3_nonmedical,chart_screenshot,"generated in software, matplotlib figures","n/a, generated",eval,
data/out_of_scope/cat3_nonmedical/chart_screenshot/chart_0062.png,cat3_nonmedical,chart_screenshot,"generated in software, matplotlib figures","n/a, generated",fit,
data/out_of_scope/cat3_nonmedical/chart_screenshot/chart_0063.png,cat3_nonmedical,chart_screenshot,"generated in software, matplotlib figures","n/a, generated",eval,
data/out_of_scope/cat3_nonmedical/chart_screenshot/chart_0064.png,cat3_nonmedical,chart_screenshot,"generated in software, matplotlib figures","n/a, generated",fit,
data/out_of_scope/cat3_nonmedical/chart_screenshot/chart_0065.png,cat3_nonmedical,chart_screenshot,"generated in software, matplotlib figures","n/a, generated",eval,
data/out_of_scope/cat3_nonmedical/chart_screenshot/chart_0066.png,cat3_nonmedical,chart_screenshot,"generated in software, matplotlib figures","n/a, generated",fit,
data/out_of_scope/cat3_nonmedical/chart_screenshot/chart_0067.png,cat3_nonmedical,chart_screenshot,"generated in software, matplotlib figures","n/a, generated",eval,
data/out_of_scope/cat3_nonmedical/chart_screenshot/chart_0068.png,cat3_nonmedical,chart_screenshot,"generated in software, matplotlib figures","n/a, generated",fit,
data/out_of_scope/cat3_nonmedical/chart_screenshot/chart_0069.png,cat3_nonmedical,chart_screenshot,"generated in software, matplotlib figures","n/a, generated",eval,
data/out_of_scope/cat3_nonmedical/chart_screenshot/chart_0070.png,cat3_nonmedical,chart_screenshot,"generated in software, matplotlib figures","n/a, generated",fit,
data/out_of_scope/cat3_nonmedical/chart_screenshot/chart_0071.png,cat3_nonmedical,chart_screenshot,"generated in software, matplotlib figures","n/a, generated",eval,
data/out_of_scope/cat3_nonmedical/chart_screenshot/chart_0072.png,cat3_nonmedical,chart_screenshot,"generated in software, matplotlib figures","n/a, generated",fit,
data/out_of_scope/cat3_nonmedical/chart_screenshot/chart_0073.png,cat3_nonmedical,chart_screenshot,"generated in software, matplotlib figures","n/a, generated",eval,
data/out_of_scope/cat3_nonmedical/chart_screenshot/chart_0074.png,cat3_nonmedical,chart_screenshot,"generated in software, matplotlib figures","n/a, generated",fit,
data/out_of_scope/cat3_nonmedical/chart_screenshot/chart_0075.png,cat3_nonmedical,chart_screenshot,"generated in software, matplotlib figures","n/a, generated",eval,
data/out_of_scope/cat3_nonmedical/chart_screenshot/chart_0076.png,cat3_nonmedical,chart_screenshot,"generated in software, matplotlib figures","n/a, generated",fit,
data/out_of_scope/cat3_nonmedical/chart_screenshot/chart_0077.png,cat3_nonmedical,chart_screenshot,"generated in software, matplotlib figures","n/a, generated",eval,
data/out_of_scope/cat3_nonmedical/chart_screenshot/chart_0078.png,cat3_nonmedical,chart_screenshot,"generated in software, matplotlib figures","n/a, generated",fit,
data/out_of_scope/cat3_nonmedical/chart_screenshot/chart_0079.png,cat3_nonmedical,chart_screenshot,"generated in software, matplotlib figures","n/a, generated",eval,
data/out_of_scope/cat3_nonmedical/chart_screenshot/chart_0080.png,cat3_nonmedical,chart_screenshot,"generated in software, matplotlib figures","n/a, generated",fit,
data/out_of_scope/cat3_nonmedical/chart_screenshot/chart_0081.png,cat3_nonmedical,chart_screenshot,"generated in software, matplotlib figures","n/a, generated",eval,
data/out_of_scope/cat3_nonmedical/chart_screenshot/chart_0082.png,cat3_nonmedical,chart_screenshot,"generated in software, matplotlib figures","n/a, generated",fit,
data/out_of_scope/cat3_nonmedical/chart_screenshot/chart_0083.png,cat3_nonmedical,chart_screenshot,"generated in software, matplotlib figures","n/a, generated",eval,
data/out_of_scope/cat3_nonmedical/chart_screenshot/chart_0084.png,cat3_nonmedical,chart_screenshot,"generated in software, matplotlib figures","n/a, generated",fit,
data/out_of_scope/cat3_nonmedical/chart_screenshot/chart_0085.png,cat3_nonmedical,chart_screenshot,"generated in software, matplotlib figures","n/a, generated",eval,
data/out_of_scope/cat3_nonmedical/chart_screenshot/chart_0086.png,cat3_nonmedical,chart_screenshot,"generated in software, matplotlib figures","n/a, generated",fit,
data/out_of_scope/cat3_nonmedical/chart_screenshot/chart_0087.png,cat3_nonmedical,chart_screenshot,"generated in software, matplotlib figures","n/a, generated",eval,
data/out_of_scope/cat3_nonmedical/chart_screenshot/chart_0088.png,cat3_nonmedical,chart_screenshot,"generated in software, matplotlib figures","n/a, generated",fit,
data/out_of_scope/cat3_nonmedical/chart_screenshot/chart_0089.png,cat3_nonmedical,chart_screenshot,"generated in software, matplotlib figures","n/a, generated",eval,
data/out_of_scope/cat3_nonmedical/chart_screenshot/chart_0090.png,cat3_nonmedical,chart_screenshot,"generated in software, matplotlib figures","n/a, generated",fit,
data/out_of_scope/cat3_nonmedical/chart_screenshot/chart_0091.png,cat3_nonmedical,chart_screenshot,"generated in software, matplotlib figures","n/a, generated",eval,
data/out_of_scope/cat3_nonmedical/chart_screenshot/chart_0092.png,cat3_nonmedical,chart_screenshot,"generated in software, matplotlib figures","n/a, generated",fit,
data/out_of_scope/cat3_nonmedical/chart_screenshot/chart_0093.png,cat3_nonmedical,chart_screenshot,"generated in software, matplotlib figures","n/a, generated",eval,
data/out_of_scope/cat3_nonmedical/chart_screenshot/chart_0094.png,cat3_nonmedical,chart_screenshot,"generated in software, matplotlib figures","n/a, generated",fit,
data/out_of_scope/cat3_nonmedical/chart_screenshot/chart_0095.png,cat3_nonmedical,chart_screenshot,"generated in software, matplotlib figures","n/a, generated",eval,
data/out_of_scope/cat3_nonmedical/chart_screenshot/chart_0096.png,cat3_nonmedical,chart_screenshot,"generated in software, matplotlib figures","n/a, generated",fit,
data/out_of_scope/cat3_nonmedical/chart_screenshot/chart_0097.png,cat3_nonmedical,chart_screenshot,"generated in software, matplotlib figures","n/a, generated",eval,
data/out_of_scope/cat3_nonmedical/chart_screenshot/chart_0098.png,cat3_nonmedical,chart_screenshot,"generated in software, matplotlib figures","n/a, generated",fit,
data/out_of_scope/cat3_nonmedical/chart_screenshot/chart_0099.png,cat3_nonmedical,chart_screenshot,"generated in software, matplotlib figures","n/a, generated",eval,
data/out_of_scope/cat3_nonmedical/chart_screenshot/chart_0100.png,cat3_nonmedical,chart_screenshot,"generated in software, matplotlib figures","n/a, generated",fit,
data/out_of_scope/cat3_nonmedical/chart_screenshot/chart_0101.png,cat3_nonmedical,chart_screenshot,"generated in software, matplotlib figures","n/a, generated",eval,
data/out_of_scope/cat3_nonmedical/chart_screenshot/chart_0102.png,cat3_nonmedical,chart_screenshot,"generated in software, matplotlib figures","n/a, generated",fit,
data/out_of_scope/cat3_nonmedical/chart_screenshot/chart_0103.png,cat3_nonmedical,chart_screenshot,"generated in software, matplotlib figures","n/a, generated",eval,
data/out_of_scope/cat3_nonmedical/chart_screenshot/chart_0104.png,cat3_nonmedical,chart_screenshot,"generated in software, matplotlib figures","n/a, generated",fit,
data/out_of_scope/cat3_nonmedical/chart_screenshot/chart_0105.png,cat3_nonmedical,chart_screenshot,"generated in software, matplotlib figures","n/a, generated",eval,
data/out_of_scope/cat3_nonmedical/chart_screenshot/chart_0106.png,cat3_nonmedical,chart_screenshot,"generated in software, matplotlib figures","n/a, generated",fit,
data/out_of_scope/cat3_nonmedical/chart_screenshot/chart_0107.png,cat3_nonmedical,chart_screenshot,"generated in software, matplotlib figures","n/a, generated",eval,
data/out_of_scope/cat3_nonmedical/chart_screenshot/chart_0108.png,cat3_nonmedical,chart_screenshot,"generated in software, matplotlib figures","n/a, generated",fit,
data/out_of_scope/cat3_nonmedical/chart_screenshot/chart_0109.png,cat3_nonmedical,chart_screenshot,"generated in software, matplotlib figures","n/a, generated",eval,
data/out_of_scope/cat3_nonmedical/chart_screenshot/chart_0110.png,cat3_nonmedical,chart_screenshot,"generated in software, matplotlib figures","n/a, generated",fit,
data/out_of_scope/cat3_nonmedical/chart_screenshot/chart_0111.png,cat3_nonmedical,chart_screenshot,"generated in software, matplotlib figures","n/a, generated",eval,
data/out_of_scope/cat3_nonmedical/chart_screenshot/chart_0112.png,cat3_nonmedical,chart_screenshot,"generated in software, matplotlib figures","n/a, generated",fit,
data/out_of_scope/cat3_nonmedical/chart_screenshot/chart_0113.png,cat3_nonmedical,chart_screenshot,"generated in software, matplotlib figures","n/a, generated",eval,
data/out_of_scope/cat3_nonmedical/chart_screenshot/chart_0114.png,cat3_nonmedical,chart_screenshot,"generated in software, matplotlib figures","n/a, generated",fit,
data/out_of_scope/cat3_nonmedical/chart_screenshot/chart_0115.png,cat3_nonmedical,chart_screenshot,"generated in software, matplotlib figures","n/a, generated",eval,
data/out_of_scope/cat3_nonmedical/chart_screenshot/chart_0116.png,cat3_nonmedical,chart_screenshot,"generated in software, matplotlib figures","n/a, generated",fit,
data/out_of_scope/cat3_nonmedical/chart_screenshot/chart_0117.png,cat3_nonmedical,chart_screenshot,"generated in software, matplotlib figures","n/a, generated",eval,
data/out_of_scope/cat3_nonmedical/chart_screenshot/chart_0118.png,cat3_nonmedical,chart_screenshot,"generated in software, matplotlib figures","n/a, generated",fit,
data/out_of_scope/cat3_nonmedical/chart_screenshot/chart_0119.png,cat3_nonmedical,chart_screenshot,"generated in software, matplotlib figures","n/a, generated",eval,
data/out_of_scope/cat3_nonmedical/photograph/photo_0000.png,cat3_nonmedical,photograph,"Imagenette v2 (fast.ai), a 10-class subset of ImageNet, validation split","fast.ai Imagenette: Apache-2.0. Underlying ImageNet photographs: research use only, see https://image-net.org/download.php",fit,
data/out_of_scope/cat3_nonmedical/photograph/photo_0001.png,cat3_nonmedical,photograph,"Imagenette v2 (fast.ai), a 10-class subset of ImageNet, validation split","fast.ai Imagenette: Apache-2.0. Underlying ImageNet photographs: research use only, see https://image-net.org/download.php",eval,
data/out_of_scope/cat3_nonmedical/photograph/photo_0002.png,cat3_nonmedical,photograph,"Imagenette v2 (fast.ai), a 10-class subset of ImageNet, validation split","fast.ai Imagenette: Apache-2.0. Underlying ImageNet photographs: research use only, see https://image-net.org/download.php",fit,
data/out_of_scope/cat3_nonmedical/photograph/photo_0003.png,cat3_nonmedical,photograph,"Imagenette v2 (fast.ai), a 10-class subset of ImageNet, validation split","fast.ai Imagenette: Apache-2.0. Underlying ImageNet photographs: research use only, see https://image-net.org/download.php",eval,
data/out_of_scope/cat3_nonmedical/photograph/photo_0004.png,cat3_nonmedical,photograph,"Imagenette v2 (fast.ai), a 10-class subset of ImageNet, validation split","fast.ai Imagenette: Apache-2.0. Underlying ImageNet photographs: research use only, see https://image-net.org/download.php",fit,
data/out_of_scope/cat3_nonmedical/photograph/photo_0005.png,cat3_nonmedical,photograph,"Imagenette v2 (fast.ai), a 10-class subset of ImageNet, validation split","fast.ai Imagenette: Apache-2.0. Underlying ImageNet photographs: research use only, see https://image-net.org/download.php",eval,
data/out_of_scope/cat3_nonmedical/photograph/photo_0006.png,cat3_nonmedical,photograph,"Imagenette v2 (fast.ai), a 10-class subset of ImageNet, validation split","fast.ai Imagenette: Apache-2.0. Underlying ImageNet photographs: research use only, see https://image-net.org/download.php",fit,
data/out_of_scope/cat3_nonmedical/photograph/photo_0007.png,cat3_nonmedical,photograph,"Imagenette v2 (fast.ai), a 10-class subset of ImageNet, validation split","fast.ai Imagenette: Apache-2.0. Underlying ImageNet photographs: research use only, see https://image-net.org/download.php",eval,
data/out_of_scope/cat3_nonmedical/photograph/photo_0008.png,cat3_nonmedical,photograph,"Imagenette v2 (fast.ai), a 10-class subset of ImageNet, validation split","fast.ai Imagenette: Apache-2.0. Underlying ImageNet photographs: research use only, see https://image-net.org/download.php",fit,
data/out_of_scope/cat3_nonmedical/photograph/photo_0009.png,cat3_nonmedical,photograph,"Imagenette v2 (fast.ai), a 10-class subset of ImageNet, validation split","fast.ai Imagenette: Apache-2.0. Underlying ImageNet photographs: research use only, see https://image-net.org/download.php",eval,
data/out_of_scope/cat3_nonmedical/photograph/photo_0010.png,cat3_nonmedical,photograph,"Imagenette v2 (fast.ai), a 10-class subset of ImageNet, validation split","fast.ai Imagenette: Apache-2.0. Underlying ImageNet photographs: research use only, see https://image-net.org/download.php",fit,
data/out_of_scope/cat3_nonmedical/photograph/photo_0011.png,cat3_nonmedical,photograph,"Imagenette v2 (fast.ai), a 10-class subset of ImageNet, validation split","fast.ai Imagenette: Apache-2.0. Underlying ImageNet photographs: research use only, see https://image-net.org/download.php",eval,
data/out_of_scope/cat3_nonmedical/photograph/photo_0012.png,cat3_nonmedical,photograph,"Imagenette v2 (fast.ai), a 10-class subset of ImageNet, validation split","fast.ai Imagenette: Apache-2.0. Underlying ImageNet photographs: research use only, see https://image-net.org/download.php",fit,
data/out_of_scope/cat3_nonmedical/photograph/photo_0013.png,cat3_nonmedical,photograph,"Imagenette v2 (fast.ai), a 10-class subset of ImageNet, validation split","fast.ai Imagenette: Apache-2.0. Underlying ImageNet photographs: research use only, see https://image-net.org/download.php",eval,
data/out_of_scope/cat3_nonmedical/photograph/photo_0014.png,cat3_nonmedical,photograph,"Imagenette v2 (fast.ai), a 10-class subset of ImageNet, validation split","fast.ai Imagenette: Apache-2.0. Underlying ImageNet photographs: research use only, see https://image-net.org/download.php",fit,
data/out_of_scope/cat3_nonmedical/photograph/photo_0015.png,cat3_nonmedical,photograph,"Imagenette v2 (fast.ai), a 10-class subset of ImageNet, validation split","fast.ai Imagenette: Apache-2.0. Underlying ImageNet photographs: research use only, see https://image-net.org/download.php",eval,
data/out_of_scope/cat3_nonmedical/photograph/photo_0016.png,cat3_nonmedical,photograph,"Imagenette v2 (fast.ai), a 10-class subset of ImageNet, validation split","fast.ai Imagenette: Apache-2.0. Underlying ImageNet photographs: research use only, see https://image-net.org/download.php",fit,
data/out_of_scope/cat3_nonmedical/photograph/photo_0017.png,cat3_nonmedical,photograph,"Imagenette v2 (fast.ai), a 10-class subset of ImageNet, validation split","fast.ai Imagenette: Apache-2.0. Underlying ImageNet photographs: research use only, see https://image-net.org/download.php",eval,
data/out_of_scope/cat3_nonmedical/photograph/photo_0018.png,cat3_nonmedical,photograph,"Imagenette v2 (fast.ai), a 10-class subset of ImageNet, validation split","fast.ai Imagenette: Apache-2.0. Underlying ImageNet photographs: research use only, see https://image-net.org/download.php",fit,
data/out_of_scope/cat3_nonmedical/photograph/photo_0019.png,cat3_nonmedical,photograph,"Imagenette v2 (fast.ai), a 10-class subset of ImageNet, validation split","fast.ai Imagenette: Apache-2.0. Underlying ImageNet photographs: research use only, see https://image-net.org/download.php",eval,
data/out_of_scope/cat3_nonmedical/photograph/photo_0020.png,cat3_nonmedical,photograph,"Imagenette v2 (fast.ai), a 10-class subset of ImageNet, validation split","fast.ai Imagenette: Apache-2.0. Underlying ImageNet photographs: research use only, see https://image-net.org/download.php",fit,
data/out_of_scope/cat3_nonmedical/photograph/photo_0021.png,cat3_nonmedical,photograph,"Imagenette v2 (fast.ai), a 10-class subset of ImageNet, validation split","fast.ai Imagenette: Apache-2.0. Underlying ImageNet photographs: research use only, see https://image-net.org/download.php",eval,
data/out_of_scope/cat3_nonmedical/photograph/photo_0022.png,cat3_nonmedical,photograph,"Imagenette v2 (fast.ai), a 10-class subset of ImageNet, validation split","fast.ai Imagenette: Apache-2.0. Underlying ImageNet photographs: research use only, see https://image-net.org/download.php",fit,
data/out_of_scope/cat3_nonmedical/photograph/photo_0023.png,cat3_nonmedical,photograph,"Imagenette v2 (fast.ai), a 10-class subset of ImageNet, validation split","fast.ai Imagenette: Apache-2.0. Underlying ImageNet photographs: research use only, see https://image-net.org/download.php",eval,
data/out_of_scope/cat3_nonmedical/photograph/photo_0024.png,cat3_nonmedical,photograph,"Imagenette v2 (fast.ai), a 10-class subset of ImageNet, validation split","fast.ai Imagenette: Apache-2.0. Underlying ImageNet photographs: research use only, see https://image-net.org/download.php",fit,
data/out_of_scope/cat3_nonmedical/photograph/photo_0025.png,cat3_nonmedical,photograph,"Imagenette v2 (fast.ai), a 10-class subset of ImageNet, validation split","fast.ai Imagenette: Apache-2.0. Underlying ImageNet photographs: research use only, see https://image-net.org/download.php",eval,
data/out_of_scope/cat3_nonmedical/photograph/photo_0026.png,cat3_nonmedical,photograph,"Imagenette v2 (fast.ai), a 10-class subset of ImageNet, validation split","fast.ai Imagenette: Apache-2.0. Underlying ImageNet photographs: research use only, see https://image-net.org/download.php",fit,
data/out_of_scope/cat3_nonmedical/photograph/photo_0027.png,cat3_nonmedical,photograph,"Imagenette v2 (fast.ai), a 10-class subset of ImageNet, validation split","fast.ai Imagenette: Apache-2.0. Underlying ImageNet photographs: research use only, see https://image-net.org/download.php",eval,
data/out_of_scope/cat3_nonmedical/photograph/photo_0028.png,cat3_nonmedical,photograph,"Imagenette v2 (fast.ai), a 10-class subset of ImageNet, validation split","fast.ai Imagenette: Apache-2.0. Underlying ImageNet photographs: research use only, see https://image-net.org/download.php",fit,
data/out_of_scope/cat3_nonmedical/photograph/photo_0029.png,cat3_nonmedical,photograph,"Imagenette v2 (fast.ai), a 10-class subset of ImageNet, validation split","fast.ai Imagenette: Apache-2.0. Underlying ImageNet photographs: research use only, see https://image-net.org/download.php",eval,
data/out_of_scope/cat3_nonmedical/photograph/photo_0030.png,cat3_nonmedical,photograph,"Imagenette v2 (fast.ai), a 10-class subset of ImageNet, validation split","fast.ai Imagenette: Apache-2.0. Underlying ImageNet photographs: research use only, see https://image-net.org/download.php",fit,
data/out_of_scope/cat3_nonmedical/photograph/photo_0031.png,cat3_nonmedical,photograph,"Imagenette v2 (fast.ai), a 10-class subset of ImageNet, validation split","fast.ai Imagenette: Apache-2.0. Underlying ImageNet photographs: research use only, see https://image-net.org/download.php",eval,
data/out_of_scope/cat3_nonmedical/photograph/photo_0032.png,cat3_nonmedical,photograph,"Imagenette v2 (fast.ai), a 10-class subset of ImageNet, validation split","fast.ai Imagenette: Apache-2.0. Underlying ImageNet photographs: research use only, see https://image-net.org/download.php",fit,
data/out_of_scope/cat3_nonmedical/photograph/photo_0033.png,cat3_nonmedical,photograph,"Imagenette v2 (fast.ai), a 10-class subset of ImageNet, validation split","fast.ai Imagenette: Apache-2.0. Underlying ImageNet photographs: research use only, see https://image-net.org/download.php",eval,
data/out_of_scope/cat3_nonmedical/photograph/photo_0034.png,cat3_nonmedical,photograph,"Imagenette v2 (fast.ai), a 10-class subset of ImageNet, validation split","fast.ai Imagenette: Apache-2.0. Underlying ImageNet photographs: research use only, see https://image-net.org/download.php",fit,
data/out_of_scope/cat3_nonmedical/photograph/photo_0035.png,cat3_nonmedical,photograph,"Imagenette v2 (fast.ai), a 10-class subset of ImageNet, validation split","fast.ai Imagenette: Apache-2.0. Underlying ImageNet photographs: research use only, see https://image-net.org/download.php",eval,
data/out_of_scope/cat3_nonmedical/photograph/photo_0036.png,cat3_nonmedical,photograph,"Imagenette v2 (fast.ai), a 10-class subset of ImageNet, validation split","fast.ai Imagenette: Apache-2.0. Underlying ImageNet photographs: research use only, see https://image-net.org/download.php",fit,
data/out_of_scope/cat3_nonmedical/photograph/photo_0037.png,cat3_nonmedical,photograph,"Imagenette v2 (fast.ai), a 10-class subset of ImageNet, validation split","fast.ai Imagenette: Apache-2.0. Underlying ImageNet photographs: research use only, see https://image-net.org/download.php",eval,
data/out_of_scope/cat3_nonmedical/photograph/photo_0038.png,cat3_nonmedical,photograph,"Imagenette v2 (fast.ai), a 10-class subset of ImageNet, validation split","fast.ai Imagenette: Apache-2.0. Underlying ImageNet photographs: research use only, see https://image-net.org/download.php",fit,
data/out_of_scope/cat3_nonmedical/photograph/photo_0039.png,cat3_nonmedical,photograph,"Imagenette v2 (fast.ai), a 10-class subset of ImageNet, validation split","fast.ai Imagenette: Apache-2.0. Underlying ImageNet photographs: research use only, see https://image-net.org/download.php",eval,
data/out_of_scope/cat3_nonmedical/photograph/photo_0040.png,cat3_nonmedical,photograph,"Imagenette v2 (fast.ai), a 10-class subset of ImageNet, validation split","fast.ai Imagenette: Apache-2.0. Underlying ImageNet photographs: research use only, see https://image-net.org/download.php",fit,
data/out_of_scope/cat3_nonmedical/photograph/photo_0041.png,cat3_nonmedical,photograph,"Imagenette v2 (fast.ai), a 10-class subset of ImageNet, validation split","fast.ai Imagenette: Apache-2.0. Underlying ImageNet photographs: research use only, see https://image-net.org/download.php",eval,
data/out_of_scope/cat3_nonmedical/photograph/photo_0042.png,cat3_nonmedical,photograph,"Imagenette v2 (fast.ai), a 10-class subset of ImageNet, validation split","fast.ai Imagenette: Apache-2.0. Underlying ImageNet photographs: research use only, see https://image-net.org/download.php",fit,
data/out_of_scope/cat3_nonmedical/photograph/photo_0043.png,cat3_nonmedical,photograph,"Imagenette v2 (fast.ai), a 10-class subset of ImageNet, validation split","fast.ai Imagenette: Apache-2.0. Underlying ImageNet photographs: research use only, see https://image-net.org/download.php",eval,
data/out_of_scope/cat3_nonmedical/photograph/photo_0044.png,cat3_nonmedical,photograph,"Imagenette v2 (fast.ai), a 10-class subset of ImageNet, validation split","fast.ai Imagenette: Apache-2.0. Underlying ImageNet photographs: research use only, see https://image-net.org/download.php",fit,
data/out_of_scope/cat3_nonmedical/photograph/photo_0045.png,cat3_nonmedical,photograph,"Imagenette v2 (fast.ai), a 10-class subset of ImageNet, validation split","fast.ai Imagenette: Apache-2.0. Underlying ImageNet photographs: research use only, see https://image-net.org/download.php",eval,
data/out_of_scope/cat3_nonmedical/photograph/photo_0046.png,cat3_nonmedical,photograph,"Imagenette v2 (fast.ai), a 10-class subset of ImageNet, validation split","fast.ai Imagenette: Apache-2.0. Underlying ImageNet photographs: research use only, see https://image-net.org/download.php",fit,
data/out_of_scope/cat3_nonmedical/photograph/photo_0047.png,cat3_nonmedical,photograph,"Imagenette v2 (fast.ai), a 10-class subset of ImageNet, validation split","fast.ai Imagenette: Apache-2.0. Underlying ImageNet photographs: research use only, see https://image-net.org/download.php",eval,
data/out_of_scope/cat3_nonmedical/photograph/photo_0048.png,cat3_nonmedical,photograph,"Imagenette v2 (fast.ai), a 10-class subset of ImageNet, validation split","fast.ai Imagenette: Apache-2.0. Underlying ImageNet photographs: research use only, see https://image-net.org/download.php",fit,
data/out_of_scope/cat3_nonmedical/photograph/photo_0049.png,cat3_nonmedical,photograph,"Imagenette v2 (fast.ai), a 10-class subset of ImageNet, validation split","fast.ai Imagenette: Apache-2.0. Underlying ImageNet photographs: research use only, see https://image-net.org/download.php",eval,
data/out_of_scope/cat3_nonmedical/photograph/photo_0050.png,cat3_nonmedical,photograph,"Imagenette v2 (fast.ai), a 10-class subset of ImageNet, validation split","fast.ai Imagenette: Apache-2.0. Underlying ImageNet photographs: research use only, see https://image-net.org/download.php",fit,
data/out_of_scope/cat3_nonmedical/photograph/photo_0051.png,cat3_nonmedical,photograph,"Imagenette v2 (fast.ai), a 10-class subset of ImageNet, validation split","fast.ai Imagenette: Apache-2.0. Underlying ImageNet photographs: research use only, see https://image-net.org/download.php",eval,
data/out_of_scope/cat3_nonmedical/photograph/photo_0052.png,cat3_nonmedical,photograph,"Imagenette v2 (fast.ai), a 10-class subset of ImageNet, validation split","fast.ai Imagenette: Apache-2.0. Underlying ImageNet photographs: research use only, see https://image-net.org/download.php",fit,
data/out_of_scope/cat3_nonmedical/photograph/photo_0053.png,cat3_nonmedical,photograph,"Imagenette v2 (fast.ai), a 10-class subset of ImageNet, validation split","fast.ai Imagenette: Apache-2.0. Underlying ImageNet photographs: research use only, see https://image-net.org/download.php",eval,
data/out_of_scope/cat3_nonmedical/photograph/photo_0054.png,cat3_nonmedical,photograph,"Imagenette v2 (fast.ai), a 10-class subset of ImageNet, validation split","fast.ai Imagenette: Apache-2.0. Underlying ImageNet photographs: research use only, see https://image-net.org/download.php",fit,
data/out_of_scope/cat3_nonmedical/photograph/photo_0055.png,cat3_nonmedical,photograph,"Imagenette v2 (fast.ai), a 10-class subset of ImageNet, validation split","fast.ai Imagenette: Apache-2.0. Underlying ImageNet photographs: research use only, see https://image-net.org/download.php",eval,
data/out_of_scope/cat3_nonmedical/photograph/photo_0056.png,cat3_nonmedical,photograph,"Imagenette v2 (fast.ai), a 10-class subset of ImageNet, validation split","fast.ai Imagenette: Apache-2.0. Underlying ImageNet photographs: research use only, see https://image-net.org/download.php",fit,
data/out_of_scope/cat3_nonmedical/photograph/photo_0057.png,cat3_nonmedical,photograph,"Imagenette v2 (fast.ai), a 10-class subset of ImageNet, validation split","fast.ai Imagenette: Apache-2.0. Underlying ImageNet photographs: research use only, see https://image-net.org/download.php",eval,
data/out_of_scope/cat3_nonmedical/photograph/photo_0058.png,cat3_nonmedical,photograph,"Imagenette v2 (fast.ai), a 10-class subset of ImageNet, validation split","fast.ai Imagenette: Apache-2.0. Underlying ImageNet photographs: research use only, see https://image-net.org/download.php",fit,
data/out_of_scope/cat3_nonmedical/photograph/photo_0059.png,cat3_nonmedical,photograph,"Imagenette v2 (fast.ai), a 10-class subset of ImageNet, validation split","fast.ai Imagenette: Apache-2.0. Underlying ImageNet photographs: research use only, see https://image-net.org/download.php",eval,
data/out_of_scope/cat3_nonmedical/photograph/photo_0060.png,cat3_nonmedical,photograph,"Imagenette v2 (fast.ai), a 10-class subset of ImageNet, validation split","fast.ai Imagenette: Apache-2.0. Underlying ImageNet photographs: research use only, see https://image-net.org/download.php",fit,
data/out_of_scope/cat3_nonmedical/photograph/photo_0061.png,cat3_nonmedical,photograph,"Imagenette v2 (fast.ai), a 10-class subset of ImageNet, validation split","fast.ai Imagenette: Apache-2.0. Underlying ImageNet photographs: research use only, see https://image-net.org/download.php",eval,
data/out_of_scope/cat3_nonmedical/photograph/photo_0062.png,cat3_nonmedical,photograph,"Imagenette v2 (fast.ai), a 10-class subset of ImageNet, validation split","fast.ai Imagenette: Apache-2.0. Underlying ImageNet photographs: research use only, see https://image-net.org/download.php",fit,
data/out_of_scope/cat3_nonmedical/photograph/photo_0063.png,cat3_nonmedical,photograph,"Imagenette v2 (fast.ai), a 10-class subset of ImageNet, validation split","fast.ai Imagenette: Apache-2.0. Underlying ImageNet photographs: research use only, see https://image-net.org/download.php",eval,
data/out_of_scope/cat3_nonmedical/photograph/photo_0064.png,cat3_nonmedical,photograph,"Imagenette v2 (fast.ai), a 10-class subset of ImageNet, validation split","fast.ai Imagenette: Apache-2.0. Underlying ImageNet photographs: research use only, see https://image-net.org/download.php",fit,
data/out_of_scope/cat3_nonmedical/photograph/photo_0065.png,cat3_nonmedical,photograph,"Imagenette v2 (fast.ai), a 10-class subset of ImageNet, validation split","fast.ai Imagenette: Apache-2.0. Underlying ImageNet photographs: research use only, see https://image-net.org/download.php",eval,
data/out_of_scope/cat3_nonmedical/photograph/photo_0066.png,cat3_nonmedical,photograph,"Imagenette v2 (fast.ai), a 10-class subset of ImageNet, validation split","fast.ai Imagenette: Apache-2.0. Underlying ImageNet photographs: research use only, see https://image-net.org/download.php",fit,
data/out_of_scope/cat3_nonmedical/photograph/photo_0067.png,cat3_nonmedical,photograph,"Imagenette v2 (fast.ai), a 10-class subset of ImageNet, validation split","fast.ai Imagenette: Apache-2.0. Underlying ImageNet photographs: research use only, see https://image-net.org/download.php",eval,
data/out_of_scope/cat3_nonmedical/photograph/photo_0068.png,cat3_nonmedical,photograph,"Imagenette v2 (fast.ai), a 10-class subset of ImageNet, validation split","fast.ai Imagenette: Apache-2.0. Underlying ImageNet photographs: research use only, see https://image-net.org/download.php",fit,
data/out_of_scope/cat3_nonmedical/photograph/photo_0069.png,cat3_nonmedical,photograph,"Imagenette v2 (fast.ai), a 10-class subset of ImageNet, validation split","fast.ai Imagenette: Apache-2.0. Underlying ImageNet photographs: research use only, see https://image-net.org/download.php",eval,
data/out_of_scope/cat3_nonmedical/photograph/photo_0070.png,cat3_nonmedical,photograph,"Imagenette v2 (fast.ai), a 10-class subset of ImageNet, validation split","fast.ai Imagenette: Apache-2.0. Underlying ImageNet photographs: research use only, see https://image-net.org/download.php",fit,
data/out_of_scope/cat3_nonmedical/photograph/photo_0071.png,cat3_nonmedical,photograph,"Imagenette v2 (fast.ai), a 10-class subset of ImageNet, validation split","fast.ai Imagenette: Apache-2.0. Underlying ImageNet photographs: research use only, see https://image-net.org/download.php",eval,
data/out_of_scope/cat3_nonmedical/photograph/photo_0072.png,cat3_nonmedical,photograph,"Imagenette v2 (fast.ai), a 10-class subset of ImageNet, validation split","fast.ai Imagenette: Apache-2.0. Underlying ImageNet photographs: research use only, see https://image-net.org/download.php",fit,
data/out_of_scope/cat3_nonmedical/photograph/photo_0073.png,cat3_nonmedical,photograph,"Imagenette v2 (fast.ai), a 10-class subset of ImageNet, validation split","fast.ai Imagenette: Apache-2.0. Underlying ImageNet photographs: research use only, see https://image-net.org/download.php",eval,
data/out_of_scope/cat3_nonmedical/photograph/photo_0074.png,cat3_nonmedical,photograph,"Imagenette v2 (fast.ai), a 10-class subset of ImageNet, validation split","fast.ai Imagenette: Apache-2.0. Underlying ImageNet photographs: research use only, see https://image-net.org/download.php",fit,
data/out_of_scope/cat3_nonmedical/photograph/photo_0075.png,cat3_nonmedical,photograph,"Imagenette v2 (fast.ai), a 10-class subset of ImageNet, validation split","fast.ai Imagenette: Apache-2.0. Underlying ImageNet photographs: research use only, see https://image-net.org/download.php",eval,
data/out_of_scope/cat3_nonmedical/photograph/photo_0076.png,cat3_nonmedical,photograph,"Imagenette v2 (fast.ai), a 10-class subset of ImageNet, validation split","fast.ai Imagenette: Apache-2.0. Underlying ImageNet photographs: research use only, see https://image-net.org/download.php",fit,
data/out_of_scope/cat3_nonmedical/photograph/photo_0077.png,cat3_nonmedical,photograph,"Imagenette v2 (fast.ai), a 10-class subset of ImageNet, validation split","fast.ai Imagenette: Apache-2.0. Underlying ImageNet photographs: research use only, see https://image-net.org/download.php",eval,
data/out_of_scope/cat3_nonmedical/photograph/photo_0078.png,cat3_nonmedical,photograph,"Imagenette v2 (fast.ai), a 10-class subset of ImageNet, validation split","fast.ai Imagenette: Apache-2.0. Underlying ImageNet photographs: research use only, see https://image-net.org/download.php",fit,
data/out_of_scope/cat3_nonmedical/photograph/photo_0079.png,cat3_nonmedical,photograph,"Imagenette v2 (fast.ai), a 10-class subset of ImageNet, validation split","fast.ai Imagenette: Apache-2.0. Underlying ImageNet photographs: research use only, see https://image-net.org/download.php",eval,
data/out_of_scope/cat3_nonmedical/photograph/photo_0080.png,cat3_nonmedical,photograph,"Imagenette v2 (fast.ai), a 10-class subset of ImageNet, validation split","fast.ai Imagenette: Apache-2.0. Underlying ImageNet photographs: research use only, see https://image-net.org/download.php",fit,
data/out_of_scope/cat3_nonmedical/photograph/photo_0081.png,cat3_nonmedical,photograph,"Imagenette v2 (fast.ai), a 10-class subset of ImageNet, validation split","fast.ai Imagenette: Apache-2.0. Underlying ImageNet photographs: research use only, see https://image-net.org/download.php",eval,
data/out_of_scope/cat3_nonmedical/photograph/photo_0082.png,cat3_nonmedical,photograph,"Imagenette v2 (fast.ai), a 10-class subset of ImageNet, validation split","fast.ai Imagenette: Apache-2.0. Underlying ImageNet photographs: research use only, see https://image-net.org/download.php",fit,
data/out_of_scope/cat3_nonmedical/photograph/photo_0083.png,cat3_nonmedical,photograph,"Imagenette v2 (fast.ai), a 10-class subset of ImageNet, validation split","fast.ai Imagenette: Apache-2.0. Underlying ImageNet photographs: research use only, see https://image-net.org/download.php",eval,
data/out_of_scope/cat3_nonmedical/photograph/photo_0084.png,cat3_nonmedical,photograph,"Imagenette v2 (fast.ai), a 10-class subset of ImageNet, validation split","fast.ai Imagenette: Apache-2.0. Underlying ImageNet photographs: research use only, see https://image-net.org/download.php",fit,
data/out_of_scope/cat3_nonmedical/photograph/photo_0085.png,cat3_nonmedical,photograph,"Imagenette v2 (fast.ai), a 10-class subset of ImageNet, validation split","fast.ai Imagenette: Apache-2.0. Underlying ImageNet photographs: research use only, see https://image-net.org/download.php",eval,
data/out_of_scope/cat3_nonmedical/photograph/photo_0086.png,cat3_nonmedical,photograph,"Imagenette v2 (fast.ai), a 10-class subset of ImageNet, validation split","fast.ai Imagenette: Apache-2.0. Underlying ImageNet photographs: research use only, see https://image-net.org/download.php",fit,
data/out_of_scope/cat3_nonmedical/photograph/photo_0087.png,cat3_nonmedical,photograph,"Imagenette v2 (fast.ai), a 10-class subset of ImageNet, validation split","fast.ai Imagenette: Apache-2.0. Underlying ImageNet photographs: research use only, see https://image-net.org/download.php",eval,
data/out_of_scope/cat3_nonmedical/photograph/photo_0088.png,cat3_nonmedical,photograph,"Imagenette v2 (fast.ai), a 10-class subset of ImageNet, validation split","fast.ai Imagenette: Apache-2.0. Underlying ImageNet photographs: research use only, see https://image-net.org/download.php",fit,
data/out_of_scope/cat3_nonmedical/photograph/photo_0089.png,cat3_nonmedical,photograph,"Imagenette v2 (fast.ai), a 10-class subset of ImageNet, validation split","fast.ai Imagenette: Apache-2.0. Underlying ImageNet photographs: research use only, see https://image-net.org/download.php",eval,
data/out_of_scope/cat3_nonmedical/photograph/photo_0090.png,cat3_nonmedical,photograph,"Imagenette v2 (fast.ai), a 10-class subset of ImageNet, validation split","fast.ai Imagenette: Apache-2.0. Underlying ImageNet photographs: research use only, see https://image-net.org/download.php",fit,
data/out_of_scope/cat3_nonmedical/photograph/photo_0091.png,cat3_nonmedical,photograph,"Imagenette v2 (fast.ai), a 10-class subset of ImageNet, validation split","fast.ai Imagenette: Apache-2.0. Underlying ImageNet photographs: research use only, see https://image-net.org/download.php",eval,
data/out_of_scope/cat3_nonmedical/photograph/photo_0092.png,cat3_nonmedical,photograph,"Imagenette v2 (fast.ai), a 10-class subset of ImageNet, validation split","fast.ai Imagenette: Apache-2.0. Underlying ImageNet photographs: research use only, see https://image-net.org/download.php",fit,
data/out_of_scope/cat3_nonmedical/photograph/photo_0093.png,cat3_nonmedical,photograph,"Imagenette v2 (fast.ai), a 10-class subset of ImageNet, validation split","fast.ai Imagenette: Apache-2.0. Underlying ImageNet photographs: research use only, see https://image-net.org/download.php",eval,
data/out_of_scope/cat3_nonmedical/photograph/photo_0094.png,cat3_nonmedical,photograph,"Imagenette v2 (fast.ai), a 10-class subset of ImageNet, validation split","fast.ai Imagenette: Apache-2.0. Underlying ImageNet photographs: research use only, see https://image-net.org/download.php",fit,
data/out_of_scope/cat3_nonmedical/photograph/photo_0095.png,cat3_nonmedical,photograph,"Imagenette v2 (fast.ai), a 10-class subset of ImageNet, validation split","fast.ai Imagenette: Apache-2.0. Underlying ImageNet photographs: research use only, see https://image-net.org/download.php",eval,
data/out_of_scope/cat3_nonmedical/photograph/photo_0096.png,cat3_nonmedical,photograph,"Imagenette v2 (fast.ai), a 10-class subset of ImageNet, validation split","fast.ai Imagenette: Apache-2.0. Underlying ImageNet photographs: research use only, see https://image-net.org/download.php",fit,
data/out_of_scope/cat3_nonmedical/photograph/photo_0097.png,cat3_nonmedical,photograph,"Imagenette v2 (fast.ai), a 10-class subset of ImageNet, validation split","fast.ai Imagenette: Apache-2.0. Underlying ImageNet photographs: research use only, see https://image-net.org/download.php",eval,
data/out_of_scope/cat3_nonmedical/photograph/photo_0098.png,cat3_nonmedical,photograph,"Imagenette v2 (fast.ai), a 10-class subset of ImageNet, validation split","fast.ai Imagenette: Apache-2.0. Underlying ImageNet photographs: research use only, see https://image-net.org/download.php",fit,
data/out_of_scope/cat3_nonmedical/photograph/photo_0099.png,cat3_nonmedical,photograph,"Imagenette v2 (fast.ai), a 10-class subset of ImageNet, validation split","fast.ai Imagenette: Apache-2.0. Underlying ImageNet photographs: research use only, see https://image-net.org/download.php",eval,
data/out_of_scope/cat3_nonmedical/photograph/photo_0100.png,cat3_nonmedical,photograph,"Imagenette v2 (fast.ai), a 10-class subset of ImageNet, validation split","fast.ai Imagenette: Apache-2.0. Underlying ImageNet photographs: research use only, see https://image-net.org/download.php",fit,
data/out_of_scope/cat3_nonmedical/photograph/photo_0101.png,cat3_nonmedical,photograph,"Imagenette v2 (fast.ai), a 10-class subset of ImageNet, validation split","fast.ai Imagenette: Apache-2.0. Underlying ImageNet photographs: research use only, see https://image-net.org/download.php",eval,
data/out_of_scope/cat3_nonmedical/photograph/photo_0102.png,cat3_nonmedical,photograph,"Imagenette v2 (fast.ai), a 10-class subset of ImageNet, validation split","fast.ai Imagenette: Apache-2.0. Underlying ImageNet photographs: research use only, see https://image-net.org/download.php",fit,
data/out_of_scope/cat3_nonmedical/photograph/photo_0103.png,cat3_nonmedical,photograph,"Imagenette v2 (fast.ai), a 10-class subset of ImageNet, validation split","fast.ai Imagenette: Apache-2.0. Underlying ImageNet photographs: research use only, see https://image-net.org/download.php",eval,
data/out_of_scope/cat3_nonmedical/photograph/photo_0104.png,cat3_nonmedical,photograph,"Imagenette v2 (fast.ai), a 10-class subset of ImageNet, validation split","fast.ai Imagenette: Apache-2.0. Underlying ImageNet photographs: research use only, see https://image-net.org/download.php",fit,
data/out_of_scope/cat3_nonmedical/photograph/photo_0105.png,cat3_nonmedical,photograph,"Imagenette v2 (fast.ai), a 10-class subset of ImageNet, validation split","fast.ai Imagenette: Apache-2.0. Underlying ImageNet photographs: research use only, see https://image-net.org/download.php",eval,
data/out_of_scope/cat3_nonmedical/photograph/photo_0106.png,cat3_nonmedical,photograph,"Imagenette v2 (fast.ai), a 10-class subset of ImageNet, validation split","fast.ai Imagenette: Apache-2.0. Underlying ImageNet photographs: research use only, see https://image-net.org/download.php",fit,
data/out_of_scope/cat3_nonmedical/photograph/photo_0107.png,cat3_nonmedical,photograph,"Imagenette v2 (fast.ai), a 10-class subset of ImageNet, validation split","fast.ai Imagenette: Apache-2.0. Underlying ImageNet photographs: research use only, see https://image-net.org/download.php",eval,
data/out_of_scope/cat3_nonmedical/photograph/photo_0108.png,cat3_nonmedical,photograph,"Imagenette v2 (fast.ai), a 10-class subset of ImageNet, validation split","fast.ai Imagenette: Apache-2.0. Underlying ImageNet photographs: research use only, see https://image-net.org/download.php",fit,
data/out_of_scope/cat3_nonmedical/photograph/photo_0109.png,cat3_nonmedical,photograph,"Imagenette v2 (fast.ai), a 10-class subset of ImageNet, validation split","fast.ai Imagenette: Apache-2.0. Underlying ImageNet photographs: research use only, see https://image-net.org/download.php",eval,
data/out_of_scope/cat3_nonmedical/photograph/photo_0110.png,cat3_nonmedical,photograph,"Imagenette v2 (fast.ai), a 10-class subset of ImageNet, validation split","fast.ai Imagenette: Apache-2.0. Underlying ImageNet photographs: research use only, see https://image-net.org/download.php",fit,
data/out_of_scope/cat3_nonmedical/photograph/photo_0111.png,cat3_nonmedical,photograph,"Imagenette v2 (fast.ai), a 10-class subset of ImageNet, validation split","fast.ai Imagenette: Apache-2.0. Underlying ImageNet photographs: research use only, see https://image-net.org/download.php",eval,
data/out_of_scope/cat3_nonmedical/photograph/photo_0112.png,cat3_nonmedical,photograph,"Imagenette v2 (fast.ai), a 10-class subset of ImageNet, validation split","fast.ai Imagenette: Apache-2.0. Underlying ImageNet photographs: research use only, see https://image-net.org/download.php",fit,
data/out_of_scope/cat3_nonmedical/photograph/photo_0113.png,cat3_nonmedical,photograph,"Imagenette v2 (fast.ai), a 10-class subset of ImageNet, validation split","fast.ai Imagenette: Apache-2.0. Underlying ImageNet photographs: research use only, see https://image-net.org/download.php",eval,
data/out_of_scope/cat3_nonmedical/photograph/photo_0114.png,cat3_nonmedical,photograph,"Imagenette v2 (fast.ai), a 10-class subset of ImageNet, validation split","fast.ai Imagenette: Apache-2.0. Underlying ImageNet photographs: research use only, see https://image-net.org/download.php",fit,
data/out_of_scope/cat3_nonmedical/photograph/photo_0115.png,cat3_nonmedical,photograph,"Imagenette v2 (fast.ai), a 10-class subset of ImageNet, validation split","fast.ai Imagenette: Apache-2.0. Underlying ImageNet photographs: research use only, see https://image-net.org/download.php",eval,
data/out_of_scope/cat3_nonmedical/photograph/photo_0116.png,cat3_nonmedical,photograph,"Imagenette v2 (fast.ai), a 10-class subset of ImageNet, validation split","fast.ai Imagenette: Apache-2.0. Underlying ImageNet photographs: research use only, see https://image-net.org/download.php",fit,
data/out_of_scope/cat3_nonmedical/photograph/photo_0117.png,cat3_nonmedical,photograph,"Imagenette v2 (fast.ai), a 10-class subset of ImageNet, validation split","fast.ai Imagenette: Apache-2.0. Underlying ImageNet photographs: research use only, see https://image-net.org/download.php",eval,
data/out_of_scope/cat3_nonmedical/photograph/photo_0118.png,cat3_nonmedical,photograph,"Imagenette v2 (fast.ai), a 10-class subset of ImageNet, validation split","fast.ai Imagenette: Apache-2.0. Underlying ImageNet photographs: research use only, see https://image-net.org/download.php",fit,
data/out_of_scope/cat3_nonmedical/photograph/photo_0119.png,cat3_nonmedical,photograph,"Imagenette v2 (fast.ai), a 10-class subset of ImageNet, validation split","fast.ai Imagenette: Apache-2.0. Underlying ImageNet photographs: research use only, see https://image-net.org/download.php",eval,
data/out_of_scope/cat3_nonmedical/photograph/photo_0120.png,cat3_nonmedical,photograph,"Imagenette v2 (fast.ai), a 10-class subset of ImageNet, validation split","fast.ai Imagenette: Apache-2.0. Underlying ImageNet photographs: research use only, see https://image-net.org/download.php",fit,
data/out_of_scope/cat3_nonmedical/photograph/photo_0121.png,cat3_nonmedical,photograph,"Imagenette v2 (fast.ai), a 10-class subset of ImageNet, validation split","fast.ai Imagenette: Apache-2.0. Underlying ImageNet photographs: research use only, see https://image-net.org/download.php",eval,
data/out_of_scope/cat3_nonmedical/photograph/photo_0122.png,cat3_nonmedical,photograph,"Imagenette v2 (fast.ai), a 10-class subset of ImageNet, validation split","fast.ai Imagenette: Apache-2.0. Underlying ImageNet photographs: research use only, see https://image-net.org/download.php",fit,
data/out_of_scope/cat3_nonmedical/photograph/photo_0123.png,cat3_nonmedical,photograph,"Imagenette v2 (fast.ai), a 10-class subset of ImageNet, validation split","fast.ai Imagenette: Apache-2.0. Underlying ImageNet photographs: research use only, see https://image-net.org/download.php",eval,
data/out_of_scope/cat3_nonmedical/photograph/photo_0124.png,cat3_nonmedical,photograph,"Imagenette v2 (fast.ai), a 10-class subset of ImageNet, validation split","fast.ai Imagenette: Apache-2.0. Underlying ImageNet photographs: research use only, see https://image-net.org/download.php",fit,
data/out_of_scope/cat3_nonmedical/photograph/photo_0125.png,cat3_nonmedical,photograph,"Imagenette v2 (fast.ai), a 10-class subset of ImageNet, validation split","fast.ai Imagenette: Apache-2.0. Underlying ImageNet photographs: research use only, see https://image-net.org/download.php",eval,
data/out_of_scope/cat3_nonmedical/photograph/photo_0126.png,cat3_nonmedical,photograph,"Imagenette v2 (fast.ai), a 10-class subset of ImageNet, validation split","fast.ai Imagenette: Apache-2.0. Underlying ImageNet photographs: research use only, see https://image-net.org/download.php",fit,
data/out_of_scope/cat3_nonmedical/photograph/photo_0127.png,cat3_nonmedical,photograph,"Imagenette v2 (fast.ai), a 10-class subset of ImageNet, validation split","fast.ai Imagenette: Apache-2.0. Underlying ImageNet photographs: research use only, see https://image-net.org/download.php",eval,
data/out_of_scope/cat3_nonmedical/photograph/photo_0128.png,cat3_nonmedical,photograph,"Imagenette v2 (fast.ai), a 10-class subset of ImageNet, validation split","fast.ai Imagenette: Apache-2.0. Underlying ImageNet photographs: research use only, see https://image-net.org/download.php",fit,
data/out_of_scope/cat3_nonmedical/photograph/photo_0129.png,cat3_nonmedical,photograph,"Imagenette v2 (fast.ai), a 10-class subset of ImageNet, validation split","fast.ai Imagenette: Apache-2.0. Underlying ImageNet photographs: research use only, see https://image-net.org/download.php",eval,
data/out_of_scope/cat3_nonmedical/photograph/photo_0130.png,cat3_nonmedical,photograph,"Imagenette v2 (fast.ai), a 10-class subset of ImageNet, validation split","fast.ai Imagenette: Apache-2.0. Underlying ImageNet photographs: research use only, see https://image-net.org/download.php",fit,
data/out_of_scope/cat3_nonmedical/photograph/photo_0131.png,cat3_nonmedical,photograph,"Imagenette v2 (fast.ai), a 10-class subset of ImageNet, validation split","fast.ai Imagenette: Apache-2.0. Underlying ImageNet photographs: research use only, see https://image-net.org/download.php",eval,
data/out_of_scope/cat3_nonmedical/photograph/photo_0132.png,cat3_nonmedical,photograph,"Imagenette v2 (fast.ai), a 10-class subset of ImageNet, validation split","fast.ai Imagenette: Apache-2.0. Underlying ImageNet photographs: research use only, see https://image-net.org/download.php",fit,
data/out_of_scope/cat3_nonmedical/photograph/photo_0133.png,cat3_nonmedical,photograph,"Imagenette v2 (fast.ai), a 10-class subset of ImageNet, validation split","fast.ai Imagenette: Apache-2.0. Underlying ImageNet photographs: research use only, see https://image-net.org/download.php",eval,
data/out_of_scope/cat3_nonmedical/photograph/photo_0134.png,cat3_nonmedical,photograph,"Imagenette v2 (fast.ai), a 10-class subset of ImageNet, validation split","fast.ai Imagenette: Apache-2.0. Underlying ImageNet photographs: research use only, see https://image-net.org/download.php",fit,
data/out_of_scope/cat3_nonmedical/photograph/photo_0135.png,cat3_nonmedical,photograph,"Imagenette v2 (fast.ai), a 10-class subset of ImageNet, validation split","fast.ai Imagenette: Apache-2.0. Underlying ImageNet photographs: research use only, see https://image-net.org/download.php",eval,
data/out_of_scope/cat3_nonmedical/photograph/photo_0136.png,cat3_nonmedical,photograph,"Imagenette v2 (fast.ai), a 10-class subset of ImageNet, validation split","fast.ai Imagenette: Apache-2.0. Underlying ImageNet photographs: research use only, see https://image-net.org/download.php",fit,
data/out_of_scope/cat3_nonmedical/photograph/photo_0137.png,cat3_nonmedical,photograph,"Imagenette v2 (fast.ai), a 10-class subset of ImageNet, validation split","fast.ai Imagenette: Apache-2.0. Underlying ImageNet photographs: research use only, see https://image-net.org/download.php",eval,
data/out_of_scope/cat3_nonmedical/photograph/photo_0138.png,cat3_nonmedical,photograph,"Imagenette v2 (fast.ai), a 10-class subset of ImageNet, validation split","fast.ai Imagenette: Apache-2.0. Underlying ImageNet photographs: research use only, see https://image-net.org/download.php",fit,
data/out_of_scope/cat3_nonmedical/photograph/photo_0139.png,cat3_nonmedical,photograph,"Imagenette v2 (fast.ai), a 10-class subset of ImageNet, validation split","fast.ai Imagenette: Apache-2.0. Underlying ImageNet photographs: research use only, see https://image-net.org/download.php",eval,
data/out_of_scope/cat3_nonmedical/photograph/photo_0140.png,cat3_nonmedical,photograph,"Imagenette v2 (fast.ai), a 10-class subset of ImageNet, validation split","fast.ai Imagenette: Apache-2.0. Underlying ImageNet photographs: research use only, see https://image-net.org/download.php",fit,
data/out_of_scope/cat3_nonmedical/photograph/photo_0141.png,cat3_nonmedical,photograph,"Imagenette v2 (fast.ai), a 10-class subset of ImageNet, validation split","fast.ai Imagenette: Apache-2.0. Underlying ImageNet photographs: research use only, see https://image-net.org/download.php",eval,
data/out_of_scope/cat3_nonmedical/photograph/photo_0142.png,cat3_nonmedical,photograph,"Imagenette v2 (fast.ai), a 10-class subset of ImageNet, validation split","fast.ai Imagenette: Apache-2.0. Underlying ImageNet photographs: research use only, see https://image-net.org/download.php",fit,
data/out_of_scope/cat3_nonmedical/photograph/photo_0143.png,cat3_nonmedical,photograph,"Imagenette v2 (fast.ai), a 10-class subset of ImageNet, validation split","fast.ai Imagenette: Apache-2.0. Underlying ImageNet photographs: research use only, see https://image-net.org/download.php",eval,
data/out_of_scope/cat3_nonmedical/photograph/photo_0144.png,cat3_nonmedical,photograph,"Imagenette v2 (fast.ai), a 10-class subset of ImageNet, validation split","fast.ai Imagenette: Apache-2.0. Underlying ImageNet photographs: research use only, see https://image-net.org/download.php",fit,
data/out_of_scope/cat3_nonmedical/photograph/photo_0145.png,cat3_nonmedical,photograph,"Imagenette v2 (fast.ai), a 10-class subset of ImageNet, validation split","fast.ai Imagenette: Apache-2.0. Underlying ImageNet photographs: research use only, see https://image-net.org/download.php",eval,
data/out_of_scope/cat3_nonmedical/photograph/photo_0146.png,cat3_nonmedical,photograph,"Imagenette v2 (fast.ai), a 10-class subset of ImageNet, validation split","fast.ai Imagenette: Apache-2.0. Underlying ImageNet photographs: research use only, see https://image-net.org/download.php",fit,
data/out_of_scope/cat3_nonmedical/photograph/photo_0147.png,cat3_nonmedical,photograph,"Imagenette v2 (fast.ai), a 10-class subset of ImageNet, validation split","fast.ai Imagenette: Apache-2.0. Underlying ImageNet photographs: research use only, see https://image-net.org/download.php",eval,
data/out_of_scope/cat3_nonmedical/photograph/photo_0148.png,cat3_nonmedical,photograph,"Imagenette v2 (fast.ai), a 10-class subset of ImageNet, validation split","fast.ai Imagenette: Apache-2.0. Underlying ImageNet photographs: research use only, see https://image-net.org/download.php",fit,
data/out_of_scope/cat3_nonmedical/photograph/photo_0149.png,cat3_nonmedical,photograph,"Imagenette v2 (fast.ai), a 10-class subset of ImageNet, validation split","fast.ai Imagenette: Apache-2.0. Underlying ImageNet photographs: research use only, see https://image-net.org/download.php",eval,
data/out_of_scope/cat3_nonmedical/photograph/photo_0150.png,cat3_nonmedical,photograph,"Imagenette v2 (fast.ai), a 10-class subset of ImageNet, validation split","fast.ai Imagenette: Apache-2.0. Underlying ImageNet photographs: research use only, see https://image-net.org/download.php",fit,
data/out_of_scope/cat3_nonmedical/photograph/photo_0151.png,cat3_nonmedical,photograph,"Imagenette v2 (fast.ai), a 10-class subset of ImageNet, validation split","fast.ai Imagenette: Apache-2.0. Underlying ImageNet photographs: research use only, see https://image-net.org/download.php",eval,
data/out_of_scope/cat3_nonmedical/photograph/photo_0152.png,cat3_nonmedical,photograph,"Imagenette v2 (fast.ai), a 10-class subset of ImageNet, validation split","fast.ai Imagenette: Apache-2.0. Underlying ImageNet photographs: research use only, see https://image-net.org/download.php",fit,
data/out_of_scope/cat3_nonmedical/photograph/photo_0153.png,cat3_nonmedical,photograph,"Imagenette v2 (fast.ai), a 10-class subset of ImageNet, validation split","fast.ai Imagenette: Apache-2.0. Underlying ImageNet photographs: research use only, see https://image-net.org/download.php",eval,
data/out_of_scope/cat3_nonmedical/photograph/photo_0154.png,cat3_nonmedical,photograph,"Imagenette v2 (fast.ai), a 10-class subset of ImageNet, validation split","fast.ai Imagenette: Apache-2.0. Underlying ImageNet photographs: research use only, see https://image-net.org/download.php",fit,
data/out_of_scope/cat3_nonmedical/photograph/photo_0155.png,cat3_nonmedical,photograph,"Imagenette v2 (fast.ai), a 10-class subset of ImageNet, validation split","fast.ai Imagenette: Apache-2.0. Underlying ImageNet photographs: research use only, see https://image-net.org/download.php",eval,
data/out_of_scope/cat3_nonmedical/photograph/photo_0156.png,cat3_nonmedical,photograph,"Imagenette v2 (fast.ai), a 10-class subset of ImageNet, validation split","fast.ai Imagenette: Apache-2.0. Underlying ImageNet photographs: research use only, see https://image-net.org/download.php",fit,
data/out_of_scope/cat3_nonmedical/photograph/photo_0157.png,cat3_nonmedical,photograph,"Imagenette v2 (fast.ai), a 10-class subset of ImageNet, validation split","fast.ai Imagenette: Apache-2.0. Underlying ImageNet photographs: research use only, see https://image-net.org/download.php",eval,
data/out_of_scope/cat3_nonmedical/photograph/photo_0158.png,cat3_nonmedical,photograph,"Imagenette v2 (fast.ai), a 10-class subset of ImageNet, validation split","fast.ai Imagenette: Apache-2.0. Underlying ImageNet photographs: research use only, see https://image-net.org/download.php",fit,
data/out_of_scope/cat3_nonmedical/photograph/photo_0159.png,cat3_nonmedical,photograph,"Imagenette v2 (fast.ai), a 10-class subset of ImageNet, validation split","fast.ai Imagenette: Apache-2.0. Underlying ImageNet photographs: research use only, see https://image-net.org/download.php",eval,
data/out_of_scope/cat3_nonmedical/photograph/photo_0160.png,cat3_nonmedical,photograph,"Imagenette v2 (fast.ai), a 10-class subset of ImageNet, validation split","fast.ai Imagenette: Apache-2.0. Underlying ImageNet photographs: research use only, see https://image-net.org/download.php",fit,
data/out_of_scope/cat3_nonmedical/photograph/photo_0161.png,cat3_nonmedical,photograph,"Imagenette v2 (fast.ai), a 10-class subset of ImageNet, validation split","fast.ai Imagenette: Apache-2.0. Underlying ImageNet photographs: research use only, see https://image-net.org/download.php",eval,
data/out_of_scope/cat3_nonmedical/photograph/photo_0162.png,cat3_nonmedical,photograph,"Imagenette v2 (fast.ai), a 10-class subset of ImageNet, validation split","fast.ai Imagenette: Apache-2.0. Underlying ImageNet photographs: research use only, see https://image-net.org/download.php",fit,
data/out_of_scope/cat3_nonmedical/photograph/photo_0163.png,cat3_nonmedical,photograph,"Imagenette v2 (fast.ai), a 10-class subset of ImageNet, validation split","fast.ai Imagenette: Apache-2.0. Underlying ImageNet photographs: research use only, see https://image-net.org/download.php",eval,
data/out_of_scope/cat3_nonmedical/photograph/photo_0164.png,cat3_nonmedical,photograph,"Imagenette v2 (fast.ai), a 10-class subset of ImageNet, validation split","fast.ai Imagenette: Apache-2.0. Underlying ImageNet photographs: research use only, see https://image-net.org/download.php",fit,
data/out_of_scope/cat3_nonmedical/photograph/photo_0165.png,cat3_nonmedical,photograph,"Imagenette v2 (fast.ai), a 10-class subset of ImageNet, validation split","fast.ai Imagenette: Apache-2.0. Underlying ImageNet photographs: research use only, see https://image-net.org/download.php",eval,
data/out_of_scope/cat3_nonmedical/photograph/photo_0166.png,cat3_nonmedical,photograph,"Imagenette v2 (fast.ai), a 10-class subset of ImageNet, validation split","fast.ai Imagenette: Apache-2.0. Underlying ImageNet photographs: research use only, see https://image-net.org/download.php",fit,
data/out_of_scope/cat3_nonmedical/photograph/photo_0167.png,cat3_nonmedical,photograph,"Imagenette v2 (fast.ai), a 10-class subset of ImageNet, validation split","fast.ai Imagenette: Apache-2.0. Underlying ImageNet photographs: research use only, see https://image-net.org/download.php",eval,
data/out_of_scope/cat3_nonmedical/photograph/photo_0168.png,cat3_nonmedical,photograph,"Imagenette v2 (fast.ai), a 10-class subset of ImageNet, validation split","fast.ai Imagenette: Apache-2.0. Underlying ImageNet photographs: research use only, see https://image-net.org/download.php",fit,
data/out_of_scope/cat3_nonmedical/photograph/photo_0169.png,cat3_nonmedical,photograph,"Imagenette v2 (fast.ai), a 10-class subset of ImageNet, validation split","fast.ai Imagenette: Apache-2.0. Underlying ImageNet photographs: research use only, see https://image-net.org/download.php",eval,
data/out_of_scope/cat3_nonmedical/photograph/photo_0170.png,cat3_nonmedical,photograph,"Imagenette v2 (fast.ai), a 10-class subset of ImageNet, validation split","fast.ai Imagenette: Apache-2.0. Underlying ImageNet photographs: research use only, see https://image-net.org/download.php",fit,
data/out_of_scope/cat3_nonmedical/photograph/photo_0171.png,cat3_nonmedical,photograph,"Imagenette v2 (fast.ai), a 10-class subset of ImageNet, validation split","fast.ai Imagenette: Apache-2.0. Underlying ImageNet photographs: research use only, see https://image-net.org/download.php",eval,
data/out_of_scope/cat3_nonmedical/photograph/photo_0172.png,cat3_nonmedical,photograph,"Imagenette v2 (fast.ai), a 10-class subset of ImageNet, validation split","fast.ai Imagenette: Apache-2.0. Underlying ImageNet photographs: research use only, see https://image-net.org/download.php",fit,
data/out_of_scope/cat3_nonmedical/photograph/photo_0173.png,cat3_nonmedical,photograph,"Imagenette v2 (fast.ai), a 10-class subset of ImageNet, validation split","fast.ai Imagenette: Apache-2.0. Underlying ImageNet photographs: research use only, see https://image-net.org/download.php",eval,
data/out_of_scope/cat3_nonmedical/photograph/photo_0174.png,cat3_nonmedical,photograph,"Imagenette v2 (fast.ai), a 10-class subset of ImageNet, validation split","fast.ai Imagenette: Apache-2.0. Underlying ImageNet photographs: research use only, see https://image-net.org/download.php",fit,
data/out_of_scope/cat3_nonmedical/photograph/photo_0175.png,cat3_nonmedical,photograph,"Imagenette v2 (fast.ai), a 10-class subset of ImageNet, validation split","fast.ai Imagenette: Apache-2.0. Underlying ImageNet photographs: research use only, see https://image-net.org/download.php",eval,
data/out_of_scope/cat3_nonmedical/photograph/photo_0176.png,cat3_nonmedical,photograph,"Imagenette v2 (fast.ai), a 10-class subset of ImageNet, validation split","fast.ai Imagenette: Apache-2.0. Underlying ImageNet photographs: research use only, see https://image-net.org/download.php",fit,
data/out_of_scope/cat3_nonmedical/photograph/photo_0177.png,cat3_nonmedical,photograph,"Imagenette v2 (fast.ai), a 10-class subset of ImageNet, validation split","fast.ai Imagenette: Apache-2.0. Underlying ImageNet photographs: research use only, see https://image-net.org/download.php",eval,
data/out_of_scope/cat3_nonmedical/photograph/photo_0178.png,cat3_nonmedical,photograph,"Imagenette v2 (fast.ai), a 10-class subset of ImageNet, validation split","fast.ai Imagenette: Apache-2.0. Underlying ImageNet photographs: research use only, see https://image-net.org/download.php",fit,
data/out_of_scope/cat3_nonmedical/photograph/photo_0179.png,cat3_nonmedical,photograph,"Imagenette v2 (fast.ai), a 10-class subset of ImageNet, validation split","fast.ai Imagenette: Apache-2.0. Underlying ImageNet photographs: research use only, see https://image-net.org/download.php",eval,
data/out_of_scope/cat3_nonmedical/photograph/photo_0180.png,cat3_nonmedical,photograph,"Imagenette v2 (fast.ai), a 10-class subset of ImageNet, validation split","fast.ai Imagenette: Apache-2.0. Underlying ImageNet photographs: research use only, see https://image-net.org/download.php",fit,
data/out_of_scope/cat3_nonmedical/photograph/photo_0181.png,cat3_nonmedical,photograph,"Imagenette v2 (fast.ai), a 10-class subset of ImageNet, validation split","fast.ai Imagenette: Apache-2.0. Underlying ImageNet photographs: research use only, see https://image-net.org/download.php",eval,
data/out_of_scope/cat3_nonmedical/photograph/photo_0182.png,cat3_nonmedical,photograph,"Imagenette v2 (fast.ai), a 10-class subset of ImageNet, validation split","fast.ai Imagenette: Apache-2.0. Underlying ImageNet photographs: research use only, see https://image-net.org/download.php",fit,
data/out_of_scope/cat3_nonmedical/photograph/photo_0183.png,cat3_nonmedical,photograph,"Imagenette v2 (fast.ai), a 10-class subset of ImageNet, validation split","fast.ai Imagenette: Apache-2.0. Underlying ImageNet photographs: research use only, see https://image-net.org/download.php",eval,
data/out_of_scope/cat3_nonmedical/photograph/photo_0184.png,cat3_nonmedical,photograph,"Imagenette v2 (fast.ai), a 10-class subset of ImageNet, validation split","fast.ai Imagenette: Apache-2.0. Underlying ImageNet photographs: research use only, see https://image-net.org/download.php",fit,
data/out_of_scope/cat3_nonmedical/photograph/photo_0185.png,cat3_nonmedical,photograph,"Imagenette v2 (fast.ai), a 10-class subset of ImageNet, validation split","fast.ai Imagenette: Apache-2.0. Underlying ImageNet photographs: research use only, see https://image-net.org/download.php",eval,
data/out_of_scope/cat3_nonmedical/photograph/photo_0186.png,cat3_nonmedical,photograph,"Imagenette v2 (fast.ai), a 10-class subset of ImageNet, validation split","fast.ai Imagenette: Apache-2.0. Underlying ImageNet photographs: research use only, see https://image-net.org/download.php",fit,
data/out_of_scope/cat3_nonmedical/photograph/photo_0187.png,cat3_nonmedical,photograph,"Imagenette v2 (fast.ai), a 10-class subset of ImageNet, validation split","fast.ai Imagenette: Apache-2.0. Underlying ImageNet photographs: research use only, see https://image-net.org/download.php",eval,
data/out_of_scope/cat3_nonmedical/photograph/photo_0188.png,cat3_nonmedical,photograph,"Imagenette v2 (fast.ai), a 10-class subset of ImageNet, validation split","fast.ai Imagenette: Apache-2.0. Underlying ImageNet photographs: research use only, see https://image-net.org/download.php",fit,
data/out_of_scope/cat3_nonmedical/photograph/photo_0189.png,cat3_nonmedical,photograph,"Imagenette v2 (fast.ai), a 10-class subset of ImageNet, validation split","fast.ai Imagenette: Apache-2.0. Underlying ImageNet photographs: research use only, see https://image-net.org/download.php",eval,
data/out_of_scope/cat3_nonmedical/photograph/photo_0190.png,cat3_nonmedical,photograph,"Imagenette v2 (fast.ai), a 10-class subset of ImageNet, validation split","fast.ai Imagenette: Apache-2.0. Underlying ImageNet photographs: research use only, see https://image-net.org/download.php",fit,
data/out_of_scope/cat3_nonmedical/photograph/photo_0191.png,cat3_nonmedical,photograph,"Imagenette v2 (fast.ai), a 10-class subset of ImageNet, validation split","fast.ai Imagenette: Apache-2.0. Underlying ImageNet photographs: research use only, see https://image-net.org/download.php",eval,
data/out_of_scope/cat3_nonmedical/photograph/photo_0192.png,cat3_nonmedical,photograph,"Imagenette v2 (fast.ai), a 10-class subset of ImageNet, validation split","fast.ai Imagenette: Apache-2.0. Underlying ImageNet photographs: research use only, see https://image-net.org/download.php",fit,
data/out_of_scope/cat3_nonmedical/photograph/photo_0193.png,cat3_nonmedical,photograph,"Imagenette v2 (fast.ai), a 10-class subset of ImageNet, validation split","fast.ai Imagenette: Apache-2.0. Underlying ImageNet photographs: research use only, see https://image-net.org/download.php",eval,
data/out_of_scope/cat3_nonmedical/photograph/photo_0194.png,cat3_nonmedical,photograph,"Imagenette v2 (fast.ai), a 10-class subset of ImageNet, validation split","fast.ai Imagenette: Apache-2.0. Underlying ImageNet photographs: research use only, see https://image-net.org/download.php",fit,
data/out_of_scope/cat3_nonmedical/photograph/photo_0195.png,cat3_nonmedical,photograph,"Imagenette v2 (fast.ai), a 10-class subset of ImageNet, validation split","fast.ai Imagenette: Apache-2.0. Underlying ImageNet photographs: research use only, see https://image-net.org/download.php",eval,
data/out_of_scope/cat3_nonmedical/photograph/photo_0196.png,cat3_nonmedical,photograph,"Imagenette v2 (fast.ai), a 10-class subset of ImageNet, validation split","fast.ai Imagenette: Apache-2.0. Underlying ImageNet photographs: research use only, see https://image-net.org/download.php",fit,
data/out_of_scope/cat3_nonmedical/photograph/photo_0197.png,cat3_nonmedical,photograph,"Imagenette v2 (fast.ai), a 10-class subset of ImageNet, validation split","fast.ai Imagenette: Apache-2.0. Underlying ImageNet photographs: research use only, see https://image-net.org/download.php",eval,
data/out_of_scope/cat3_nonmedical/photograph/photo_0198.png,cat3_nonmedical,photograph,"Imagenette v2 (fast.ai), a 10-class subset of ImageNet, validation split","fast.ai Imagenette: Apache-2.0. Underlying ImageNet photographs: research use only, see https://image-net.org/download.php",fit,
data/out_of_scope/cat3_nonmedical/photograph/photo_0199.png,cat3_nonmedical,photograph,"Imagenette v2 (fast.ai), a 10-class subset of ImageNet, validation split","fast.ai Imagenette: Apache-2.0. Underlying ImageNet photographs: research use only, see https://image-net.org/download.php",eval,
data/out_of_scope/cat3_nonmedical/photograph/photo_0200.png,cat3_nonmedical,photograph,"Imagenette v2 (fast.ai), a 10-class subset of ImageNet, validation split","fast.ai Imagenette: Apache-2.0. Underlying ImageNet photographs: research use only, see https://image-net.org/download.php",fit,
data/out_of_scope/cat3_nonmedical/photograph/photo_0201.png,cat3_nonmedical,photograph,"Imagenette v2 (fast.ai), a 10-class subset of ImageNet, validation split","fast.ai Imagenette: Apache-2.0. Underlying ImageNet photographs: research use only, see https://image-net.org/download.php",eval,
data/out_of_scope/cat3_nonmedical/photograph/photo_0202.png,cat3_nonmedical,photograph,"Imagenette v2 (fast.ai), a 10-class subset of ImageNet, validation split","fast.ai Imagenette: Apache-2.0. Underlying ImageNet photographs: research use only, see https://image-net.org/download.php",fit,
data/out_of_scope/cat3_nonmedical/photograph/photo_0203.png,cat3_nonmedical,photograph,"Imagenette v2 (fast.ai), a 10-class subset of ImageNet, validation split","fast.ai Imagenette: Apache-2.0. Underlying ImageNet photographs: research use only, see https://image-net.org/download.php",eval,
data/out_of_scope/cat3_nonmedical/photograph/photo_0204.png,cat3_nonmedical,photograph,"Imagenette v2 (fast.ai), a 10-class subset of ImageNet, validation split","fast.ai Imagenette: Apache-2.0. Underlying ImageNet photographs: research use only, see https://image-net.org/download.php",fit,
data/out_of_scope/cat3_nonmedical/photograph/photo_0205.png,cat3_nonmedical,photograph,"Imagenette v2 (fast.ai), a 10-class subset of ImageNet, validation split","fast.ai Imagenette: Apache-2.0. Underlying ImageNet photographs: research use only, see https://image-net.org/download.php",eval,
data/out_of_scope/cat3_nonmedical/photograph/photo_0206.png,cat3_nonmedical,photograph,"Imagenette v2 (fast.ai), a 10-class subset of ImageNet, validation split","fast.ai Imagenette: Apache-2.0. Underlying ImageNet photographs: research use only, see https://image-net.org/download.php",fit,
data/out_of_scope/cat3_nonmedical/photograph/photo_0207.png,cat3_nonmedical,photograph,"Imagenette v2 (fast.ai), a 10-class subset of ImageNet, validation split","fast.ai Imagenette: Apache-2.0. Underlying ImageNet photographs: research use only, see https://image-net.org/download.php",eval,
data/out_of_scope/cat3_nonmedical/photograph/photo_0208.png,cat3_nonmedical,photograph,"Imagenette v2 (fast.ai), a 10-class subset of ImageNet, validation split","fast.ai Imagenette: Apache-2.0. Underlying ImageNet photographs: research use only, see https://image-net.org/download.php",fit,
data/out_of_scope/cat3_nonmedical/photograph/photo_0209.png,cat3_nonmedical,photograph,"Imagenette v2 (fast.ai), a 10-class subset of ImageNet, validation split","fast.ai Imagenette: Apache-2.0. Underlying ImageNet photographs: research use only, see https://image-net.org/download.php",eval,
data/out_of_scope/cat3_nonmedical/photograph/photo_0210.png,cat3_nonmedical,photograph,"Imagenette v2 (fast.ai), a 10-class subset of ImageNet, validation split","fast.ai Imagenette: Apache-2.0. Underlying ImageNet photographs: research use only, see https://image-net.org/download.php",fit,
data/out_of_scope/cat3_nonmedical/photograph/photo_0211.png,cat3_nonmedical,photograph,"Imagenette v2 (fast.ai), a 10-class subset of ImageNet, validation split","fast.ai Imagenette: Apache-2.0. Underlying ImageNet photographs: research use only, see https://image-net.org/download.php",eval,
data/out_of_scope/cat3_nonmedical/photograph/photo_0212.png,cat3_nonmedical,photograph,"Imagenette v2 (fast.ai), a 10-class subset of ImageNet, validation split","fast.ai Imagenette: Apache-2.0. Underlying ImageNet photographs: research use only, see https://image-net.org/download.php",fit,
data/out_of_scope/cat3_nonmedical/photograph/photo_0213.png,cat3_nonmedical,photograph,"Imagenette v2 (fast.ai), a 10-class subset of ImageNet, validation split","fast.ai Imagenette: Apache-2.0. Underlying ImageNet photographs: research use only, see https://image-net.org/download.php",eval,
data/out_of_scope/cat3_nonmedical/photograph/photo_0214.png,cat3_nonmedical,photograph,"Imagenette v2 (fast.ai), a 10-class subset of ImageNet, validation split","fast.ai Imagenette: Apache-2.0. Underlying ImageNet photographs: research use only, see https://image-net.org/download.php",fit,
data/out_of_scope/cat3_nonmedical/photograph/photo_0215.png,cat3_nonmedical,photograph,"Imagenette v2 (fast.ai), a 10-class subset of ImageNet, validation split","fast.ai Imagenette: Apache-2.0. Underlying ImageNet photographs: research use only, see https://image-net.org/download.php",eval,
data/out_of_scope/cat3_nonmedical/photograph/photo_0216.png,cat3_nonmedical,photograph,"Imagenette v2 (fast.ai), a 10-class subset of ImageNet, validation split","fast.ai Imagenette: Apache-2.0. Underlying ImageNet photographs: research use only, see https://image-net.org/download.php",fit,
data/out_of_scope/cat3_nonmedical/photograph/photo_0217.png,cat3_nonmedical,photograph,"Imagenette v2 (fast.ai), a 10-class subset of ImageNet, validation split","fast.ai Imagenette: Apache-2.0. Underlying ImageNet photographs: research use only, see https://image-net.org/download.php",eval,
data/out_of_scope/cat3_nonmedical/photograph/photo_0218.png,cat3_nonmedical,photograph,"Imagenette v2 (fast.ai), a 10-class subset of ImageNet, validation split","fast.ai Imagenette: Apache-2.0. Underlying ImageNet photographs: research use only, see https://image-net.org/download.php",fit,
data/out_of_scope/cat3_nonmedical/photograph/photo_0219.png,cat3_nonmedical,photograph,"Imagenette v2 (fast.ai), a 10-class subset of ImageNet, validation split","fast.ai Imagenette: Apache-2.0. Underlying ImageNet photographs: research use only, see https://image-net.org/download.php",eval,
data/out_of_scope/cat3_nonmedical/photograph/photo_0220.png,cat3_nonmedical,photograph,"Imagenette v2 (fast.ai), a 10-class subset of ImageNet, validation split","fast.ai Imagenette: Apache-2.0. Underlying ImageNet photographs: research use only, see https://image-net.org/download.php",fit,
data/out_of_scope/cat3_nonmedical/photograph/photo_0221.png,cat3_nonmedical,photograph,"Imagenette v2 (fast.ai), a 10-class subset of ImageNet, validation split","fast.ai Imagenette: Apache-2.0. Underlying ImageNet photographs: research use only, see https://image-net.org/download.php",eval,
data/out_of_scope/cat3_nonmedical/photograph/photo_0222.png,cat3_nonmedical,photograph,"Imagenette v2 (fast.ai), a 10-class subset of ImageNet, validation split","fast.ai Imagenette: Apache-2.0. Underlying ImageNet photographs: research use only, see https://image-net.org/download.php",fit,
data/out_of_scope/cat3_nonmedical/photograph/photo_0223.png,cat3_nonmedical,photograph,"Imagenette v2 (fast.ai), a 10-class subset of ImageNet, validation split","fast.ai Imagenette: Apache-2.0. Underlying ImageNet photographs: research use only, see https://image-net.org/download.php",eval,
data/out_of_scope/cat3_nonmedical/photograph/photo_0224.png,cat3_nonmedical,photograph,"Imagenette v2 (fast.ai), a 10-class subset of ImageNet, validation split","fast.ai Imagenette: Apache-2.0. Underlying ImageNet photographs: research use only, see https://image-net.org/download.php",fit,
data/out_of_scope/cat3_nonmedical/photograph/photo_0225.png,cat3_nonmedical,photograph,"Imagenette v2 (fast.ai), a 10-class subset of ImageNet, validation split","fast.ai Imagenette: Apache-2.0. Underlying ImageNet photographs: research use only, see https://image-net.org/download.php",eval,
data/out_of_scope/cat3_nonmedical/photograph/photo_0226.png,cat3_nonmedical,photograph,"Imagenette v2 (fast.ai), a 10-class subset of ImageNet, validation split","fast.ai Imagenette: Apache-2.0. Underlying ImageNet photographs: research use only, see https://image-net.org/download.php",fit,
data/out_of_scope/cat3_nonmedical/photograph/photo_0227.png,cat3_nonmedical,photograph,"Imagenette v2 (fast.ai), a 10-class subset of ImageNet, validation split","fast.ai Imagenette: Apache-2.0. Underlying ImageNet photographs: research use only, see https://image-net.org/download.php",eval,
data/out_of_scope/cat3_nonmedical/photograph/photo_0228.png,cat3_nonmedical,photograph,"Imagenette v2 (fast.ai), a 10-class subset of ImageNet, validation split","fast.ai Imagenette: Apache-2.0. Underlying ImageNet photographs: research use only, see https://image-net.org/download.php",fit,
data/out_of_scope/cat3_nonmedical/photograph/photo_0229.png,cat3_nonmedical,photograph,"Imagenette v2 (fast.ai), a 10-class subset of ImageNet, validation split","fast.ai Imagenette: Apache-2.0. Underlying ImageNet photographs: research use only, see https://image-net.org/download.php",eval,
data/out_of_scope/cat3_nonmedical/photograph/photo_0230.png,cat3_nonmedical,photograph,"Imagenette v2 (fast.ai), a 10-class subset of ImageNet, validation split","fast.ai Imagenette: Apache-2.0. Underlying ImageNet photographs: research use only, see https://image-net.org/download.php",fit,
data/out_of_scope/cat3_nonmedical/photograph/photo_0231.png,cat3_nonmedical,photograph,"Imagenette v2 (fast.ai), a 10-class subset of ImageNet, validation split","fast.ai Imagenette: Apache-2.0. Underlying ImageNet photographs: research use only, see https://image-net.org/download.php",eval,
data/out_of_scope/cat3_nonmedical/photograph/photo_0232.png,cat3_nonmedical,photograph,"Imagenette v2 (fast.ai), a 10-class subset of ImageNet, validation split","fast.ai Imagenette: Apache-2.0. Underlying ImageNet photographs: research use only, see https://image-net.org/download.php",fit,
data/out_of_scope/cat3_nonmedical/photograph/photo_0233.png,cat3_nonmedical,photograph,"Imagenette v2 (fast.ai), a 10-class subset of ImageNet, validation split","fast.ai Imagenette: Apache-2.0. Underlying ImageNet photographs: research use only, see https://image-net.org/download.php",eval,
data/out_of_scope/cat3_nonmedical/photograph/photo_0234.png,cat3_nonmedical,photograph,"Imagenette v2 (fast.ai), a 10-class subset of ImageNet, validation split","fast.ai Imagenette: Apache-2.0. Underlying ImageNet photographs: research use only, see https://image-net.org/download.php",fit,
data/out_of_scope/cat3_nonmedical/photograph/photo_0235.png,cat3_nonmedical,photograph,"Imagenette v2 (fast.ai), a 10-class subset of ImageNet, validation split","fast.ai Imagenette: Apache-2.0. Underlying ImageNet photographs: research use only, see https://image-net.org/download.php",eval,
data/out_of_scope/cat3_nonmedical/photograph/photo_0236.png,cat3_nonmedical,photograph,"Imagenette v2 (fast.ai), a 10-class subset of ImageNet, validation split","fast.ai Imagenette: Apache-2.0. Underlying ImageNet photographs: research use only, see https://image-net.org/download.php",fit,
data/out_of_scope/cat3_nonmedical/photograph/photo_0237.png,cat3_nonmedical,photograph,"Imagenette v2 (fast.ai), a 10-class subset of ImageNet, validation split","fast.ai Imagenette: Apache-2.0. Underlying ImageNet photographs: research use only, see https://image-net.org/download.php",eval,
data/out_of_scope/cat3_nonmedical/photograph/photo_0238.png,cat3_nonmedical,photograph,"Imagenette v2 (fast.ai), a 10-class subset of ImageNet, validation split","fast.ai Imagenette: Apache-2.0. Underlying ImageNet photographs: research use only, see https://image-net.org/download.php",fit,
data/out_of_scope/cat3_nonmedical/photograph/photo_0239.png,cat3_nonmedical,photograph,"Imagenette v2 (fast.ai), a 10-class subset of ImageNet, validation split","fast.ai Imagenette: Apache-2.0. Underlying ImageNet photographs: research use only, see https://image-net.org/download.php",eval,
data/out_of_scope/cat4_out_of_scope_brain/vestibular_schwannoma/VS-MC-RC-002_009.png,cat4_out_of_scope_brain,vestibular_schwannoma,"TCIA Vestibular-Schwannoma-MC-RC, routine clinical T1 contrast-enhanced and T2 brain MRI of vestibular schwannoma",CC BY 4.0,fit,VS-MC-RC-002
data/out_of_scope/cat4_out_of_scope_brain/vestibular_schwannoma/VS-MC-RC-002_012.png,cat4_out_of_scope_brain,vestibular_schwannoma,"TCIA Vestibular-Schwannoma-MC-RC, routine clinical T1 contrast-enhanced and T2 brain MRI of vestibular schwannoma",CC BY 4.0,fit,VS-MC-RC-002
data/out_of_scope/cat4_out_of_scope_brain/vestibular_schwannoma/VS-MC-RC-002_015.png,cat4_out_of_scope_brain,vestibular_schwannoma,"TCIA Vestibular-Schwannoma-MC-RC, routine clinical T1 contrast-enhanced and T2 brain MRI of vestibular schwannoma",CC BY 4.0,fit,VS-MC-RC-002
data/out_of_scope/cat4_out_of_scope_brain/vestibular_schwannoma/VS-MC-RC-002_019.png,cat4_out_of_scope_brain,vestibular_schwannoma,"TCIA Vestibular-Schwannoma-MC-RC, routine clinical T1 contrast-enhanced and T2 brain MRI of vestibular schwannoma",CC BY 4.0,fit,VS-MC-RC-002
data/out_of_scope/cat4_out_of_scope_brain/vestibular_schwannoma/VS-MC-RC-002_022.png,cat4_out_of_scope_brain,vestibular_schwannoma,"TCIA Vestibular-Schwannoma-MC-RC, routine clinical T1 contrast-enhanced and T2 brain MRI of vestibular schwannoma",CC BY 4.0,fit,VS-MC-RC-002
data/out_of_scope/cat4_out_of_scope_brain/vestibular_schwannoma/VS-MC-RC-002_026.png,cat4_out_of_scope_brain,vestibular_schwannoma,"TCIA Vestibular-Schwannoma-MC-RC, routine clinical T1 contrast-enhanced and T2 brain MRI of vestibular schwannoma",CC BY 4.0,fit,VS-MC-RC-002
data/out_of_scope/cat4_out_of_scope_brain/vestibular_schwannoma/VS-MC-RC-005_036.png,cat4_out_of_scope_brain,vestibular_schwannoma,"TCIA Vestibular-Schwannoma-MC-RC, routine clinical T1 contrast-enhanced and T2 brain MRI of vestibular schwannoma",CC BY 4.0,fit,VS-MC-RC-005
data/out_of_scope/cat4_out_of_scope_brain/vestibular_schwannoma/VS-MC-RC-005_050.png,cat4_out_of_scope_brain,vestibular_schwannoma,"TCIA Vestibular-Schwannoma-MC-RC, routine clinical T1 contrast-enhanced and T2 brain MRI of vestibular schwannoma",CC BY 4.0,fit,VS-MC-RC-005
data/out_of_scope/cat4_out_of_scope_brain/vestibular_schwannoma/VS-MC-RC-005_064.png,cat4_out_of_scope_brain,vestibular_schwannoma,"TCIA Vestibular-Schwannoma-MC-RC, routine clinical T1 contrast-enhanced and T2 brain MRI of vestibular schwannoma",CC BY 4.0,fit,VS-MC-RC-005
data/out_of_scope/cat4_out_of_scope_brain/vestibular_schwannoma/VS-MC-RC-005_078.png,cat4_out_of_scope_brain,vestibular_schwannoma,"TCIA Vestibular-Schwannoma-MC-RC, routine clinical T1 contrast-enhanced and T2 brain MRI of vestibular schwannoma",CC BY 4.0,fit,VS-MC-RC-005
data/out_of_scope/cat4_out_of_scope_brain/vestibular_schwannoma/VS-MC-RC-005_092.png,cat4_out_of_scope_brain,vestibular_schwannoma,"TCIA Vestibular-Schwannoma-MC-RC, routine clinical T1 contrast-enhanced and T2 brain MRI of vestibular schwannoma",CC BY 4.0,fit,VS-MC-RC-005
data/out_of_scope/cat4_out_of_scope_brain/vestibular_schwannoma/VS-MC-RC-005_107.png,cat4_out_of_scope_brain,vestibular_schwannoma,"TCIA Vestibular-Schwannoma-MC-RC, routine clinical T1 contrast-enhanced and T2 brain MRI of vestibular schwannoma",CC BY 4.0,fit,VS-MC-RC-005
data/out_of_scope/cat4_out_of_scope_brain/vestibular_schwannoma/VS-MC-RC-010_024.png,cat4_out_of_scope_brain,vestibular_schwannoma,"TCIA Vestibular-Schwannoma-MC-RC, routine clinical T1 contrast-enhanced and T2 brain MRI of vestibular schwannoma",CC BY 4.0,fit,VS-MC-RC-010
data/out_of_scope/cat4_out_of_scope_brain/vestibular_schwannoma/VS-MC-RC-010_033.png,cat4_out_of_scope_brain,vestibular_schwannoma,"TCIA Vestibular-Schwannoma-MC-RC, routine clinical T1 contrast-enhanced and T2 brain MRI of vestibular schwannoma",CC BY 4.0,fit,VS-MC-RC-010
data/out_of_scope/cat4_out_of_scope_brain/vestibular_schwannoma/VS-MC-RC-010_042.png,cat4_out_of_scope_brain,vestibular_schwannoma,"TCIA Vestibular-Schwannoma-MC-RC, routine clinical T1 contrast-enhanced and T2 brain MRI of vestibular schwannoma",CC BY 4.0,fit,VS-MC-RC-010
data/out_of_scope/cat4_out_of_scope_brain/vestibular_schwannoma/VS-MC-RC-010_052.png,cat4_out_of_scope_brain,vestibular_schwannoma,"TCIA Vestibular-Schwannoma-MC-RC, routine clinical T1 contrast-enhanced and T2 brain MRI of vestibular schwannoma",CC BY 4.0,fit,VS-MC-RC-010
data/out_of_scope/cat4_out_of_scope_brain/vestibular_schwannoma/VS-MC-RC-010_061.png,cat4_out_of_scope_brain,vestibular_schwannoma,"TCIA Vestibular-Schwannoma-MC-RC, routine clinical T1 contrast-enhanced and T2 brain MRI of vestibular schwannoma",CC BY 4.0,fit,VS-MC-RC-010
data/out_of_scope/cat4_out_of_scope_brain/vestibular_schwannoma/VS-MC-RC-010_071.png,cat4_out_of_scope_brain,vestibular_schwannoma,"TCIA Vestibular-Schwannoma-MC-RC, routine clinical T1 contrast-enhanced and T2 brain MRI of vestibular schwannoma",CC BY 4.0,fit,VS-MC-RC-010
data/out_of_scope/cat4_out_of_scope_brain/vestibular_schwannoma/VS-MC-RC-048_014.png,cat4_out_of_scope_brain,vestibular_schwannoma,"TCIA Vestibular-Schwannoma-MC-RC, routine clinical T1 contrast-enhanced and T2 brain MRI of vestibular schwannoma",CC BY 4.0,fit,VS-MC-RC-048
data/out_of_scope/cat4_out_of_scope_brain/vestibular_schwannoma/VS-MC-RC-048_019.png,cat4_out_of_scope_brain,vestibular_schwannoma,"TCIA Vestibular-Schwannoma-MC-RC, routine clinical T1 contrast-enhanced and T2 brain MRI of vestibular schwannoma",CC BY 4.0,fit,VS-MC-RC-048
data/out_of_scope/cat4_out_of_scope_brain/vestibular_schwannoma/VS-MC-RC-048_025.png,cat4_out_of_scope_brain,vestibular_schwannoma,"TCIA Vestibular-Schwannoma-MC-RC, routine clinical T1 contrast-enhanced and T2 brain MRI of vestibular schwannoma",CC BY 4.0,fit,VS-MC-RC-048
data/out_of_scope/cat4_out_of_scope_brain/vestibular_schwannoma/VS-MC-RC-048_030.png,cat4_out_of_scope_brain,vestibular_schwannoma,"TCIA Vestibular-Schwannoma-MC-RC, routine clinical T1 contrast-enhanced and T2 brain MRI of vestibular schwannoma",CC BY 4.0,fit,VS-MC-RC-048
data/out_of_scope/cat4_out_of_scope_brain/vestibular_schwannoma/VS-MC-RC-048_036.png,cat4_out_of_scope_brain,vestibular_schwannoma,"TCIA Vestibular-Schwannoma-MC-RC, routine clinical T1 contrast-enhanced and T2 brain MRI of vestibular schwannoma",CC BY 4.0,fit,VS-MC-RC-048
data/out_of_scope/cat4_out_of_scope_brain/vestibular_schwannoma/VS-MC-RC-048_042.png,cat4_out_of_scope_brain,vestibular_schwannoma,"TCIA Vestibular-Schwannoma-MC-RC, routine clinical T1 contrast-enhanced and T2 brain MRI of vestibular schwannoma",CC BY 4.0,fit,VS-MC-RC-048
data/out_of_scope/cat4_out_of_scope_brain/vestibular_schwannoma/VS-MC-RC-058_014.png,cat4_out_of_scope_brain,vestibular_schwannoma,"TCIA Vestibular-Schwannoma-MC-RC, routine clinical T1 contrast-enhanced and T2 brain MRI of vestibular schwannoma",CC BY 4.0,eval,VS-MC-RC-058
data/out_of_scope/cat4_out_of_scope_brain/vestibular_schwannoma/VS-MC-RC-058_019.png,cat4_out_of_scope_brain,vestibular_schwannoma,"TCIA Vestibular-Schwannoma-MC-RC, routine clinical T1 contrast-enhanced and T2 brain MRI of vestibular schwannoma",CC BY 4.0,eval,VS-MC-RC-058
data/out_of_scope/cat4_out_of_scope_brain/vestibular_schwannoma/VS-MC-RC-058_024.png,cat4_out_of_scope_brain,vestibular_schwannoma,"TCIA Vestibular-Schwannoma-MC-RC, routine clinical T1 contrast-enhanced and T2 brain MRI of vestibular schwannoma",CC BY 4.0,eval,VS-MC-RC-058
data/out_of_scope/cat4_out_of_scope_brain/vestibular_schwannoma/VS-MC-RC-058_030.png,cat4_out_of_scope_brain,vestibular_schwannoma,"TCIA Vestibular-Schwannoma-MC-RC, routine clinical T1 contrast-enhanced and T2 brain MRI of vestibular schwannoma",CC BY 4.0,eval,VS-MC-RC-058
data/out_of_scope/cat4_out_of_scope_brain/vestibular_schwannoma/VS-MC-RC-058_035.png,cat4_out_of_scope_brain,vestibular_schwannoma,"TCIA Vestibular-Schwannoma-MC-RC, routine clinical T1 contrast-enhanced and T2 brain MRI of vestibular schwannoma",CC BY 4.0,eval,VS-MC-RC-058
data/out_of_scope/cat4_out_of_scope_brain/vestibular_schwannoma/VS-MC-RC-058_041.png,cat4_out_of_scope_brain,vestibular_schwannoma,"TCIA Vestibular-Schwannoma-MC-RC, routine clinical T1 contrast-enhanced and T2 brain MRI of vestibular schwannoma",CC BY 4.0,eval,VS-MC-RC-058
data/out_of_scope/cat4_out_of_scope_brain/vestibular_schwannoma/VS-MC-RC-079_036.png,cat4_out_of_scope_brain,vestibular_schwannoma,"TCIA Vestibular-Schwannoma-MC-RC, routine clinical T1 contrast-enhanced and T2 brain MRI of vestibular schwannoma",CC BY 4.0,eval,VS-MC-RC-079
data/out_of_scope/cat4_out_of_scope_brain/vestibular_schwannoma/VS-MC-RC-079_050.png,cat4_out_of_scope_brain,vestibular_schwannoma,"TCIA Vestibular-Schwannoma-MC-RC, routine clinical T1 contrast-enhanced and T2 brain MRI of vestibular schwannoma",CC BY 4.0,eval,VS-MC-RC-079
data/out_of_scope/cat4_out_of_scope_brain/vestibular_schwannoma/VS-MC-RC-079_064.png,cat4_out_of_scope_brain,vestibular_schwannoma,"TCIA Vestibular-Schwannoma-MC-RC, routine clinical T1 contrast-enhanced and T2 brain MRI of vestibular schwannoma",CC BY 4.0,eval,VS-MC-RC-079
data/out_of_scope/cat4_out_of_scope_brain/vestibular_schwannoma/VS-MC-RC-079_078.png,cat4_out_of_scope_brain,vestibular_schwannoma,"TCIA Vestibular-Schwannoma-MC-RC, routine clinical T1 contrast-enhanced and T2 brain MRI of vestibular schwannoma",CC BY 4.0,eval,VS-MC-RC-079
data/out_of_scope/cat4_out_of_scope_brain/vestibular_schwannoma/VS-MC-RC-079_092.png,cat4_out_of_scope_brain,vestibular_schwannoma,"TCIA Vestibular-Schwannoma-MC-RC, routine clinical T1 contrast-enhanced and T2 brain MRI of vestibular schwannoma",CC BY 4.0,eval,VS-MC-RC-079
data/out_of_scope/cat4_out_of_scope_brain/vestibular_schwannoma/VS-MC-RC-079_107.png,cat4_out_of_scope_brain,vestibular_schwannoma,"TCIA Vestibular-Schwannoma-MC-RC, routine clinical T1 contrast-enhanced and T2 brain MRI of vestibular schwannoma",CC BY 4.0,eval,VS-MC-RC-079
data/out_of_scope/cat4_out_of_scope_brain/vestibular_schwannoma/VS-MC-RC-081_003.png,cat4_out_of_scope_brain,vestibular_schwannoma,"TCIA Vestibular-Schwannoma-MC-RC, routine clinical T1 contrast-enhanced and T2 brain MRI of vestibular schwannoma",CC BY 4.0,eval,VS-MC-RC-081
data/out_of_scope/cat4_out_of_scope_brain/vestibular_schwannoma/VS-MC-RC-081_004.png,cat4_out_of_scope_brain,vestibular_schwannoma,"TCIA Vestibular-Schwannoma-MC-RC, routine clinical T1 contrast-enhanced and T2 brain MRI of vestibular schwannoma",CC BY 4.0,eval,VS-MC-RC-081
data/out_of_scope/cat4_out_of_scope_brain/vestibular_schwannoma/VS-MC-RC-081_005.png,cat4_out_of_scope_brain,vestibular_schwannoma,"TCIA Vestibular-Schwannoma-MC-RC, routine clinical T1 contrast-enhanced and T2 brain MRI of vestibular schwannoma",CC BY 4.0,eval,VS-MC-RC-081
data/out_of_scope/cat4_out_of_scope_brain/vestibular_schwannoma/VS-MC-RC-081_007.png,cat4_out_of_scope_brain,vestibular_schwannoma,"TCIA Vestibular-Schwannoma-MC-RC, routine clinical T1 contrast-enhanced and T2 brain MRI of vestibular schwannoma",CC BY 4.0,eval,VS-MC-RC-081
data/out_of_scope/cat4_out_of_scope_brain/vestibular_schwannoma/VS-MC-RC-081_008.png,cat4_out_of_scope_brain,vestibular_schwannoma,"TCIA Vestibular-Schwannoma-MC-RC, routine clinical T1 contrast-enhanced and T2 brain MRI of vestibular schwannoma",CC BY 4.0,eval,VS-MC-RC-081
data/out_of_scope/cat4_out_of_scope_brain/vestibular_schwannoma/VS-MC-RC-081_010.png,cat4_out_of_scope_brain,vestibular_schwannoma,"TCIA Vestibular-Schwannoma-MC-RC, routine clinical T1 contrast-enhanced and T2 brain MRI of vestibular schwannoma",CC BY 4.0,eval,VS-MC-RC-081
data/out_of_scope/cat4_out_of_scope_brain/vestibular_schwannoma/VS-MC-RC-095_036.png,cat4_out_of_scope_brain,vestibular_schwannoma,"TCIA Vestibular-Schwannoma-MC-RC, routine clinical T1 contrast-enhanced and T2 brain MRI of vestibular schwannoma",CC BY 4.0,eval,VS-MC-RC-095
data/out_of_scope/cat4_out_of_scope_brain/vestibular_schwannoma/VS-MC-RC-095_050.png,cat4_out_of_scope_brain,vestibular_schwannoma,"TCIA Vestibular-Schwannoma-MC-RC, routine clinical T1 contrast-enhanced and T2 brain MRI of vestibular schwannoma",CC BY 4.0,eval,VS-MC-RC-095
data/out_of_scope/cat4_out_of_scope_brain/vestibular_schwannoma/VS-MC-RC-095_064.png,cat4_out_of_scope_brain,vestibular_schwannoma,"TCIA Vestibular-Schwannoma-MC-RC, routine clinical T1 contrast-enhanced and T2 brain MRI of vestibular schwannoma",CC BY 4.0,eval,VS-MC-RC-095
data/out_of_scope/cat4_out_of_scope_brain/vestibular_schwannoma/VS-MC-RC-095_078.png,cat4_out_of_scope_brain,vestibular_schwannoma,"TCIA Vestibular-Schwannoma-MC-RC, routine clinical T1 contrast-enhanced and T2 brain MRI of vestibular schwannoma",CC BY 4.0,eval,VS-MC-RC-095
data/out_of_scope/cat4_out_of_scope_brain/vestibular_schwannoma/VS-MC-RC-095_092.png,cat4_out_of_scope_brain,vestibular_schwannoma,"TCIA Vestibular-Schwannoma-MC-RC, routine clinical T1 contrast-enhanced and T2 brain MRI of vestibular schwannoma",CC BY 4.0,eval,VS-MC-RC-095
data/out_of_scope/cat4_out_of_scope_brain/vestibular_schwannoma/VS-MC-RC-095_107.png,cat4_out_of_scope_brain,vestibular_schwannoma,"TCIA Vestibular-Schwannoma-MC-RC, routine clinical T1 contrast-enhanced and T2 brain MRI of vestibular schwannoma",CC BY 4.0,eval,VS-MC-RC-095
data/out_of_scope/cat4_out_of_scope_brain/vestibular_schwannoma/VS-MC-RC-097_010.png,cat4_out_of_scope_brain,vestibular_schwannoma,"TCIA Vestibular-Schwannoma-MC-RC, routine clinical T1 contrast-enhanced and T2 brain MRI of vestibular schwannoma",CC BY 4.0,fit,VS-MC-RC-097
data/out_of_scope/cat4_out_of_scope_brain/vestibular_schwannoma/VS-MC-RC-097_013.png,cat4_out_of_scope_brain,vestibular_schwannoma,"TCIA Vestibular-Schwannoma-MC-RC, routine clinical T1 contrast-enhanced and T2 brain MRI of vestibular schwannoma",CC BY 4.0,fit,VS-MC-RC-097
data/out_of_scope/cat4_out_of_scope_brain/vestibular_schwannoma/VS-MC-RC-097_017.png,cat4_out_of_scope_brain,vestibular_schwannoma,"TCIA Vestibular-Schwannoma-MC-RC, routine clinical T1 contrast-enhanced and T2 brain MRI of vestibular schwannoma",CC BY 4.0,fit,VS-MC-RC-097
data/out_of_scope/cat4_out_of_scope_brain/vestibular_schwannoma/VS-MC-RC-097_021.png,cat4_out_of_scope_brain,vestibular_schwannoma,"TCIA Vestibular-Schwannoma-MC-RC, routine clinical T1 contrast-enhanced and T2 brain MRI of vestibular schwannoma",CC BY 4.0,fit,VS-MC-RC-097
data/out_of_scope/cat4_out_of_scope_brain/vestibular_schwannoma/VS-MC-RC-097_025.png,cat4_out_of_scope_brain,vestibular_schwannoma,"TCIA Vestibular-Schwannoma-MC-RC, routine clinical T1 contrast-enhanced and T2 brain MRI of vestibular schwannoma",CC BY 4.0,fit,VS-MC-RC-097
data/out_of_scope/cat4_out_of_scope_brain/vestibular_schwannoma/VS-MC-RC-097_029.png,cat4_out_of_scope_brain,vestibular_schwannoma,"TCIA Vestibular-Schwannoma-MC-RC, routine clinical T1 contrast-enhanced and T2 brain MRI of vestibular schwannoma",CC BY 4.0,fit,VS-MC-RC-097
data/out_of_scope/cat4_out_of_scope_brain/vestibular_schwannoma/VS-MC-RC-099_027.png,cat4_out_of_scope_brain,vestibular_schwannoma,"TCIA Vestibular-Schwannoma-MC-RC, routine clinical T1 contrast-enhanced and T2 brain MRI of vestibular schwannoma",CC BY 4.0,fit,VS-MC-RC-099
data/out_of_scope/cat4_out_of_scope_brain/vestibular_schwannoma/VS-MC-RC-099_037.png,cat4_out_of_scope_brain,vestibular_schwannoma,"TCIA Vestibular-Schwannoma-MC-RC, routine clinical T1 contrast-enhanced and T2 brain MRI of vestibular schwannoma",CC BY 4.0,fit,VS-MC-RC-099
data/out_of_scope/cat4_out_of_scope_brain/vestibular_schwannoma/VS-MC-RC-099_048.png,cat4_out_of_scope_brain,vestibular_schwannoma,"TCIA Vestibular-Schwannoma-MC-RC, routine clinical T1 contrast-enhanced and T2 brain MRI of vestibular schwannoma",CC BY 4.0,fit,VS-MC-RC-099
data/out_of_scope/cat4_out_of_scope_brain/vestibular_schwannoma/VS-MC-RC-099_058.png,cat4_out_of_scope_brain,vestibular_schwannoma,"TCIA Vestibular-Schwannoma-MC-RC, routine clinical T1 contrast-enhanced and T2 brain MRI of vestibular schwannoma",CC BY 4.0,fit,VS-MC-RC-099
data/out_of_scope/cat4_out_of_scope_brain/vestibular_schwannoma/VS-MC-RC-099_069.png,cat4_out_of_scope_brain,vestibular_schwannoma,"TCIA Vestibular-Schwannoma-MC-RC, routine clinical T1 contrast-enhanced and T2 brain MRI of vestibular schwannoma",CC BY 4.0,fit,VS-MC-RC-099
data/out_of_scope/cat4_out_of_scope_brain/vestibular_schwannoma/VS-MC-RC-099_080.png,cat4_out_of_scope_brain,vestibular_schwannoma,"TCIA Vestibular-Schwannoma-MC-RC, routine clinical T1 contrast-enhanced and T2 brain MRI of vestibular schwannoma",CC BY 4.0,fit,VS-MC-RC-099
data/out_of_scope/cat4_out_of_scope_brain/vestibular_schwannoma/VS-SEG-009_036.png,cat4_out_of_scope_brain,vestibular_schwannoma,"TCIA Vestibular-Schwannoma-MC-RC, routine clinical T1 contrast-enhanced and T2 brain MRI of vestibular schwannoma",CC BY 4.0,fit,VS-SEG-009
data/out_of_scope/cat4_out_of_scope_brain/vestibular_schwannoma/VS-SEG-009_050.png,cat4_out_of_scope_brain,vestibular_schwannoma,"TCIA Vestibular-Schwannoma-MC-RC, routine clinical T1 contrast-enhanced and T2 brain MRI of vestibular schwannoma",CC BY 4.0,fit,VS-SEG-009
data/out_of_scope/cat4_out_of_scope_brain/vestibular_schwannoma/VS-SEG-009_064.png,cat4_out_of_scope_brain,vestibular_schwannoma,"TCIA Vestibular-Schwannoma-MC-RC, routine clinical T1 contrast-enhanced and T2 brain MRI of vestibular schwannoma",CC BY 4.0,fit,VS-SEG-009
data/out_of_scope/cat4_out_of_scope_brain/vestibular_schwannoma/VS-SEG-009_078.png,cat4_out_of_scope_brain,vestibular_schwannoma,"TCIA Vestibular-Schwannoma-MC-RC, routine clinical T1 contrast-enhanced and T2 brain MRI of vestibular schwannoma",CC BY 4.0,fit,VS-SEG-009
data/out_of_scope/cat4_out_of_scope_brain/vestibular_schwannoma/VS-SEG-009_092.png,cat4_out_of_scope_brain,vestibular_schwannoma,"TCIA Vestibular-Schwannoma-MC-RC, routine clinical T1 contrast-enhanced and T2 brain MRI of vestibular schwannoma",CC BY 4.0,fit,VS-SEG-009
data/out_of_scope/cat4_out_of_scope_brain/vestibular_schwannoma/VS-SEG-009_107.png,cat4_out_of_scope_brain,vestibular_schwannoma,"TCIA Vestibular-Schwannoma-MC-RC, routine clinical T1 contrast-enhanced and T2 brain MRI of vestibular schwannoma",CC BY 4.0,fit,VS-SEG-009
data/out_of_scope/cat4_out_of_scope_brain/vestibular_schwannoma/VS-SEG-037_010.png,cat4_out_of_scope_brain,vestibular_schwannoma,"TCIA Vestibular-Schwannoma-MC-RC, routine clinical T1 contrast-enhanced and T2 brain MRI of vestibular schwannoma",CC BY 4.0,eval,VS-SEG-037
data/out_of_scope/cat4_out_of_scope_brain/vestibular_schwannoma/VS-SEG-037_013.png,cat4_out_of_scope_brain,vestibular_schwannoma,"TCIA Vestibular-Schwannoma-MC-RC, routine clinical T1 contrast-enhanced and T2 brain MRI of vestibular schwannoma",CC BY 4.0,eval,VS-SEG-037
data/out_of_scope/cat4_out_of_scope_brain/vestibular_schwannoma/VS-SEG-037_017.png,cat4_out_of_scope_brain,vestibular_schwannoma,"TCIA Vestibular-Schwannoma-MC-RC, routine clinical T1 contrast-enhanced and T2 brain MRI of vestibular schwannoma",CC BY 4.0,eval,VS-SEG-037
data/out_of_scope/cat4_out_of_scope_brain/vestibular_schwannoma/VS-SEG-037_021.png,cat4_out_of_scope_brain,vestibular_schwannoma,"TCIA Vestibular-Schwannoma-MC-RC, routine clinical T1 contrast-enhanced and T2 brain MRI of vestibular schwannoma",CC BY 4.0,eval,VS-SEG-037
data/out_of_scope/cat4_out_of_scope_brain/vestibular_schwannoma/VS-SEG-037_025.png,cat4_out_of_scope_brain,vestibular_schwannoma,"TCIA Vestibular-Schwannoma-MC-RC, routine clinical T1 contrast-enhanced and T2 brain MRI of vestibular schwannoma",CC BY 4.0,eval,VS-SEG-037
data/out_of_scope/cat4_out_of_scope_brain/vestibular_schwannoma/VS-SEG-037_029.png,cat4_out_of_scope_brain,vestibular_schwannoma,"TCIA Vestibular-Schwannoma-MC-RC, routine clinical T1 contrast-enhanced and T2 brain MRI of vestibular schwannoma",CC BY 4.0,eval,VS-SEG-037
data/out_of_scope/cat4_out_of_scope_brain/vestibular_schwannoma/VS-SEG-065_005.png,cat4_out_of_scope_brain,vestibular_schwannoma,"TCIA Vestibular-Schwannoma-MC-RC, routine clinical T1 contrast-enhanced and T2 brain MRI of vestibular schwannoma",CC BY 4.0,eval,VS-SEG-065
data/out_of_scope/cat4_out_of_scope_brain/vestibular_schwannoma/VS-SEG-065_007.png,cat4_out_of_scope_brain,vestibular_schwannoma,"TCIA Vestibular-Schwannoma-MC-RC, routine clinical T1 contrast-enhanced and T2 brain MRI of vestibular schwannoma",CC BY 4.0,eval,VS-SEG-065
data/out_of_scope/cat4_out_of_scope_brain/vestibular_schwannoma/VS-SEG-065_009.png,cat4_out_of_scope_brain,vestibular_schwannoma,"TCIA Vestibular-Schwannoma-MC-RC, routine clinical T1 contrast-enhanced and T2 brain MRI of vestibular schwannoma",CC BY 4.0,eval,VS-SEG-065
data/out_of_scope/cat4_out_of_scope_brain/vestibular_schwannoma/VS-SEG-065_011.png,cat4_out_of_scope_brain,vestibular_schwannoma,"TCIA Vestibular-Schwannoma-MC-RC, routine clinical T1 contrast-enhanced and T2 brain MRI of vestibular schwannoma",CC BY 4.0,eval,VS-SEG-065
data/out_of_scope/cat4_out_of_scope_brain/vestibular_schwannoma/VS-SEG-065_013.png,cat4_out_of_scope_brain,vestibular_schwannoma,"TCIA Vestibular-Schwannoma-MC-RC, routine clinical T1 contrast-enhanced and T2 brain MRI of vestibular schwannoma",CC BY 4.0,eval,VS-SEG-065
data/out_of_scope/cat4_out_of_scope_brain/vestibular_schwannoma/VS-SEG-065_015.png,cat4_out_of_scope_brain,vestibular_schwannoma,"TCIA Vestibular-Schwannoma-MC-RC, routine clinical T1 contrast-enhanced and T2 brain MRI of vestibular schwannoma",CC BY 4.0,eval,VS-SEG-065
data/out_of_scope/cat4_out_of_scope_brain/vestibular_schwannoma/VS-SEG-077_028.png,cat4_out_of_scope_brain,vestibular_schwannoma,"TCIA Vestibular-Schwannoma-MC-RC, routine clinical T1 contrast-enhanced and T2 brain MRI of vestibular schwannoma",CC BY 4.0,eval,VS-SEG-077
data/out_of_scope/cat4_out_of_scope_brain/vestibular_schwannoma/VS-SEG-077_039.png,cat4_out_of_scope_brain,vestibular_schwannoma,"TCIA Vestibular-Schwannoma-MC-RC, routine clinical T1 contrast-enhanced and T2 brain MRI of vestibular schwannoma",CC BY 4.0,eval,VS-SEG-077
data/out_of_scope/cat4_out_of_scope_brain/vestibular_schwannoma/VS-SEG-077_050.png,cat4_out_of_scope_brain,vestibular_schwannoma,"TCIA Vestibular-Schwannoma-MC-RC, routine clinical T1 contrast-enhanced and T2 brain MRI of vestibular schwannoma",CC BY 4.0,eval,VS-SEG-077
data/out_of_scope/cat4_out_of_scope_brain/vestibular_schwannoma/VS-SEG-077_061.png,cat4_out_of_scope_brain,vestibular_schwannoma,"TCIA Vestibular-Schwannoma-MC-RC, routine clinical T1 contrast-enhanced and T2 brain MRI of vestibular schwannoma",CC BY 4.0,eval,VS-SEG-077
data/out_of_scope/cat4_out_of_scope_brain/vestibular_schwannoma/VS-SEG-077_072.png,cat4_out_of_scope_brain,vestibular_schwannoma,"TCIA Vestibular-Schwannoma-MC-RC, routine clinical T1 contrast-enhanced and T2 brain MRI of vestibular schwannoma",CC BY 4.0,eval,VS-SEG-077
data/out_of_scope/cat4_out_of_scope_brain/vestibular_schwannoma/VS-SEG-077_083.png,cat4_out_of_scope_brain,vestibular_schwannoma,"TCIA Vestibular-Schwannoma-MC-RC, routine clinical T1 contrast-enhanced and T2 brain MRI of vestibular schwannoma",CC BY 4.0,eval,VS-SEG-077
data/out_of_scope/cat4_out_of_scope_brain/vestibular_schwannoma/VS-SEG-087_005.png,cat4_out_of_scope_brain,vestibular_schwannoma,"TCIA Vestibular-Schwannoma-MC-RC, routine clinical T1 contrast-enhanced and T2 brain MRI of vestibular schwannoma",CC BY 4.0,eval,VS-SEG-087
data/out_of_scope/cat4_out_of_scope_brain/vestibular_schwannoma/VS-SEG-087_006.png,cat4_out_of_scope_brain,vestibular_schwannoma,"TCIA Vestibular-Schwannoma-MC-RC, routine clinical T1 contrast-enhanced and T2 brain MRI of vestibular schwannoma",CC BY 4.0,eval,VS-SEG-087
data/out_of_scope/cat4_out_of_scope_brain/vestibular_schwannoma/VS-SEG-087_008.png,cat4_out_of_scope_brain,vestibular_schwannoma,"TCIA Vestibular-Schwannoma-MC-RC, routine clinical T1 contrast-enhanced and T2 brain MRI of vestibular schwannoma",CC BY 4.0,eval,VS-SEG-087
data/out_of_scope/cat4_out_of_scope_brain/vestibular_schwannoma/VS-SEG-087_010.png,cat4_out_of_scope_brain,vestibular_schwannoma,"TCIA Vestibular-Schwannoma-MC-RC, routine clinical T1 contrast-enhanced and T2 brain MRI of vestibular schwannoma",CC BY 4.0,eval,VS-SEG-087
data/out_of_scope/cat4_out_of_scope_brain/vestibular_schwannoma/VS-SEG-087_012.png,cat4_out_of_scope_brain,vestibular_schwannoma,"TCIA Vestibular-Schwannoma-MC-RC, routine clinical T1 contrast-enhanced and T2 brain MRI of vestibular schwannoma",CC BY 4.0,eval,VS-SEG-087
data/out_of_scope/cat4_out_of_scope_brain/vestibular_schwannoma/VS-SEG-087_014.png,cat4_out_of_scope_brain,vestibular_schwannoma,"TCIA Vestibular-Schwannoma-MC-RC, routine clinical T1 contrast-enhanced and T2 brain MRI of vestibular schwannoma",CC BY 4.0,eval,VS-SEG-087
data/out_of_scope/cat4_out_of_scope_brain/vestibular_schwannoma/VS-SEG-095_012.png,cat4_out_of_scope_brain,vestibular_schwannoma,"TCIA Vestibular-Schwannoma-MC-RC, routine clinical T1 contrast-enhanced and T2 brain MRI of vestibular schwannoma",CC BY 4.0,fit,VS-SEG-095
data/out_of_scope/cat4_out_of_scope_brain/vestibular_schwannoma/VS-SEG-095_016.png,cat4_out_of_scope_brain,vestibular_schwannoma,"TCIA Vestibular-Schwannoma-MC-RC, routine clinical T1 contrast-enhanced and T2 brain MRI of vestibular schwannoma",CC BY 4.0,fit,VS-SEG-095
data/out_of_scope/cat4_out_of_scope_brain/vestibular_schwannoma/VS-SEG-095_021.png,cat4_out_of_scope_brain,vestibular_schwannoma,"TCIA Vestibular-Schwannoma-MC-RC, routine clinical T1 contrast-enhanced and T2 brain MRI of vestibular schwannoma",CC BY 4.0,fit,VS-SEG-095
data/out_of_scope/cat4_out_of_scope_brain/vestibular_schwannoma/VS-SEG-095_026.png,cat4_out_of_scope_brain,vestibular_schwannoma,"TCIA Vestibular-Schwannoma-MC-RC, routine clinical T1 contrast-enhanced and T2 brain MRI of vestibular schwannoma",CC BY 4.0,fit,VS-SEG-095
data/out_of_scope/cat4_out_of_scope_brain/vestibular_schwannoma/VS-SEG-095_031.png,cat4_out_of_scope_brain,vestibular_schwannoma,"TCIA Vestibular-Schwannoma-MC-RC, routine clinical T1 contrast-enhanced and T2 brain MRI of vestibular schwannoma",CC BY 4.0,fit,VS-SEG-095
data/out_of_scope/cat4_out_of_scope_brain/vestibular_schwannoma/VS-SEG-095_036.png,cat4_out_of_scope_brain,vestibular_schwannoma,"TCIA Vestibular-Schwannoma-MC-RC, routine clinical T1 contrast-enhanced and T2 brain MRI of vestibular schwannoma",CC BY 4.0,fit,VS-SEG-095
data/out_of_scope/cat4_out_of_scope_brain/vestibular_schwannoma/VS-SEG-112_012.png,cat4_out_of_scope_brain,vestibular_schwannoma,"TCIA Vestibular-Schwannoma-MC-RC, routine clinical T1 contrast-enhanced and T2 brain MRI of vestibular schwannoma",CC BY 4.0,fit,VS-SEG-112
data/out_of_scope/cat4_out_of_scope_brain/vestibular_schwannoma/VS-SEG-112_016.png,cat4_out_of_scope_brain,vestibular_schwannoma,"TCIA Vestibular-Schwannoma-MC-RC, routine clinical T1 contrast-enhanced and T2 brain MRI of vestibular schwannoma",CC BY 4.0,fit,VS-SEG-112
data/out_of_scope/cat4_out_of_scope_brain/vestibular_schwannoma/VS-SEG-112_021.png,cat4_out_of_scope_brain,vestibular_schwannoma,"TCIA Vestibular-Schwannoma-MC-RC, routine clinical T1 contrast-enhanced and T2 brain MRI of vestibular schwannoma",CC BY 4.0,fit,VS-SEG-112
data/out_of_scope/cat4_out_of_scope_brain/vestibular_schwannoma/VS-SEG-112_025.png,cat4_out_of_scope_brain,vestibular_schwannoma,"TCIA Vestibular-Schwannoma-MC-RC, routine clinical T1 contrast-enhanced and T2 brain MRI of vestibular schwannoma",CC BY 4.0,fit,VS-SEG-112
data/out_of_scope/cat4_out_of_scope_brain/vestibular_schwannoma/VS-SEG-112_030.png,cat4_out_of_scope_brain,vestibular_schwannoma,"TCIA Vestibular-Schwannoma-MC-RC, routine clinical T1 contrast-enhanced and T2 brain MRI of vestibular schwannoma",CC BY 4.0,fit,VS-SEG-112
data/out_of_scope/cat4_out_of_scope_brain/vestibular_schwannoma/VS-SEG-112_035.png,cat4_out_of_scope_brain,vestibular_schwannoma,"TCIA Vestibular-Schwannoma-MC-RC, routine clinical T1 contrast-enhanced and T2 brain MRI of vestibular schwannoma",CC BY 4.0,fit,VS-SEG-112
data/out_of_scope/cat4_out_of_scope_brain/vestibular_schwannoma/VS-SEG-164_036.png,cat4_out_of_scope_brain,vestibular_schwannoma,"TCIA Vestibular-Schwannoma-MC-RC, routine clinical T1 contrast-enhanced and T2 brain MRI of vestibular schwannoma",CC BY 4.0,fit,VS-SEG-164
data/out_of_scope/cat4_out_of_scope_brain/vestibular_schwannoma/VS-SEG-164_050.png,cat4_out_of_scope_brain,vestibular_schwannoma,"TCIA Vestibular-Schwannoma-MC-RC, routine clinical T1 contrast-enhanced and T2 brain MRI of vestibular schwannoma",CC BY 4.0,fit,VS-SEG-164
data/out_of_scope/cat4_out_of_scope_brain/vestibular_schwannoma/VS-SEG-164_064.png,cat4_out_of_scope_brain,vestibular_schwannoma,"TCIA Vestibular-Schwannoma-MC-RC, routine clinical T1 contrast-enhanced and T2 brain MRI of vestibular schwannoma",CC BY 4.0,fit,VS-SEG-164
data/out_of_scope/cat4_out_of_scope_brain/vestibular_schwannoma/VS-SEG-164_078.png,cat4_out_of_scope_brain,vestibular_schwannoma,"TCIA Vestibular-Schwannoma-MC-RC, routine clinical T1 contrast-enhanced and T2 brain MRI of vestibular schwannoma",CC BY 4.0,fit,VS-SEG-164
data/out_of_scope/cat4_out_of_scope_brain/vestibular_schwannoma/VS-SEG-164_092.png,cat4_out_of_scope_brain,vestibular_schwannoma,"TCIA Vestibular-Schwannoma-MC-RC, routine clinical T1 contrast-enhanced and T2 brain MRI of vestibular schwannoma",CC BY 4.0,fit,VS-SEG-164
data/out_of_scope/cat4_out_of_scope_brain/vestibular_schwannoma/VS-SEG-164_107.png,cat4_out_of_scope_brain,vestibular_schwannoma,"TCIA Vestibular-Schwannoma-MC-RC, routine clinical T1 contrast-enhanced and T2 brain MRI of vestibular schwannoma",CC BY 4.0,fit,VS-SEG-164
data/out_of_scope/cat4_out_of_scope_brain/vestibular_schwannoma/VS-SEG-169_016.png,cat4_out_of_scope_brain,vestibular_schwannoma,"TCIA Vestibular-Schwannoma-MC-RC, routine clinical T1 contrast-enhanced and T2 brain MRI of vestibular schwannoma",CC BY 4.0,eval,VS-SEG-169
data/out_of_scope/cat4_out_of_scope_brain/vestibular_schwannoma/VS-SEG-169_022.png,cat4_out_of_scope_brain,vestibular_schwannoma,"TCIA Vestibular-Schwannoma-MC-RC, routine clinical T1 contrast-enhanced and T2 brain MRI of vestibular schwannoma",CC BY 4.0,eval,VS-SEG-169
data/out_of_scope/cat4_out_of_scope_brain/vestibular_schwannoma/VS-SEG-169_028.png,cat4_out_of_scope_brain,vestibular_schwannoma,"TCIA Vestibular-Schwannoma-MC-RC, routine clinical T1 contrast-enhanced and T2 brain MRI of vestibular schwannoma",CC BY 4.0,eval,VS-SEG-169
data/out_of_scope/cat4_out_of_scope_brain/vestibular_schwannoma/VS-SEG-169_034.png,cat4_out_of_scope_brain,vestibular_schwannoma,"TCIA Vestibular-Schwannoma-MC-RC, routine clinical T1 contrast-enhanced and T2 brain MRI of vestibular schwannoma",CC BY 4.0,eval,VS-SEG-169
data/out_of_scope/cat4_out_of_scope_brain/vestibular_schwannoma/VS-SEG-169_040.png,cat4_out_of_scope_brain,vestibular_schwannoma,"TCIA Vestibular-Schwannoma-MC-RC, routine clinical T1 contrast-enhanced and T2 brain MRI of vestibular schwannoma",CC BY 4.0,eval,VS-SEG-169
data/out_of_scope/cat4_out_of_scope_brain/vestibular_schwannoma/VS-SEG-169_047.png,cat4_out_of_scope_brain,vestibular_schwannoma,"TCIA Vestibular-Schwannoma-MC-RC, routine clinical T1 contrast-enhanced and T2 brain MRI of vestibular schwannoma",CC BY 4.0,eval,VS-SEG-169
data/out_of_scope/cat4_out_of_scope_brain/vestibular_schwannoma/VS-SEG-188_018.png,cat4_out_of_scope_brain,vestibular_schwannoma,"TCIA Vestibular-Schwannoma-MC-RC, routine clinical T1 contrast-enhanced and T2 brain MRI of vestibular schwannoma",CC BY 4.0,eval,VS-SEG-188
data/out_of_scope/cat4_out_of_scope_brain/vestibular_schwannoma/VS-SEG-188_025.png,cat4_out_of_scope_brain,vestibular_schwannoma,"TCIA Vestibular-Schwannoma-MC-RC, routine clinical T1 contrast-enhanced and T2 brain MRI of vestibular schwannoma",CC BY 4.0,eval,VS-SEG-188
data/out_of_scope/cat4_out_of_scope_brain/vestibular_schwannoma/VS-SEG-188_032.png,cat4_out_of_scope_brain,vestibular_schwannoma,"TCIA Vestibular-Schwannoma-MC-RC, routine clinical T1 contrast-enhanced and T2 brain MRI of vestibular schwannoma",CC BY 4.0,eval,VS-SEG-188
data/out_of_scope/cat4_out_of_scope_brain/vestibular_schwannoma/VS-SEG-188_040.png,cat4_out_of_scope_brain,vestibular_schwannoma,"TCIA Vestibular-Schwannoma-MC-RC, routine clinical T1 contrast-enhanced and T2 brain MRI of vestibular schwannoma",CC BY 4.0,eval,VS-SEG-188
data/out_of_scope/cat4_out_of_scope_brain/vestibular_schwannoma/VS-SEG-188_047.png,cat4_out_of_scope_brain,vestibular_schwannoma,"TCIA Vestibular-Schwannoma-MC-RC, routine clinical T1 contrast-enhanced and T2 brain MRI of vestibular schwannoma",CC BY 4.0,eval,VS-SEG-188
data/out_of_scope/cat4_out_of_scope_brain/vestibular_schwannoma/VS-SEG-188_055.png,cat4_out_of_scope_brain,vestibular_schwannoma,"TCIA Vestibular-Schwannoma-MC-RC, routine clinical T1 contrast-enhanced and T2 brain MRI of vestibular schwannoma",CC BY 4.0,eval,VS-SEG-188
