2026-07-07 01:15:56  [INFO]  Compute device: cpu
2026-07-07 01:15:56  [INFO]  Loading existing manifest: C:\Users\medha\OneDrive\Documents\MRI ALGO\split_manifest.csv
2026-07-07 01:15:56  [INFO]  [vit] seed 42 already complete -- skipping
2026-07-07 01:15:56  [INFO]  [vit] seed 123 already complete -- skipping
2026-07-07 01:15:56  [INFO]  ============================================================
2026-07-07 01:15:56  [INFO]  [vit] training seed 7
2026-07-07 01:15:56  [INFO]  ============================================================
2026-07-07 01:15:56  [INFO]  Reproducibility locked — seed=7, cudnn.deterministic=True
2026-07-07 01:15:56  [INFO]  [train]  4979 samples  /  155 batches
2026-07-07 01:15:56  [INFO]  [val]  1109 samples  /  35 batches
2026-07-07 01:15:56  [INFO]  [test]  1112 samples  /  35 batches
2026-07-07 01:15:56  [INFO]  BrainTumorViT | trainable: 14,376,708 / 85,998,084  (16.72%)
2026-07-07 01:16:48  [INFO]  Epoch [01]  step [20/155]  batch_loss=0.8599
2026-07-07 01:17:22  [INFO]  Epoch [01]  step [40/155]  batch_loss=0.6234
2026-07-07 01:18:11  [INFO]  Epoch [01]  step [60/155]  batch_loss=0.5792
2026-07-07 01:19:01  [INFO]  Epoch [01]  step [80/155]  batch_loss=0.5362
2026-07-07 01:19:50  [INFO]  Epoch [01]  step [100/155]  batch_loss=0.6246
2026-07-07 01:20:39  [INFO]  Epoch [01]  step [120/155]  batch_loss=0.4355
2026-07-07 01:21:29  [INFO]  Epoch [01]  step [140/155]  batch_loss=0.5954
2026-07-07 01:23:16  [INFO]  [vit | seed=7]  Epoch [01/30]  train_loss=0.6732  train_acc=0.8345  val_loss=0.5496  val_acc=0.9098
2026-07-07 01:23:16  [INFO]    \u2713 Checkpoint saved  (epoch=1  val_loss=0.5496  val_acc=0.9098)
2026-07-07 01:24:03  [INFO]  Epoch [02]  step [20/155]  batch_loss=0.4533
2026-07-07 01:24:44  [INFO]  Epoch [02]  step [40/155]  batch_loss=0.4511
2026-07-07 01:25:23  [INFO]  Epoch [02]  step [60/155]  batch_loss=0.4843
2026-07-07 01:26:00  [INFO]  Epoch [02]  step [80/155]  batch_loss=0.4434
2026-07-07 01:26:38  [INFO]  Epoch [02]  step [100/155]  batch_loss=0.5703
2026-07-07 01:27:12  [INFO]  Epoch [02]  step [120/155]  batch_loss=0.5237
2026-07-07 01:27:43  [INFO]  Epoch [02]  step [140/155]  batch_loss=0.5006
2026-07-07 01:28:46  [INFO]  [vit | seed=7]  Epoch [02/30]  train_loss=0.4966  train_acc=0.9286  val_loss=0.4964  val_acc=0.9243
2026-07-07 01:28:46  [INFO]    \u2713 Checkpoint saved  (epoch=2  val_loss=0.4964  val_acc=0.9243)
2026-07-07 01:29:18  [INFO]  Epoch [03]  step [20/155]  batch_loss=0.5295
2026-07-07 01:29:51  [INFO]  Epoch [03]  step [40/155]  batch_loss=0.5468
2026-07-07 01:30:22  [INFO]  Epoch [03]  step [60/155]  batch_loss=0.4899
2026-07-07 01:30:54  [INFO]  Epoch [03]  step [80/155]  batch_loss=0.5161
2026-07-07 01:31:26  [INFO]  Epoch [03]  step [100/155]  batch_loss=0.4260
2026-07-07 01:31:58  [INFO]  Epoch [03]  step [120/155]  batch_loss=0.3777
2026-07-07 01:32:31  [INFO]  Epoch [03]  step [140/155]  batch_loss=0.3683
2026-07-07 01:33:43  [INFO]  [vit | seed=7]  Epoch [03/30]  train_loss=0.4498  train_acc=0.9550  val_loss=0.4224  val_acc=0.9621
2026-07-07 01:33:43  [INFO]    \u2713 Checkpoint saved  (epoch=3  val_loss=0.4224  val_acc=0.9621)
2026-07-07 01:34:19  [INFO]  Epoch [04]  step [20/155]  batch_loss=0.4503
2026-07-07 01:34:52  [INFO]  Epoch [04]  step [40/155]  batch_loss=0.4346
2026-07-07 01:35:25  [INFO]  Epoch [04]  step [60/155]  batch_loss=0.3971
2026-07-07 01:35:59  [INFO]  Epoch [04]  step [80/155]  batch_loss=0.3614
2026-07-07 01:36:33  [INFO]  Epoch [04]  step [100/155]  batch_loss=0.3864
2026-07-07 01:37:05  [INFO]  Epoch [04]  step [120/155]  batch_loss=0.4354
2026-07-07 01:37:38  [INFO]  Epoch [04]  step [140/155]  batch_loss=0.3888
2026-07-07 01:38:47  [INFO]  [vit | seed=7]  Epoch [04/30]  train_loss=0.4176  train_acc=0.9700  val_loss=0.4536  val_acc=0.9495
2026-07-07 01:39:21  [INFO]  Epoch [05]  step [20/155]  batch_loss=0.5055
2026-07-07 01:39:55  [INFO]  Epoch [05]  step [40/155]  batch_loss=0.3903
2026-07-07 01:40:29  [INFO]  Epoch [05]  step [60/155]  batch_loss=0.4760
2026-07-07 01:41:03  [INFO]  Epoch [05]  step [80/155]  batch_loss=0.4045
2026-07-07 01:41:36  [INFO]  Epoch [05]  step [100/155]  batch_loss=0.3759
2026-07-07 01:42:09  [INFO]  Epoch [05]  step [120/155]  batch_loss=0.4268
2026-07-07 01:42:44  [INFO]  Epoch [05]  step [140/155]  batch_loss=0.4771
2026-07-07 01:43:51  [INFO]  [vit | seed=7]  Epoch [05/30]  train_loss=0.3998  train_acc=0.9788  val_loss=0.4283  val_acc=0.9657
2026-07-07 01:44:27  [INFO]  Epoch [06]  step [20/155]  batch_loss=0.3680
2026-07-07 01:45:02  [INFO]  Epoch [06]  step [40/155]  batch_loss=0.3962
2026-07-07 01:45:37  [INFO]  Epoch [06]  step [60/155]  batch_loss=0.5334
2026-07-07 01:46:11  [INFO]  Epoch [06]  step [80/155]  batch_loss=0.3588
2026-07-07 01:46:46  [INFO]  Epoch [06]  step [100/155]  batch_loss=0.3552
2026-07-07 01:47:20  [INFO]  Epoch [06]  step [120/155]  batch_loss=0.3902
2026-07-07 01:47:54  [INFO]  Epoch [06]  step [140/155]  batch_loss=0.5050
2026-07-07 01:49:10  [INFO]  [vit | seed=7]  Epoch [06/30]  train_loss=0.3926  train_acc=0.9821  val_loss=0.5432  val_acc=0.9170
2026-07-07 01:49:52  [INFO]  Epoch [07]  step [20/155]  batch_loss=0.4886
2026-07-07 01:50:34  [INFO]  Epoch [07]  step [40/155]  batch_loss=0.3897
2026-07-07 01:51:15  [INFO]  Epoch [07]  step [60/155]  batch_loss=0.4157
2026-07-07 01:51:49  [INFO]  Epoch [07]  step [80/155]  batch_loss=0.3579
2026-07-07 01:52:22  [INFO]  Epoch [07]  step [100/155]  batch_loss=0.3638
2026-07-07 01:53:03  [INFO]  Epoch [07]  step [120/155]  batch_loss=0.3834
2026-07-07 01:53:48  [INFO]  Epoch [07]  step [140/155]  batch_loss=0.3587
2026-07-07 01:54:58  [INFO]  [vit | seed=7]  Epoch [07/30]  train_loss=0.3912  train_acc=0.9843  val_loss=0.4114  val_acc=0.9702
2026-07-07 01:54:58  [INFO]    \u2713 Checkpoint saved  (epoch=7  val_loss=0.4114  val_acc=0.9702)
2026-07-07 01:55:39  [INFO]  Epoch [08]  step [20/155]  batch_loss=0.3725
2026-07-07 01:56:21  [INFO]  Epoch [08]  step [40/155]  batch_loss=0.4167
2026-07-07 01:57:04  [INFO]  Epoch [08]  step [60/155]  batch_loss=0.3674
2026-07-07 01:57:46  [INFO]  Epoch [08]  step [80/155]  batch_loss=0.3943
2026-07-07 01:58:25  [INFO]  Epoch [08]  step [100/155]  batch_loss=0.3764
2026-07-07 01:59:01  [INFO]  Epoch [08]  step [120/155]  batch_loss=0.3710
2026-07-07 01:59:35  [INFO]  Epoch [08]  step [140/155]  batch_loss=0.3581
2026-07-07 02:00:41  [INFO]  [vit | seed=7]  Epoch [08/30]  train_loss=0.3852  train_acc=0.9853  val_loss=0.4157  val_acc=0.9621
2026-07-07 02:01:18  [INFO]  Epoch [09]  step [20/155]  batch_loss=0.4477
2026-07-07 02:01:53  [INFO]  Epoch [09]  step [40/155]  batch_loss=0.3753
2026-07-07 02:02:27  [INFO]  Epoch [09]  step [60/155]  batch_loss=0.3596
2026-07-07 02:03:02  [INFO]  Epoch [09]  step [80/155]  batch_loss=0.3566
2026-07-07 02:03:44  [INFO]  Epoch [09]  step [100/155]  batch_loss=0.3581
2026-07-07 02:04:27  [INFO]  Epoch [09]  step [120/155]  batch_loss=0.3574
2026-07-07 02:05:10  [INFO]  Epoch [09]  step [140/155]  batch_loss=0.3996
2026-07-07 02:06:34  [INFO]  [vit | seed=7]  Epoch [09/30]  train_loss=0.3771  train_acc=0.9895  val_loss=0.4386  val_acc=0.9612
2026-07-07 02:07:15  [INFO]  Epoch [10]  step [20/155]  batch_loss=0.3825
2026-07-07 02:07:56  [INFO]  Epoch [10]  step [40/155]  batch_loss=0.3581
2026-07-07 02:08:38  [INFO]  Epoch [10]  step [60/155]  batch_loss=0.3559
2026-07-07 02:09:20  [INFO]  Epoch [10]  step [80/155]  batch_loss=0.4504
2026-07-07 02:10:02  [INFO]  Epoch [10]  step [100/155]  batch_loss=0.3565
2026-07-07 02:10:44  [INFO]  Epoch [10]  step [120/155]  batch_loss=0.4418
2026-07-07 02:11:26  [INFO]  Epoch [10]  step [140/155]  batch_loss=0.3635
2026-07-07 02:12:51  [INFO]  [vit | seed=7]  Epoch [10/30]  train_loss=0.3791  train_acc=0.9879  val_loss=0.4384  val_acc=0.9567
2026-07-07 02:13:34  [INFO]  Epoch [11]  step [20/155]  batch_loss=0.4394
2026-07-07 02:14:17  [INFO]  Epoch [11]  step [40/155]  batch_loss=0.3901
2026-07-07 02:15:01  [INFO]  Epoch [11]  step [60/155]  batch_loss=0.4859
2026-07-07 02:15:43  [INFO]  Epoch [11]  step [80/155]  batch_loss=0.3560
2026-07-07 02:16:25  [INFO]  Epoch [11]  step [100/155]  batch_loss=0.3612
2026-07-07 02:17:07  [INFO]  Epoch [11]  step [120/155]  batch_loss=0.4662
2026-07-07 02:17:50  [INFO]  Epoch [11]  step [140/155]  batch_loss=0.3544
2026-07-07 02:19:16  [INFO]  [vit | seed=7]  Epoch [11/30]  train_loss=0.3737  train_acc=0.9915  val_loss=0.4504  val_acc=0.9567
2026-07-07 02:20:02  [INFO]  Epoch [12]  step [20/155]  batch_loss=0.3553
2026-07-07 02:20:46  [INFO]  Epoch [12]  step [40/155]  batch_loss=0.3868
2026-07-07 02:21:30  [INFO]  Epoch [12]  step [60/155]  batch_loss=0.3585
2026-07-07 02:22:14  [INFO]  Epoch [12]  step [80/155]  batch_loss=0.3560
2026-07-07 02:22:57  [INFO]  Epoch [12]  step [100/155]  batch_loss=0.3726
2026-07-07 02:23:40  [INFO]  Epoch [12]  step [120/155]  batch_loss=0.4328
2026-07-07 02:24:23  [INFO]  Epoch [12]  step [140/155]  batch_loss=0.3777
2026-07-07 02:25:50  [INFO]  [vit | seed=7]  Epoch [12/30]  train_loss=0.3735  train_acc=0.9909  val_loss=0.4227  val_acc=0.9639
2026-07-07 02:25:50  [INFO]  Early stopping at epoch 12 — no val_loss improvement for 5 consecutive epochs.
2026-07-07 02:25:50  [INFO]  Best weights restored — epoch 7  val_loss=0.4114  val_acc=0.9702
2026-07-07 02:27:28  [INFO]  Test (deterministic)  loss=0.4338  acc=0.9613
2026-07-07 02:27:28  [INFO]  MC Dropout  T=20 on test set …
2026-07-07 02:46:47  [INFO]  Test (MC T=20)  acc=0.9613  macro-F1=0.9610  macro-AUC=0.9933  mean-H=0.5637 bits
2026-07-07 02:46:47  [INFO]  ECE=0.0673  Brier=0.0640
2026-07-07 02:46:47  [INFO]  AURC=0.0093
2026-07-07 02:46:47  [INFO]    Accuracy @ 80% coverage = 0.9876
2026-07-07 02:46:47  [INFO]    Accuracy @ 90% coverage = 0.9860
2026-07-07 02:46:47  [INFO]    Accuracy @ 95% coverage = 0.9830
2026-07-07 02:46:52  [INFO]  Bootstrap (1000) | acc=0.9613 [0.9496, 0.9721]  auc=0.9933 [0.9895, 0.9967]
2026-07-07 02:46:53  [INFO]  Summary \u2192 C:\Users\medha\OneDrive\Documents\MRI ALGO\results\20260703_155524\vit\seed_7\summary.json
2026-07-07 02:46:57  [INFO]  ============================================================
2026-07-07 02:46:57  [INFO]  [vit] training seed 2024
2026-07-07 02:46:57  [INFO]  ============================================================
2026-07-07 02:46:57  [INFO]  Reproducibility locked — seed=2024, cudnn.deterministic=True
2026-07-07 02:46:57  [INFO]  [train]  4979 samples  /  155 batches
2026-07-07 02:46:57  [INFO]  [val]  1109 samples  /  35 batches
2026-07-07 02:46:57  [INFO]  [test]  1112 samples  /  35 batches
2026-07-07 02:46:59  [INFO]  BrainTumorViT | trainable: 14,376,708 / 85,998,084  (16.72%)
2026-07-07 02:48:18  [INFO]  Epoch [01]  step [20/155]  batch_loss=0.7823
2026-07-07 02:49:03  [INFO]  Epoch [01]  step [40/155]  batch_loss=0.6682
2026-07-07 02:49:53  [INFO]  Epoch [01]  step [60/155]  batch_loss=0.4979
2026-07-07 02:50:42  [INFO]  Epoch [01]  step [80/155]  batch_loss=0.7102
2026-07-07 02:51:32  [INFO]  Epoch [01]  step [100/155]  batch_loss=0.6235
2026-07-07 02:52:20  [INFO]  Epoch [01]  step [120/155]  batch_loss=0.5580
2026-07-07 02:53:03  [INFO]  Epoch [01]  step [140/155]  batch_loss=0.5628
2026-07-07 02:55:04  [INFO]  [vit | seed=2024]  Epoch [01/30]  train_loss=0.6617  train_acc=0.8409  val_loss=0.5417  val_acc=0.9026
2026-07-07 02:55:04  [INFO]    \u2713 Checkpoint saved  (epoch=1  val_loss=0.5417  val_acc=0.9026)
2026-07-07 02:55:47  [INFO]  Epoch [02]  step [20/155]  batch_loss=0.4322
2026-07-07 02:56:31  [INFO]  Epoch [02]  step [40/155]  batch_loss=0.4904
2026-07-07 02:57:15  [INFO]  Epoch [02]  step [60/155]  batch_loss=0.4622
2026-07-07 03:03:45  [INFO]  Epoch [02]  step [80/155]  batch_loss=0.4710
2026-07-07 03:04:25  [INFO]  Epoch [02]  step [100/155]  batch_loss=0.4117
2026-07-07 03:04:58  [INFO]  Epoch [02]  step [120/155]  batch_loss=0.6810
2026-07-07 03:05:30  [INFO]  Epoch [02]  step [140/155]  batch_loss=0.4444
2026-07-07 03:06:35  [INFO]  [vit | seed=2024]  Epoch [02/30]  train_loss=0.5042  train_acc=0.9302  val_loss=0.4527  val_acc=0.9468
2026-07-07 03:06:35  [INFO]    \u2713 Checkpoint saved  (epoch=2  val_loss=0.4527  val_acc=0.9468)
2026-07-07 03:07:08  [INFO]  Epoch [03]  step [20/155]  batch_loss=0.3776
2026-07-07 03:07:42  [INFO]  Epoch [03]  step [40/155]  batch_loss=0.3959
2026-07-07 03:08:16  [INFO]  Epoch [03]  step [60/155]  batch_loss=0.4538
2026-07-07 03:08:51  [INFO]  Epoch [03]  step [80/155]  batch_loss=0.5436
2026-07-07 03:09:26  [INFO]  Epoch [03]  step [100/155]  batch_loss=0.5370
2026-07-07 03:10:01  [INFO]  Epoch [03]  step [120/155]  batch_loss=0.3841
2026-07-07 03:10:35  [INFO]  Epoch [03]  step [140/155]  batch_loss=0.4182
2026-07-07 03:11:41  [INFO]  [vit | seed=2024]  Epoch [03/30]  train_loss=0.4555  train_acc=0.9530  val_loss=0.4442  val_acc=0.9567
2026-07-07 03:11:41  [INFO]    \u2713 Checkpoint saved  (epoch=3  val_loss=0.4442  val_acc=0.9567)
2026-07-07 03:12:14  [INFO]  Epoch [04]  step [20/155]  batch_loss=0.3600
2026-07-07 03:12:47  [INFO]  Epoch [04]  step [40/155]  batch_loss=0.4290
2026-07-07 03:13:19  [INFO]  Epoch [04]  step [60/155]  batch_loss=0.3871
2026-07-07 03:13:53  [INFO]  Epoch [04]  step [80/155]  batch_loss=0.5240
2026-07-07 03:14:26  [INFO]  Epoch [04]  step [100/155]  batch_loss=0.3710
2026-07-07 03:14:58  [INFO]  Epoch [04]  step [120/155]  batch_loss=0.4188
2026-07-07 03:15:31  [INFO]  Epoch [04]  step [140/155]  batch_loss=0.3727
2026-07-07 03:16:38  [INFO]  [vit | seed=2024]  Epoch [04/30]  train_loss=0.4235  train_acc=0.9667  val_loss=0.4409  val_acc=0.9576
2026-07-07 03:16:39  [INFO]    \u2713 Checkpoint saved  (epoch=4  val_loss=0.4409  val_acc=0.9576)
2026-07-07 03:17:13  [INFO]  Epoch [05]  step [20/155]  batch_loss=0.4212
2026-07-07 03:17:45  [INFO]  Epoch [05]  step [40/155]  batch_loss=0.4470
2026-07-07 03:18:17  [INFO]  Epoch [05]  step [60/155]  batch_loss=0.4299
2026-07-07 03:18:51  [INFO]  Epoch [05]  step [80/155]  batch_loss=0.4788
2026-07-07 03:19:23  [INFO]  Epoch [05]  step [100/155]  batch_loss=0.3593
2026-07-07 03:19:56  [INFO]  Epoch [05]  step [120/155]  batch_loss=0.3592
2026-07-07 03:20:28  [INFO]  Epoch [05]  step [140/155]  batch_loss=0.3769
2026-07-07 03:21:34  [INFO]  [vit | seed=2024]  Epoch [05/30]  train_loss=0.4057  train_acc=0.9770  val_loss=0.4259  val_acc=0.9657
2026-07-07 03:21:34  [INFO]    \u2713 Checkpoint saved  (epoch=5  val_loss=0.4259  val_acc=0.9657)
2026-07-07 03:22:07  [INFO]  Epoch [06]  step [20/155]  batch_loss=0.3869
2026-07-07 03:22:39  [INFO]  Epoch [06]  step [40/155]  batch_loss=0.3642
2026-07-07 03:23:11  [INFO]  Epoch [06]  step [60/155]  batch_loss=0.3932
2026-07-07 03:23:43  [INFO]  Epoch [06]  step [80/155]  batch_loss=0.4408
2026-07-07 03:24:16  [INFO]  Epoch [06]  step [100/155]  batch_loss=0.4717
2026-07-07 03:24:49  [INFO]  Epoch [06]  step [120/155]  batch_loss=0.4263
2026-07-07 03:25:21  [INFO]  Epoch [06]  step [140/155]  batch_loss=0.3900
2026-07-07 03:26:24  [INFO]  [vit | seed=2024]  Epoch [06/30]  train_loss=0.4089  train_acc=0.9760  val_loss=0.4275  val_acc=0.9594
2026-07-07 03:26:56  [INFO]  Epoch [07]  step [20/155]  batch_loss=0.4001
2026-07-07 03:27:28  [INFO]  Epoch [07]  step [40/155]  batch_loss=0.3613
2026-07-07 03:28:01  [INFO]  Epoch [07]  step [60/155]  batch_loss=0.3757
2026-07-07 03:28:33  [INFO]  Epoch [07]  step [80/155]  batch_loss=0.3575
2026-07-07 03:29:05  [INFO]  Epoch [07]  step [100/155]  batch_loss=0.3639
2026-07-07 03:29:37  [INFO]  Epoch [07]  step [120/155]  batch_loss=0.3913
2026-07-07 03:30:08  [INFO]  Epoch [07]  step [140/155]  batch_loss=0.3553
2026-07-07 03:31:11  [INFO]  [vit | seed=2024]  Epoch [07/30]  train_loss=0.3879  train_acc=0.9847  val_loss=0.4287  val_acc=0.9603
2026-07-07 03:31:44  [INFO]  Epoch [08]  step [20/155]  batch_loss=0.4289
2026-07-07 03:32:15  [INFO]  Epoch [08]  step [40/155]  batch_loss=0.3594
2026-07-07 03:32:47  [INFO]  Epoch [08]  step [60/155]  batch_loss=0.3924
2026-07-07 03:33:19  [INFO]  Epoch [08]  step [80/155]  batch_loss=0.3612
2026-07-07 03:33:53  [INFO]  Epoch [08]  step [100/155]  batch_loss=0.3580
2026-07-07 03:34:26  [INFO]  Epoch [08]  step [120/155]  batch_loss=0.3549
2026-07-07 03:34:59  [INFO]  Epoch [08]  step [140/155]  batch_loss=0.4386
2026-07-07 03:36:04  [INFO]  [vit | seed=2024]  Epoch [08/30]  train_loss=0.3852  train_acc=0.9861  val_loss=0.4130  val_acc=0.9693
2026-07-07 03:36:04  [INFO]    \u2713 Checkpoint saved  (epoch=8  val_loss=0.4130  val_acc=0.9693)
2026-07-07 03:36:37  [INFO]  Epoch [09]  step [20/155]  batch_loss=0.3568
2026-07-07 03:37:09  [INFO]  Epoch [09]  step [40/155]  batch_loss=0.3666
2026-07-07 03:37:41  [INFO]  Epoch [09]  step [60/155]  batch_loss=0.3542
2026-07-07 03:38:16  [INFO]  Epoch [09]  step [80/155]  batch_loss=0.4234
2026-07-07 03:38:49  [INFO]  Epoch [09]  step [100/155]  batch_loss=0.3895
2026-07-07 03:39:22  [INFO]  Epoch [09]  step [120/155]  batch_loss=0.3565
2026-07-07 03:39:54  [INFO]  Epoch [09]  step [140/155]  batch_loss=0.3583
2026-07-07 03:41:00  [INFO]  [vit | seed=2024]  Epoch [09/30]  train_loss=0.3798  train_acc=0.9887  val_loss=0.4274  val_acc=0.9621
2026-07-07 03:41:33  [INFO]  Epoch [10]  step [20/155]  batch_loss=0.3616
2026-07-07 03:42:05  [INFO]  Epoch [10]  step [40/155]  batch_loss=0.3590
2026-07-07 03:42:38  [INFO]  Epoch [10]  step [60/155]  batch_loss=0.4347
2026-07-07 03:43:10  [INFO]  Epoch [10]  step [80/155]  batch_loss=0.3561
2026-07-07 03:43:43  [INFO]  Epoch [10]  step [100/155]  batch_loss=0.3638
2026-07-07 03:44:15  [INFO]  Epoch [10]  step [120/155]  batch_loss=0.3664
2026-07-07 03:44:47  [INFO]  Epoch [10]  step [140/155]  batch_loss=0.3627
2026-07-07 03:45:50  [INFO]  [vit | seed=2024]  Epoch [10/30]  train_loss=0.3852  train_acc=0.9857  val_loss=0.4100  val_acc=0.9693
2026-07-07 03:45:51  [INFO]    \u2713 Checkpoint saved  (epoch=10  val_loss=0.4100  val_acc=0.9693)
2026-07-07 03:46:23  [INFO]  Epoch [11]  step [20/155]  batch_loss=0.3557
2026-07-07 03:46:55  [INFO]  Epoch [11]  step [40/155]  batch_loss=0.3553
2026-07-07 03:47:27  [INFO]  Epoch [11]  step [60/155]  batch_loss=0.3562
2026-07-07 03:47:59  [INFO]  Epoch [11]  step [80/155]  batch_loss=0.3544
2026-07-07 03:48:30  [INFO]  Epoch [11]  step [100/155]  batch_loss=0.3562
2026-07-07 03:49:03  [INFO]  Epoch [11]  step [120/155]  batch_loss=0.3648
2026-07-07 03:49:35  [INFO]  Epoch [11]  step [140/155]  batch_loss=0.4256
2026-07-07 03:50:38  [INFO]  [vit | seed=2024]  Epoch [11/30]  train_loss=0.3762  train_acc=0.9897  val_loss=0.4052  val_acc=0.9729
2026-07-07 03:50:38  [INFO]    \u2713 Checkpoint saved  (epoch=11  val_loss=0.4052  val_acc=0.9729)
2026-07-07 03:51:10  [INFO]  Epoch [12]  step [20/155]  batch_loss=0.3868
2026-07-07 03:51:42  [INFO]  Epoch [12]  step [40/155]  batch_loss=0.3548
2026-07-07 03:52:14  [INFO]  Epoch [12]  step [60/155]  batch_loss=0.3553
2026-07-07 03:52:47  [INFO]  Epoch [12]  step [80/155]  batch_loss=0.3552
2026-07-07 03:53:19  [INFO]  Epoch [12]  step [100/155]  batch_loss=0.3560
2026-07-07 03:53:51  [INFO]  Epoch [12]  step [120/155]  batch_loss=0.3549
2026-07-07 03:54:23  [INFO]  Epoch [12]  step [140/155]  batch_loss=0.3554
2026-07-07 19:46:52  [INFO]  [vit | seed=2024]  Epoch [12/30]  train_loss=0.3772  train_acc=0.9901  val_loss=0.6170  val_acc=0.8918
2026-07-07 19:47:46  [INFO]  Epoch [13]  step [20/155]  batch_loss=0.3583
2026-07-07 19:48:33  [INFO]  Epoch [13]  step [40/155]  batch_loss=0.4206
2026-07-07 19:49:19  [INFO]  Epoch [13]  step [60/155]  batch_loss=0.4003
2026-07-07 19:50:04  [INFO]  Epoch [13]  step [80/155]  batch_loss=0.3991
2026-07-07 19:50:49  [INFO]  Epoch [13]  step [100/155]  batch_loss=0.3554
2026-07-07 19:51:34  [INFO]  Epoch [13]  step [120/155]  batch_loss=0.3577
2026-07-07 19:52:24  [INFO]  Epoch [13]  step [140/155]  batch_loss=0.3677
2026-07-07 19:54:03  [INFO]  [vit | seed=2024]  Epoch [13/30]  train_loss=0.3764  train_acc=0.9901  val_loss=0.4038  val_acc=0.9784
2026-07-07 19:54:03  [INFO]    \u2713 Checkpoint saved  (epoch=13  val_loss=0.4038  val_acc=0.9784)
2026-07-07 19:54:46  [INFO]  Epoch [14]  step [20/155]  batch_loss=0.4192
2026-07-07 19:55:30  [INFO]  Epoch [14]  step [40/155]  batch_loss=0.3539
2026-07-07 19:56:15  [INFO]  Epoch [14]  step [60/155]  batch_loss=0.3549
2026-07-07 19:57:02  [INFO]  Epoch [14]  step [80/155]  batch_loss=0.3596
2026-07-07 19:57:51  [INFO]  Epoch [14]  step [100/155]  batch_loss=0.4287
2026-07-07 19:58:37  [INFO]  Epoch [14]  step [120/155]  batch_loss=0.3548
2026-07-07 19:59:16  [INFO]  Epoch [14]  step [140/155]  batch_loss=0.3546
2026-07-07 20:00:31  [INFO]  [vit | seed=2024]  Epoch [14/30]  train_loss=0.3661  train_acc=0.9950  val_loss=0.4161  val_acc=0.9720
2026-07-07 20:01:08  [INFO]  Epoch [15]  step [20/155]  batch_loss=0.4953
2026-07-07 20:01:47  [INFO]  Epoch [15]  step [40/155]  batch_loss=0.3546
2026-07-07 20:02:28  [INFO]  Epoch [15]  step [60/155]  batch_loss=0.3535
2026-07-07 20:03:10  [INFO]  Epoch [15]  step [80/155]  batch_loss=0.3596
2026-07-07 20:03:49  [INFO]  Epoch [15]  step [100/155]  batch_loss=0.3532
2026-07-07 20:04:26  [INFO]  Epoch [15]  step [120/155]  batch_loss=0.3584
2026-07-07 20:05:04  [INFO]  Epoch [15]  step [140/155]  batch_loss=0.3537
2026-07-07 20:06:19  [INFO]  [vit | seed=2024]  Epoch [15/30]  train_loss=0.3695  train_acc=0.9919  val_loss=0.4176  val_acc=0.9729
2026-07-07 20:07:04  [INFO]  Epoch [16]  step [20/155]  batch_loss=0.3562
2026-07-07 20:07:43  [INFO]  Epoch [16]  step [40/155]  batch_loss=0.3542
2026-07-07 20:08:21  [INFO]  Epoch [16]  step [60/155]  batch_loss=0.3562
2026-07-07 20:08:59  [INFO]  Epoch [16]  step [80/155]  batch_loss=0.3546
2026-07-07 20:09:37  [INFO]  Epoch [16]  step [100/155]  batch_loss=0.3546
2026-07-07 20:10:14  [INFO]  Epoch [16]  step [120/155]  batch_loss=0.3549
2026-07-07 20:10:51  [INFO]  Epoch [16]  step [140/155]  batch_loss=0.3599
2026-07-07 20:12:09  [INFO]  [vit | seed=2024]  Epoch [16/30]  train_loss=0.3665  train_acc=0.9940  val_loss=0.4605  val_acc=0.9549
2026-07-07 20:12:47  [INFO]  Epoch [17]  step [20/155]  batch_loss=0.3530
2026-07-07 20:13:24  [INFO]  Epoch [17]  step [40/155]  batch_loss=0.3685
2026-07-07 20:14:02  [INFO]  Epoch [17]  step [60/155]  batch_loss=0.3572
2026-07-07 20:14:39  [INFO]  Epoch [17]  step [80/155]  batch_loss=0.4124
2026-07-07 20:15:16  [INFO]  Epoch [17]  step [100/155]  batch_loss=0.3559
2026-07-07 20:15:52  [INFO]  Epoch [17]  step [120/155]  batch_loss=0.3560
2026-07-07 20:16:29  [INFO]  Epoch [17]  step [140/155]  batch_loss=0.3542
2026-07-07 20:17:42  [INFO]  [vit | seed=2024]  Epoch [17/30]  train_loss=0.3697  train_acc=0.9919  val_loss=0.4570  val_acc=0.9576
2026-07-07 20:18:19  [INFO]  Epoch [18]  step [20/155]  batch_loss=0.3556
2026-07-07 20:18:55  [INFO]  Epoch [18]  step [40/155]  batch_loss=0.3572
2026-07-07 20:19:31  [INFO]  Epoch [18]  step [60/155]  batch_loss=0.3526
2026-07-07 20:20:08  [INFO]  Epoch [18]  step [80/155]  batch_loss=0.3545
2026-07-07 20:20:44  [INFO]  Epoch [18]  step [100/155]  batch_loss=0.3520
2026-07-07 20:21:20  [INFO]  Epoch [18]  step [120/155]  batch_loss=0.3548
2026-07-07 20:21:57  [INFO]  Epoch [18]  step [140/155]  batch_loss=0.3728
2026-07-07 20:23:11  [INFO]  [vit | seed=2024]  Epoch [18/30]  train_loss=0.3643  train_acc=0.9946  val_loss=0.4131  val_acc=0.9748
2026-07-07 20:23:11  [INFO]  Early stopping at epoch 18 — no val_loss improvement for 5 consecutive epochs.
2026-07-07 20:23:11  [INFO]  Best weights restored — epoch 13  val_loss=0.4038  val_acc=0.9784
2026-07-07 20:24:33  [INFO]  Test (deterministic)  loss=0.4417  acc=0.9622
2026-07-07 20:24:33  [INFO]  MC Dropout  T=20 on test set …
2026-07-07 20:39:53  [INFO]  Test (MC T=20)  acc=0.9622  macro-F1=0.9621  macro-AUC=0.9919  mean-H=0.5492 bits
2026-07-07 20:39:53  [INFO]  ECE=0.0647  Brier=0.0661
2026-07-07 20:39:53  [INFO]  AURC=0.0174
2026-07-07 20:39:53  [INFO]    Accuracy @ 80% coverage = 0.9865
2026-07-07 20:39:53  [INFO]    Accuracy @ 90% coverage = 0.9850
2026-07-07 20:39:53  [INFO]    Accuracy @ 95% coverage = 0.9811
2026-07-07 20:39:56  [INFO]  Bootstrap (1000) | acc=0.9622 [0.9505, 0.9730]  auc=0.9919 [0.9874, 0.9953]
2026-07-07 20:39:56  [INFO]  Summary \u2192 C:\Users\medha\OneDrive\Documents\MRI ALGO\results\20260703_155524\vit\seed_2024\summary.json
2026-07-07 20:40:00  [INFO]  ============================================================
2026-07-07 20:40:00  [INFO]  [vit] training seed 31
2026-07-07 20:40:00  [INFO]  ============================================================
2026-07-07 20:40:00  [INFO]  Reproducibility locked — seed=31, cudnn.deterministic=True
2026-07-07 20:40:00  [INFO]  [train]  4979 samples  /  155 batches
2026-07-07 20:40:00  [INFO]  [val]  1109 samples  /  35 batches
2026-07-07 20:40:00  [INFO]  [test]  1112 samples  /  35 batches
2026-07-07 20:40:01  [INFO]  BrainTumorViT | trainable: 14,376,708 / 85,998,084  (16.72%)
2026-07-07 20:40:54  [INFO]  Epoch [01]  step [20/155]  batch_loss=0.9989
2026-07-07 20:41:31  [INFO]  Epoch [01]  step [40/155]  batch_loss=0.6782
2026-07-07 20:42:07  [INFO]  Epoch [01]  step [60/155]  batch_loss=0.5279
2026-07-07 20:42:44  [INFO]  Epoch [01]  step [80/155]  batch_loss=0.5952
2026-07-07 20:43:21  [INFO]  Epoch [01]  step [100/155]  batch_loss=0.4802
2026-07-07 20:43:57  [INFO]  Epoch [01]  step [120/155]  batch_loss=0.4753
2026-07-07 20:44:33  [INFO]  Epoch [01]  step [140/155]  batch_loss=0.5060
2026-07-07 20:46:01  [INFO]  [vit | seed=31]  Epoch [01/30]  train_loss=0.6694  train_acc=0.8317  val_loss=0.5070  val_acc=0.9206
2026-07-07 20:46:02  [INFO]    \u2713 Checkpoint saved  (epoch=1  val_loss=0.5070  val_acc=0.9206)
2026-07-07 20:46:39  [INFO]  Epoch [02]  step [20/155]  batch_loss=0.4596
2026-07-07 20:47:17  [INFO]  Epoch [02]  step [40/155]  batch_loss=0.5828
2026-07-07 20:47:55  [INFO]  Epoch [02]  step [60/155]  batch_loss=0.5587
2026-07-07 20:48:33  [INFO]  Epoch [02]  step [80/155]  batch_loss=0.4349
2026-07-07 20:49:11  [INFO]  Epoch [02]  step [100/155]  batch_loss=0.4847
2026-07-07 20:49:49  [INFO]  Epoch [02]  step [120/155]  batch_loss=0.4032
2026-07-07 20:50:27  [INFO]  Epoch [02]  step [140/155]  batch_loss=0.3875
2026-07-07 20:51:42  [INFO]  [vit | seed=31]  Epoch [02/30]  train_loss=0.4819  train_acc=0.9389  val_loss=0.4627  val_acc=0.9459
2026-07-07 20:51:42  [INFO]    \u2713 Checkpoint saved  (epoch=2  val_loss=0.4627  val_acc=0.9459)
2026-07-07 20:52:21  [INFO]  Epoch [03]  step [20/155]  batch_loss=0.5591
2026-07-07 20:52:59  [INFO]  Epoch [03]  step [40/155]  batch_loss=0.3680
2026-07-07 20:53:37  [INFO]  Epoch [03]  step [60/155]  batch_loss=0.5146
2026-07-07 20:54:15  [INFO]  Epoch [03]  step [80/155]  batch_loss=0.4407
2026-07-07 20:54:54  [INFO]  Epoch [03]  step [100/155]  batch_loss=0.5013
2026-07-07 20:55:32  [INFO]  Epoch [03]  step [120/155]  batch_loss=0.4143
2026-07-07 20:56:10  [INFO]  Epoch [03]  step [140/155]  batch_loss=0.4205
2026-07-07 20:57:25  [INFO]  [vit | seed=31]  Epoch [03/30]  train_loss=0.4355  train_acc=0.9621  val_loss=0.4434  val_acc=0.9495
2026-07-07 20:57:26  [INFO]    \u2713 Checkpoint saved  (epoch=3  val_loss=0.4434  val_acc=0.9495)
2026-07-07 20:58:02  [INFO]  Epoch [04]  step [20/155]  batch_loss=0.4355
2026-07-07 20:58:40  [INFO]  Epoch [04]  step [40/155]  batch_loss=0.3828
2026-07-07 20:59:16  [INFO]  Epoch [04]  step [60/155]  batch_loss=0.4086
2026-07-07 20:59:53  [INFO]  Epoch [04]  step [80/155]  batch_loss=0.4418
2026-07-07 21:00:29  [INFO]  Epoch [04]  step [100/155]  batch_loss=0.3789
2026-07-07 21:01:05  [INFO]  Epoch [04]  step [120/155]  batch_loss=0.4347
2026-07-07 21:01:42  [INFO]  Epoch [04]  step [140/155]  batch_loss=0.4213
2026-07-07 21:02:55  [INFO]  [vit | seed=31]  Epoch [04/30]  train_loss=0.4166  train_acc=0.9712  val_loss=0.4401  val_acc=0.9504
2026-07-07 21:02:55  [INFO]    \u2713 Checkpoint saved  (epoch=4  val_loss=0.4401  val_acc=0.9504)
2026-07-07 21:03:31  [INFO]  Epoch [05]  step [20/155]  batch_loss=0.3603
2026-07-07 21:04:07  [INFO]  Epoch [05]  step [40/155]  batch_loss=0.3648
2026-07-07 21:04:43  [INFO]  Epoch [05]  step [60/155]  batch_loss=0.3959
2026-07-07 21:05:18  [INFO]  Epoch [05]  step [80/155]  batch_loss=0.3614
2026-07-07 21:05:53  [INFO]  Epoch [05]  step [100/155]  batch_loss=0.3625
2026-07-07 21:06:29  [INFO]  Epoch [05]  step [120/155]  batch_loss=0.3634
2026-07-07 21:07:05  [INFO]  Epoch [05]  step [140/155]  batch_loss=0.4233
2026-07-07 21:08:17  [INFO]  [vit | seed=31]  Epoch [05/30]  train_loss=0.4050  train_acc=0.9774  val_loss=0.4152  val_acc=0.9693
2026-07-07 21:08:18  [INFO]    \u2713 Checkpoint saved  (epoch=5  val_loss=0.4152  val_acc=0.9693)
2026-07-07 21:08:54  [INFO]  Epoch [06]  step [20/155]  batch_loss=0.3844
2026-07-07 21:09:30  [INFO]  Epoch [06]  step [40/155]  batch_loss=0.3694
2026-07-07 21:10:05  [INFO]  Epoch [06]  step [60/155]  batch_loss=0.4046
2026-07-07 21:10:41  [INFO]  Epoch [06]  step [80/155]  batch_loss=0.3670
2026-07-07 21:11:17  [INFO]  Epoch [06]  step [100/155]  batch_loss=0.4273
2026-07-07 21:11:52  [INFO]  Epoch [06]  step [120/155]  batch_loss=0.3630
2026-07-07 21:12:28  [INFO]  Epoch [06]  step [140/155]  batch_loss=0.4065
2026-07-07 21:13:39  [INFO]  [vit | seed=31]  Epoch [06/30]  train_loss=0.3972  train_acc=0.9790  val_loss=0.4560  val_acc=0.9495
2026-07-07 21:14:15  [INFO]  Epoch [07]  step [20/155]  batch_loss=0.4536
2026-07-07 21:14:51  [INFO]  Epoch [07]  step [40/155]  batch_loss=0.3962
2026-07-07 21:15:27  [INFO]  Epoch [07]  step [60/155]  batch_loss=0.4461
2026-07-07 21:16:03  [INFO]  Epoch [07]  step [80/155]  batch_loss=0.3574
2026-07-07 21:16:39  [INFO]  Epoch [07]  step [100/155]  batch_loss=0.3596
2026-07-07 21:17:15  [INFO]  Epoch [07]  step [120/155]  batch_loss=0.4033
2026-07-07 21:17:51  [INFO]  Epoch [07]  step [140/155]  batch_loss=0.3618
2026-07-07 21:19:03  [INFO]  [vit | seed=31]  Epoch [07/30]  train_loss=0.3868  train_acc=0.9839  val_loss=0.4334  val_acc=0.9594
2026-07-07 21:19:39  [INFO]  Epoch [08]  step [20/155]  batch_loss=0.3861
2026-07-07 21:20:14  [INFO]  Epoch [08]  step [40/155]  batch_loss=0.4074
2026-07-07 21:20:50  [INFO]  Epoch [08]  step [60/155]  batch_loss=0.3655
2026-07-07 21:21:26  [INFO]  Epoch [08]  step [80/155]  batch_loss=0.3573
2026-07-07 21:22:02  [INFO]  Epoch [08]  step [100/155]  batch_loss=0.3561
2026-07-07 21:22:38  [INFO]  Epoch [08]  step [120/155]  batch_loss=0.3566
2026-07-07 21:23:14  [INFO]  Epoch [08]  step [140/155]  batch_loss=0.4046
2026-07-07 21:24:25  [INFO]  [vit | seed=31]  Epoch [08/30]  train_loss=0.3906  train_acc=0.9815  val_loss=0.4338  val_acc=0.9603
2026-07-07 21:25:01  [INFO]  Epoch [09]  step [20/155]  batch_loss=0.3551
2026-07-07 21:25:37  [INFO]  Epoch [09]  step [40/155]  batch_loss=0.4061
2026-07-07 21:26:14  [INFO]  Epoch [09]  step [60/155]  batch_loss=0.3655
2026-07-07 21:26:50  [INFO]  Epoch [09]  step [80/155]  batch_loss=0.3647
2026-07-07 21:27:26  [INFO]  Epoch [09]  step [100/155]  batch_loss=0.4009
2026-07-07 21:28:02  [INFO]  Epoch [09]  step [120/155]  batch_loss=0.4873
2026-07-07 21:28:38  [INFO]  Epoch [09]  step [140/155]  batch_loss=0.3828
2026-07-07 21:29:49  [INFO]  [vit | seed=31]  Epoch [09/30]  train_loss=0.3779  train_acc=0.9907  val_loss=0.4204  val_acc=0.9639
2026-07-07 21:30:25  [INFO]  Epoch [10]  step [20/155]  batch_loss=0.3560
2026-07-07 21:31:01  [INFO]  Epoch [10]  step [40/155]  batch_loss=0.3558
2026-07-07 21:31:37  [INFO]  Epoch [10]  step [60/155]  batch_loss=0.3566
2026-07-07 21:32:13  [INFO]  Epoch [10]  step [80/155]  batch_loss=0.3567
2026-07-07 21:32:50  [INFO]  Epoch [10]  step [100/155]  batch_loss=0.3717
2026-07-07 21:33:25  [INFO]  Epoch [10]  step [120/155]  batch_loss=0.3537
2026-07-07 21:34:01  [INFO]  Epoch [10]  step [140/155]  batch_loss=0.3642
2026-07-07 21:35:13  [INFO]  [vit | seed=31]  Epoch [10/30]  train_loss=0.3755  train_acc=0.9905  val_loss=0.4166  val_acc=0.9739
2026-07-07 21:35:13  [INFO]  Early stopping at epoch 10 — no val_loss improvement for 5 consecutive epochs.
2026-07-07 21:35:13  [INFO]  Best weights restored — epoch 5  val_loss=0.4152  val_acc=0.9693
2026-07-07 21:36:17  [INFO]  Test (deterministic)  loss=0.4475  acc=0.9568
2026-07-07 21:36:17  [INFO]  MC Dropout  T=20 on test set …

===== RESUMED (relaunch after kill) at Tue, Jul  7, 2026  9:47:42 PM =====
2026-07-07 21:47:53  [INFO]  Compute device: cpu
2026-07-07 21:47:53  [INFO]  Loading existing manifest: C:\Users\medha\OneDrive\Documents\MRI ALGO\split_manifest.csv
2026-07-07 21:47:53  [INFO]  [vit] seed 42 already complete -- skipping
2026-07-07 21:47:53  [INFO]  [vit] seed 123 already complete -- skipping
2026-07-07 21:47:53  [INFO]  [vit] seed 7 already complete -- skipping
2026-07-07 21:47:53  [INFO]  [vit] seed 2024 already complete -- skipping
2026-07-07 21:47:53  [INFO]  ============================================================
2026-07-07 21:47:53  [INFO]  [vit] training seed 31
2026-07-07 21:47:53  [INFO]  ============================================================
2026-07-07 21:47:53  [INFO]  Reproducibility locked — seed=31, cudnn.deterministic=True
2026-07-07 21:47:53  [INFO]  [train]  4979 samples  /  155 batches
2026-07-07 21:47:53  [INFO]  [val]  1109 samples  /  35 batches
2026-07-07 21:47:53  [INFO]  [test]  1112 samples  /  35 batches
2026-07-07 21:47:53  [INFO]  BrainTumorViT | trainable: 14,376,708 / 85,998,084  (16.72%)
2026-07-07 21:48:47  [INFO]  Epoch [01]  step [20/155]  batch_loss=0.9989
2026-07-07 21:49:28  [INFO]  Epoch [01]  step [40/155]  batch_loss=0.6782
2026-07-07 21:50:07  [INFO]  Epoch [01]  step [60/155]  batch_loss=0.5279
2026-07-07 21:50:46  [INFO]  Epoch [01]  step [80/155]  batch_loss=0.5952
2026-07-07 21:51:24  [INFO]  Epoch [01]  step [100/155]  batch_loss=0.4802
2026-07-07 21:52:02  [INFO]  Epoch [01]  step [120/155]  batch_loss=0.4753
2026-07-07 21:52:41  [INFO]  Epoch [01]  step [140/155]  batch_loss=0.5060
2026-07-07 21:54:18  [INFO]  [vit | seed=31]  Epoch [01/30]  train_loss=0.6694  train_acc=0.8317  val_loss=0.5070  val_acc=0.9206
2026-07-07 21:54:18  [INFO]    \u2713 Checkpoint saved  (epoch=1  val_loss=0.5070  val_acc=0.9206)
2026-07-07 21:54:57  [INFO]  Epoch [02]  step [20/155]  batch_loss=0.4596
2026-07-07 21:55:35  [INFO]  Epoch [02]  step [40/155]  batch_loss=0.5828
2026-07-07 21:56:14  [INFO]  Epoch [02]  step [60/155]  batch_loss=0.5587
2026-07-07 21:56:52  [INFO]  Epoch [02]  step [80/155]  batch_loss=0.4349
2026-07-07 21:57:30  [INFO]  Epoch [02]  step [100/155]  batch_loss=0.4847
2026-07-07 21:58:08  [INFO]  Epoch [02]  step [120/155]  batch_loss=0.4032
2026-07-07 21:58:47  [INFO]  Epoch [02]  step [140/155]  batch_loss=0.3875
2026-07-07 22:00:00  [INFO]  [vit | seed=31]  Epoch [02/30]  train_loss=0.4819  train_acc=0.9389  val_loss=0.4627  val_acc=0.9459
2026-07-07 22:00:01  [INFO]    \u2713 Checkpoint saved  (epoch=2  val_loss=0.4627  val_acc=0.9459)
2026-07-07 22:00:37  [INFO]  Epoch [03]  step [20/155]  batch_loss=0.5591
2026-07-07 22:01:14  [INFO]  Epoch [03]  step [40/155]  batch_loss=0.3680
2026-07-07 22:01:50  [INFO]  Epoch [03]  step [60/155]  batch_loss=0.5146
2026-07-07 22:02:26  [INFO]  Epoch [03]  step [80/155]  batch_loss=0.4407
2026-07-07 22:03:02  [INFO]  Epoch [03]  step [100/155]  batch_loss=0.5013
2026-07-07 22:03:38  [INFO]  Epoch [03]  step [120/155]  batch_loss=0.4143
2026-07-07 22:04:14  [INFO]  Epoch [03]  step [140/155]  batch_loss=0.4205
2026-07-07 22:05:26  [INFO]  [vit | seed=31]  Epoch [03/30]  train_loss=0.4355  train_acc=0.9621  val_loss=0.4434  val_acc=0.9495
2026-07-07 22:05:26  [INFO]    \u2713 Checkpoint saved  (epoch=3  val_loss=0.4434  val_acc=0.9495)
2026-07-07 22:06:03  [INFO]  Epoch [04]  step [20/155]  batch_loss=0.4355
2026-07-07 22:06:39  [INFO]  Epoch [04]  step [40/155]  batch_loss=0.3828
2026-07-07 22:07:15  [INFO]  Epoch [04]  step [60/155]  batch_loss=0.4086
2026-07-07 22:07:51  [INFO]  Epoch [04]  step [80/155]  batch_loss=0.4418
2026-07-07 22:08:27  [INFO]  Epoch [04]  step [100/155]  batch_loss=0.3789
2026-07-07 22:09:04  [INFO]  Epoch [04]  step [120/155]  batch_loss=0.4347
2026-07-07 22:09:40  [INFO]  Epoch [04]  step [140/155]  batch_loss=0.4213
2026-07-07 22:10:52  [INFO]  [vit | seed=31]  Epoch [04/30]  train_loss=0.4166  train_acc=0.9712  val_loss=0.4401  val_acc=0.9504
2026-07-07 22:10:52  [INFO]    \u2713 Checkpoint saved  (epoch=4  val_loss=0.4401  val_acc=0.9504)
2026-07-07 22:11:28  [INFO]  Epoch [05]  step [20/155]  batch_loss=0.3603
2026-07-07 22:12:04  [INFO]  Epoch [05]  step [40/155]  batch_loss=0.3648
2026-07-07 22:12:40  [INFO]  Epoch [05]  step [60/155]  batch_loss=0.3959
2026-07-07 22:13:16  [INFO]  Epoch [05]  step [80/155]  batch_loss=0.3614
2026-07-07 22:13:52  [INFO]  Epoch [05]  step [100/155]  batch_loss=0.3625
2026-07-07 22:14:28  [INFO]  Epoch [05]  step [120/155]  batch_loss=0.3634
2026-07-07 22:15:04  [INFO]  Epoch [05]  step [140/155]  batch_loss=0.4233
2026-07-07 22:16:16  [INFO]  [vit | seed=31]  Epoch [05/30]  train_loss=0.4050  train_acc=0.9774  val_loss=0.4152  val_acc=0.9693
2026-07-07 22:16:17  [INFO]    \u2713 Checkpoint saved  (epoch=5  val_loss=0.4152  val_acc=0.9693)
2026-07-07 22:16:53  [INFO]  Epoch [06]  step [20/155]  batch_loss=0.3844
2026-07-07 22:17:30  [INFO]  Epoch [06]  step [40/155]  batch_loss=0.3694
2026-07-07 22:18:06  [INFO]  Epoch [06]  step [60/155]  batch_loss=0.4046
2026-07-07 22:18:42  [INFO]  Epoch [06]  step [80/155]  batch_loss=0.3670
2026-07-07 22:19:18  [INFO]  Epoch [06]  step [100/155]  batch_loss=0.4273
2026-07-07 22:19:54  [INFO]  Epoch [06]  step [120/155]  batch_loss=0.3630
2026-07-07 22:20:30  [INFO]  Epoch [06]  step [140/155]  batch_loss=0.4065
2026-07-07 22:21:43  [INFO]  [vit | seed=31]  Epoch [06/30]  train_loss=0.3972  train_acc=0.9790  val_loss=0.4560  val_acc=0.9495
2026-07-07 22:22:19  [INFO]  Epoch [07]  step [20/155]  batch_loss=0.4536
2026-07-07 22:22:55  [INFO]  Epoch [07]  step [40/155]  batch_loss=0.3962
2026-07-07 22:23:31  [INFO]  Epoch [07]  step [60/155]  batch_loss=0.4461
2026-07-07 22:24:07  [INFO]  Epoch [07]  step [80/155]  batch_loss=0.3574
2026-07-07 22:24:43  [INFO]  Epoch [07]  step [100/155]  batch_loss=0.3596
2026-07-07 22:25:19  [INFO]  Epoch [07]  step [120/155]  batch_loss=0.4033
2026-07-07 22:25:56  [INFO]  Epoch [07]  step [140/155]  batch_loss=0.3618
2026-07-07 22:27:09  [INFO]  [vit | seed=31]  Epoch [07/30]  train_loss=0.3868  train_acc=0.9839  val_loss=0.4334  val_acc=0.9594
2026-07-07 22:27:45  [INFO]  Epoch [08]  step [20/155]  batch_loss=0.3861
2026-07-07 22:28:21  [INFO]  Epoch [08]  step [40/155]  batch_loss=0.4074
2026-07-07 22:28:57  [INFO]  Epoch [08]  step [60/155]  batch_loss=0.3655
2026-07-07 22:29:33  [INFO]  Epoch [08]  step [80/155]  batch_loss=0.3573
2026-07-07 22:30:09  [INFO]  Epoch [08]  step [100/155]  batch_loss=0.3561
2026-07-07 22:30:45  [INFO]  Epoch [08]  step [120/155]  batch_loss=0.3566
2026-07-07 22:31:21  [INFO]  Epoch [08]  step [140/155]  batch_loss=0.4046
2026-07-07 22:32:33  [INFO]  [vit | seed=31]  Epoch [08/30]  train_loss=0.3906  train_acc=0.9815  val_loss=0.4338  val_acc=0.9603
2026-07-07 22:33:09  [INFO]  Epoch [09]  step [20/155]  batch_loss=0.3551
2026-07-07 22:33:46  [INFO]  Epoch [09]  step [40/155]  batch_loss=0.4061
2026-07-07 22:34:22  [INFO]  Epoch [09]  step [60/155]  batch_loss=0.3655
2026-07-07 22:34:58  [INFO]  Epoch [09]  step [80/155]  batch_loss=0.3647
2026-07-07 22:35:34  [INFO]  Epoch [09]  step [100/155]  batch_loss=0.4009
2026-07-07 22:36:10  [INFO]  Epoch [09]  step [120/155]  batch_loss=0.4873
2026-07-07 22:36:46  [INFO]  Epoch [09]  step [140/155]  batch_loss=0.3828
2026-07-07 22:37:58  [INFO]  [vit | seed=31]  Epoch [09/30]  train_loss=0.3779  train_acc=0.9907  val_loss=0.4204  val_acc=0.9639
2026-07-07 22:38:35  [INFO]  Epoch [10]  step [20/155]  batch_loss=0.3560
2026-07-07 22:39:10  [INFO]  Epoch [10]  step [40/155]  batch_loss=0.3558
2026-07-07 22:39:46  [INFO]  Epoch [10]  step [60/155]  batch_loss=0.3566
2026-07-07 22:40:22  [INFO]  Epoch [10]  step [80/155]  batch_loss=0.3567
2026-07-07 22:40:58  [INFO]  Epoch [10]  step [100/155]  batch_loss=0.3717
2026-07-07 22:41:34  [INFO]  Epoch [10]  step [120/155]  batch_loss=0.3537
2026-07-07 22:42:10  [INFO]  Epoch [10]  step [140/155]  batch_loss=0.3642
2026-07-07 22:43:22  [INFO]  [vit | seed=31]  Epoch [10/30]  train_loss=0.3755  train_acc=0.9905  val_loss=0.4166  val_acc=0.9739
2026-07-07 22:43:22  [INFO]  Early stopping at epoch 10 — no val_loss improvement for 5 consecutive epochs.
2026-07-07 22:43:22  [INFO]  Best weights restored — epoch 5  val_loss=0.4152  val_acc=0.9693
2026-07-07 22:44:27  [INFO]  Test (deterministic)  loss=0.4475  acc=0.9568
2026-07-07 22:44:27  [INFO]  MC Dropout  T=20 on test set …
2026-07-07 22:59:22  [INFO]  Test (MC T=20)  acc=0.9586  macro-F1=0.9580  macro-AUC=0.9936  mean-H=0.5912 bits
2026-07-07 22:59:22  [INFO]  ECE=0.0643  Brier=0.0733
2026-07-07 22:59:22  [INFO]  AURC=0.0108
2026-07-07 22:59:22  [INFO]    Accuracy @ 80% coverage = 0.9910
2026-07-07 22:59:22  [INFO]    Accuracy @ 90% coverage = 0.9840
2026-07-07 22:59:22  [INFO]    Accuracy @ 95% coverage = 0.9744
2026-07-07 22:59:23  [INFO]  Bootstrap (1000) | acc=0.9586 [0.9460, 0.9703]  auc=0.9936 [0.9896, 0.9970]
2026-07-07 22:59:24  [INFO]  Summary \u2192 C:\Users\medha\OneDrive\Documents\MRI ALGO\results\20260703_155524\vit\seed_31\summary.json
2026-07-07 22:59:27  [INFO]  ============================================================
2026-07-07 22:59:27  [INFO]  [resnet50] training seed 42
2026-07-07 22:59:27  [INFO]  ============================================================
2026-07-07 22:59:27  [INFO]  Reproducibility locked — seed=42, cudnn.deterministic=True
2026-07-07 22:59:27  [INFO]  [train]  4979 samples  /  155 batches
2026-07-07 22:59:27  [INFO]  [val]  1109 samples  /  35 batches
2026-07-07 22:59:27  [INFO]  [test]  1112 samples  /  35 batches
2026-07-07 22:59:27  [INFO]  BrainTumorResNet50 | trainable: 15,494,404 / 24,037,700  (64.46%)
2026-07-07 22:59:58  [INFO]  Epoch [01]  step [20/155]  batch_loss=0.7864
2026-07-07 23:00:12  [INFO]  Epoch [01]  step [40/155]  batch_loss=0.4900
2026-07-07 23:00:26  [INFO]  Epoch [01]  step [60/155]  batch_loss=0.5392
2026-07-07 23:00:40  [INFO]  Epoch [01]  step [80/155]  batch_loss=0.6429
2026-07-07 23:00:54  [INFO]  Epoch [01]  step [100/155]  batch_loss=0.5355
2026-07-07 23:01:08  [INFO]  Epoch [01]  step [120/155]  batch_loss=0.6049
2026-07-07 23:01:22  [INFO]  Epoch [01]  step [140/155]  batch_loss=0.4861
2026-07-07 23:02:07  [INFO]  [resnet50 | seed=42]  Epoch [01/30]  train_loss=0.6727  train_acc=0.8395  val_loss=0.5564  val_acc=0.9062
2026-07-07 23:02:07  [INFO]    \u2713 Checkpoint saved  (epoch=1  val_loss=0.5564  val_acc=0.9062)
2026-07-07 23:02:21  [INFO]  Epoch [02]  step [20/155]  batch_loss=0.5744
2026-07-07 23:02:35  [INFO]  Epoch [02]  step [40/155]  batch_loss=0.4377
2026-07-07 23:02:49  [INFO]  Epoch [02]  step [60/155]  batch_loss=0.5262
2026-07-07 23:03:03  [INFO]  Epoch [02]  step [80/155]  batch_loss=0.4542
2026-07-07 23:03:16  [INFO]  Epoch [02]  step [100/155]  batch_loss=0.4358
2026-07-07 23:03:30  [INFO]  Epoch [02]  step [120/155]  batch_loss=0.5164
2026-07-07 23:03:44  [INFO]  Epoch [02]  step [140/155]  batch_loss=0.4482
2026-07-07 23:04:12  [INFO]  [resnet50 | seed=42]  Epoch [02/30]  train_loss=0.4740  train_acc=0.9474  val_loss=0.5315  val_acc=0.9071
2026-07-07 23:04:12  [INFO]    \u2713 Checkpoint saved  (epoch=2  val_loss=0.5315  val_acc=0.9071)
2026-07-07 23:04:27  [INFO]  Epoch [03]  step [20/155]  batch_loss=0.5165
2026-07-07 23:04:40  [INFO]  Epoch [03]  step [40/155]  batch_loss=0.3708
2026-07-07 23:04:54  [INFO]  Epoch [03]  step [60/155]  batch_loss=0.4043
2026-07-07 23:05:08  [INFO]  Epoch [03]  step [80/155]  batch_loss=0.4140
2026-07-07 23:05:22  [INFO]  Epoch [03]  step [100/155]  batch_loss=0.4885
2026-07-07 23:05:36  [INFO]  Epoch [03]  step [120/155]  batch_loss=0.4229
2026-07-07 23:05:50  [INFO]  Epoch [03]  step [140/155]  batch_loss=0.4337
2026-07-07 23:06:18  [INFO]  [resnet50 | seed=42]  Epoch [03/30]  train_loss=0.4313  train_acc=0.9649  val_loss=0.5154  val_acc=0.9234
2026-07-07 23:06:18  [INFO]    \u2713 Checkpoint saved  (epoch=3  val_loss=0.5154  val_acc=0.9234)
2026-07-07 23:06:32  [INFO]  Epoch [04]  step [20/155]  batch_loss=0.4035
2026-07-07 23:06:46  [INFO]  Epoch [04]  step [40/155]  batch_loss=0.3864
2026-07-07 23:07:00  [INFO]  Epoch [04]  step [60/155]  batch_loss=0.4418
2026-07-07 23:07:13  [INFO]  Epoch [04]  step [80/155]  batch_loss=0.4163
2026-07-07 23:07:27  [INFO]  Epoch [04]  step [100/155]  batch_loss=0.4482
2026-07-07 23:07:41  [INFO]  Epoch [04]  step [120/155]  batch_loss=0.4583
2026-07-07 23:07:55  [INFO]  Epoch [04]  step [140/155]  batch_loss=0.4140
2026-07-07 23:08:23  [INFO]  [resnet50 | seed=42]  Epoch [04/30]  train_loss=0.4103  train_acc=0.9740  val_loss=0.5020  val_acc=0.9279
2026-07-07 23:08:23  [INFO]    \u2713 Checkpoint saved  (epoch=4  val_loss=0.5020  val_acc=0.9279)
2026-07-07 23:08:37  [INFO]  Epoch [05]  step [20/155]  batch_loss=0.3641
2026-07-07 23:08:51  [INFO]  Epoch [05]  step [40/155]  batch_loss=0.4447
2026-07-07 23:09:05  [INFO]  Epoch [05]  step [60/155]  batch_loss=0.4147
2026-07-07 23:09:19  [INFO]  Epoch [05]  step [80/155]  batch_loss=0.3603
2026-07-07 23:09:33  [INFO]  Epoch [05]  step [100/155]  batch_loss=0.3825
2026-07-07 23:09:47  [INFO]  Epoch [05]  step [120/155]  batch_loss=0.3872
2026-07-07 23:10:01  [INFO]  Epoch [05]  step [140/155]  batch_loss=0.3775
2026-07-07 23:10:29  [INFO]  [resnet50 | seed=42]  Epoch [05/30]  train_loss=0.3965  train_acc=0.9817  val_loss=0.4495  val_acc=0.9522
2026-07-07 23:10:29  [INFO]    \u2713 Checkpoint saved  (epoch=5  val_loss=0.4495  val_acc=0.9522)
2026-07-07 23:10:43  [INFO]  Epoch [06]  step [20/155]  batch_loss=0.4190
2026-07-07 23:10:57  [INFO]  Epoch [06]  step [40/155]  batch_loss=0.3584
2026-07-07 23:11:11  [INFO]  Epoch [06]  step [60/155]  batch_loss=0.4771
2026-07-07 23:11:25  [INFO]  Epoch [06]  step [80/155]  batch_loss=0.3698
2026-07-07 23:11:39  [INFO]  Epoch [06]  step [100/155]  batch_loss=0.3655
2026-07-07 23:11:53  [INFO]  Epoch [06]  step [120/155]  batch_loss=0.4044
2026-07-07 23:12:07  [INFO]  Epoch [06]  step [140/155]  batch_loss=0.3587
2026-07-07 23:12:35  [INFO]  [resnet50 | seed=42]  Epoch [06/30]  train_loss=0.3895  train_acc=0.9855  val_loss=0.4863  val_acc=0.9351
2026-07-07 23:12:49  [INFO]  Epoch [07]  step [20/155]  batch_loss=0.3796
2026-07-07 23:13:03  [INFO]  Epoch [07]  step [40/155]  batch_loss=0.3910
2026-07-07 23:13:17  [INFO]  Epoch [07]  step [60/155]  batch_loss=0.3664
2026-07-07 23:13:31  [INFO]  Epoch [07]  step [80/155]  batch_loss=0.3651
2026-07-07 23:13:44  [INFO]  Epoch [07]  step [100/155]  batch_loss=0.3642
2026-07-07 23:13:58  [INFO]  Epoch [07]  step [120/155]  batch_loss=0.3652
2026-07-07 23:14:12  [INFO]  Epoch [07]  step [140/155]  batch_loss=0.5275
2026-07-07 23:14:41  [INFO]  [resnet50 | seed=42]  Epoch [07/30]  train_loss=0.3824  train_acc=0.9875  val_loss=0.4520  val_acc=0.9621
2026-07-07 23:14:55  [INFO]  Epoch [08]  step [20/155]  batch_loss=0.3608
2026-07-07 23:15:08  [INFO]  Epoch [08]  step [40/155]  batch_loss=0.3653
2026-07-07 23:15:22  [INFO]  Epoch [08]  step [60/155]  batch_loss=0.3673
2026-07-07 23:15:36  [INFO]  Epoch [08]  step [80/155]  batch_loss=0.3709
2026-07-07 23:15:50  [INFO]  Epoch [08]  step [100/155]  batch_loss=0.3896
2026-07-07 23:16:04  [INFO]  Epoch [08]  step [120/155]  batch_loss=0.3953
2026-07-07 23:16:17  [INFO]  Epoch [08]  step [140/155]  batch_loss=0.3573
2026-07-07 23:16:47  [INFO]  [resnet50 | seed=42]  Epoch [08/30]  train_loss=0.3774  train_acc=0.9887  val_loss=0.4150  val_acc=0.9702
2026-07-07 23:16:47  [INFO]    \u2713 Checkpoint saved  (epoch=8  val_loss=0.4150  val_acc=0.9702)
2026-07-07 23:17:01  [INFO]  Epoch [09]  step [20/155]  batch_loss=0.3565
2026-07-07 23:17:15  [INFO]  Epoch [09]  step [40/155]  batch_loss=0.3799
2026-07-07 23:17:29  [INFO]  Epoch [09]  step [60/155]  batch_loss=0.3572
2026-07-07 23:17:43  [INFO]  Epoch [09]  step [80/155]  batch_loss=0.3730
2026-07-07 23:17:57  [INFO]  Epoch [09]  step [100/155]  batch_loss=0.3952
2026-07-07 23:18:11  [INFO]  Epoch [09]  step [120/155]  batch_loss=0.3601
2026-07-07 23:18:24  [INFO]  Epoch [09]  step [140/155]  batch_loss=0.3672
2026-07-07 23:18:53  [INFO]  [resnet50 | seed=42]  Epoch [09/30]  train_loss=0.3713  train_acc=0.9938  val_loss=0.4203  val_acc=0.9693
2026-07-07 23:19:07  [INFO]  Epoch [10]  step [20/155]  batch_loss=0.3882
2026-07-07 23:19:20  [INFO]  Epoch [10]  step [40/155]  batch_loss=0.3588
2026-07-07 23:19:34  [INFO]  Epoch [10]  step [60/155]  batch_loss=0.3581
2026-07-07 23:19:48  [INFO]  Epoch [10]  step [80/155]  batch_loss=0.3690
2026-07-07 23:20:02  [INFO]  Epoch [10]  step [100/155]  batch_loss=0.3579
2026-07-07 23:20:15  [INFO]  Epoch [10]  step [120/155]  batch_loss=0.3596
2026-07-07 23:20:29  [INFO]  Epoch [10]  step [140/155]  batch_loss=0.3683
2026-07-07 23:20:57  [INFO]  [resnet50 | seed=42]  Epoch [10/30]  train_loss=0.3711  train_acc=0.9940  val_loss=0.4485  val_acc=0.9522
2026-07-07 23:21:12  [INFO]  Epoch [11]  step [20/155]  batch_loss=0.3574
2026-07-07 23:21:26  [INFO]  Epoch [11]  step [40/155]  batch_loss=0.3741
2026-07-07 23:21:42  [INFO]  Epoch [11]  step [60/155]  batch_loss=0.3550
2026-07-07 23:21:57  [INFO]  Epoch [11]  step [80/155]  batch_loss=0.3566
2026-07-07 23:22:11  [INFO]  Epoch [11]  step [100/155]  batch_loss=0.3599
2026-07-07 23:22:25  [INFO]  Epoch [11]  step [120/155]  batch_loss=0.3555
2026-07-07 23:22:39  [INFO]  Epoch [11]  step [140/155]  batch_loss=0.4496
2026-07-07 23:23:08  [INFO]  [resnet50 | seed=42]  Epoch [11/30]  train_loss=0.3697  train_acc=0.9935  val_loss=0.4205  val_acc=0.9657
2026-07-07 23:23:22  [INFO]  Epoch [12]  step [20/155]  batch_loss=0.3974
2026-07-07 23:23:36  [INFO]  Epoch [12]  step [40/155]  batch_loss=0.4131
2026-07-07 23:23:50  [INFO]  Epoch [12]  step [60/155]  batch_loss=0.3641
2026-07-07 23:24:03  [INFO]  Epoch [12]  step [80/155]  batch_loss=0.3583
2026-07-07 23:24:17  [INFO]  Epoch [12]  step [100/155]  batch_loss=0.4154
2026-07-07 23:24:31  [INFO]  Epoch [12]  step [120/155]  batch_loss=0.4090
2026-07-07 23:24:45  [INFO]  Epoch [12]  step [140/155]  batch_loss=0.3576
2026-07-07 23:25:13  [INFO]  [resnet50 | seed=42]  Epoch [12/30]  train_loss=0.3694  train_acc=0.9933  val_loss=0.4044  val_acc=0.9757
2026-07-07 23:25:13  [INFO]    \u2713 Checkpoint saved  (epoch=12  val_loss=0.4044  val_acc=0.9757)
2026-07-07 23:25:28  [INFO]  Epoch [13]  step [20/155]  batch_loss=0.3587
2026-07-07 23:25:43  [INFO]  Epoch [13]  step [40/155]  batch_loss=0.3569
2026-07-07 23:25:57  [INFO]  Epoch [13]  step [60/155]  batch_loss=0.3591
2026-07-07 23:26:11  [INFO]  Epoch [13]  step [80/155]  batch_loss=0.4026
2026-07-07 23:26:25  [INFO]  Epoch [13]  step [100/155]  batch_loss=0.3605
2026-07-07 23:26:38  [INFO]  Epoch [13]  step [120/155]  batch_loss=0.3649
2026-07-07 23:26:52  [INFO]  Epoch [13]  step [140/155]  batch_loss=0.3601
2026-07-07 23:27:21  [INFO]  [resnet50 | seed=42]  Epoch [13/30]  train_loss=0.3670  train_acc=0.9958  val_loss=0.4185  val_acc=0.9711
2026-07-07 23:27:35  [INFO]  Epoch [14]  step [20/155]  batch_loss=0.3609
2026-07-07 23:27:49  [INFO]  Epoch [14]  step [40/155]  batch_loss=0.3600
2026-07-07 23:28:03  [INFO]  Epoch [14]  step [60/155]  batch_loss=0.3602
2026-07-07 23:28:17  [INFO]  Epoch [14]  step [80/155]  batch_loss=0.3770
2026-07-07 23:28:31  [INFO]  Epoch [14]  step [100/155]  batch_loss=0.3601
2026-07-07 23:28:45  [INFO]  Epoch [14]  step [120/155]  batch_loss=0.3573
2026-07-07 23:28:59  [INFO]  Epoch [14]  step [140/155]  batch_loss=0.3915
2026-07-07 23:29:27  [INFO]  [resnet50 | seed=42]  Epoch [14/30]  train_loss=0.3681  train_acc=0.9938  val_loss=0.4541  val_acc=0.9459
2026-07-07 23:29:41  [INFO]  Epoch [15]  step [20/155]  batch_loss=0.3653
2026-07-07 23:29:55  [INFO]  Epoch [15]  step [40/155]  batch_loss=0.3604
2026-07-07 23:30:09  [INFO]  Epoch [15]  step [60/155]  batch_loss=0.3609
2026-07-07 23:30:23  [INFO]  Epoch [15]  step [80/155]  batch_loss=0.3594
2026-07-07 23:30:37  [INFO]  Epoch [15]  step [100/155]  batch_loss=0.3558
2026-07-07 23:30:51  [INFO]  Epoch [15]  step [120/155]  batch_loss=0.3610
2026-07-07 23:31:05  [INFO]  Epoch [15]  step [140/155]  batch_loss=0.3696
2026-07-07 23:31:34  [INFO]  [resnet50 | seed=42]  Epoch [15/30]  train_loss=0.3646  train_acc=0.9952  val_loss=0.4193  val_acc=0.9711
2026-07-07 23:31:48  [INFO]  Epoch [16]  step [20/155]  batch_loss=0.4366
2026-07-07 23:32:02  [INFO]  Epoch [16]  step [40/155]  batch_loss=0.3564
2026-07-07 23:32:16  [INFO]  Epoch [16]  step [60/155]  batch_loss=0.3551
2026-07-07 23:32:30  [INFO]  Epoch [16]  step [80/155]  batch_loss=0.3810
2026-07-07 23:32:44  [INFO]  Epoch [16]  step [100/155]  batch_loss=0.3590
2026-07-07 23:32:58  [INFO]  Epoch [16]  step [120/155]  batch_loss=0.3554
2026-07-07 23:33:12  [INFO]  Epoch [16]  step [140/155]  batch_loss=0.3559
2026-07-07 23:33:40  [INFO]  [resnet50 | seed=42]  Epoch [16/30]  train_loss=0.3643  train_acc=0.9958  val_loss=0.4028  val_acc=0.9748
2026-07-07 23:33:41  [INFO]    \u2713 Checkpoint saved  (epoch=16  val_loss=0.4028  val_acc=0.9748)
2026-07-07 23:33:55  [INFO]  Epoch [17]  step [20/155]  batch_loss=0.3562
2026-07-07 23:34:08  [INFO]  Epoch [17]  step [40/155]  batch_loss=0.3544
2026-07-07 23:34:22  [INFO]  Epoch [17]  step [60/155]  batch_loss=0.3556
2026-07-07 23:34:36  [INFO]  Epoch [17]  step [80/155]  batch_loss=0.3864
2026-07-07 23:34:50  [INFO]  Epoch [17]  step [100/155]  batch_loss=0.3576
2026-07-07 23:35:04  [INFO]  Epoch [17]  step [120/155]  batch_loss=0.3561
2026-07-07 23:35:18  [INFO]  Epoch [17]  step [140/155]  batch_loss=0.3544
2026-07-07 23:35:47  [INFO]  [resnet50 | seed=42]  Epoch [17/30]  train_loss=0.3663  train_acc=0.9952  val_loss=0.4147  val_acc=0.9648
2026-07-07 23:36:01  [INFO]  Epoch [18]  step [20/155]  batch_loss=0.3547
2026-07-07 23:36:15  [INFO]  Epoch [18]  step [40/155]  batch_loss=0.3655
2026-07-07 23:36:29  [INFO]  Epoch [18]  step [60/155]  batch_loss=0.3540
2026-07-07 23:36:43  [INFO]  Epoch [18]  step [80/155]  batch_loss=0.3586
2026-07-07 23:36:57  [INFO]  Epoch [18]  step [100/155]  batch_loss=0.3577
2026-07-07 23:37:11  [INFO]  Epoch [18]  step [120/155]  batch_loss=0.3571
2026-07-07 23:37:25  [INFO]  Epoch [18]  step [140/155]  batch_loss=0.3528
2026-07-07 23:37:53  [INFO]  [resnet50 | seed=42]  Epoch [18/30]  train_loss=0.3617  train_acc=0.9972  val_loss=0.4027  val_acc=0.9739
2026-07-07 23:37:54  [INFO]    \u2713 Checkpoint saved  (epoch=18  val_loss=0.4027  val_acc=0.9739)
2026-07-07 23:38:08  [INFO]  Epoch [19]  step [20/155]  batch_loss=0.3551
2026-07-07 23:38:22  [INFO]  Epoch [19]  step [40/155]  batch_loss=0.3549
2026-07-07 23:38:35  [INFO]  Epoch [19]  step [60/155]  batch_loss=0.3563
2026-07-07 23:38:49  [INFO]  Epoch [19]  step [80/155]  batch_loss=0.3550
2026-07-07 23:39:03  [INFO]  Epoch [19]  step [100/155]  batch_loss=0.3650
2026-07-07 23:39:17  [INFO]  Epoch [19]  step [120/155]  batch_loss=0.3565
2026-07-07 23:39:31  [INFO]  Epoch [19]  step [140/155]  batch_loss=0.3540
2026-07-07 23:39:59  [INFO]  [resnet50 | seed=42]  Epoch [19/30]  train_loss=0.3651  train_acc=0.9960  val_loss=0.4121  val_acc=0.9684
2026-07-07 23:40:14  [INFO]  Epoch [20]  step [20/155]  batch_loss=0.3522
2026-07-07 23:40:27  [INFO]  Epoch [20]  step [40/155]  batch_loss=0.3580
2026-07-07 23:40:41  [INFO]  Epoch [20]  step [60/155]  batch_loss=0.3808
2026-07-07 23:40:55  [INFO]  Epoch [20]  step [80/155]  batch_loss=0.3539
2026-07-07 23:41:09  [INFO]  Epoch [20]  step [100/155]  batch_loss=0.3556
2026-07-07 23:41:23  [INFO]  Epoch [20]  step [120/155]  batch_loss=0.3612
2026-07-07 23:41:37  [INFO]  Epoch [20]  step [140/155]  batch_loss=0.3645
2026-07-07 23:42:06  [INFO]  [resnet50 | seed=42]  Epoch [20/30]  train_loss=0.3604  train_acc=0.9972  val_loss=0.4366  val_acc=0.9630
2026-07-07 23:42:20  [INFO]  Epoch [21]  step [20/155]  batch_loss=0.3540
2026-07-07 23:42:34  [INFO]  Epoch [21]  step [40/155]  batch_loss=0.3756
2026-07-07 23:42:48  [INFO]  Epoch [21]  step [60/155]  batch_loss=0.3596
2026-07-07 23:43:02  [INFO]  Epoch [21]  step [80/155]  batch_loss=0.3611
2026-07-07 23:43:16  [INFO]  Epoch [21]  step [100/155]  batch_loss=0.3544
2026-07-07 23:43:30  [INFO]  Epoch [21]  step [120/155]  batch_loss=0.4483
2026-07-07 23:43:44  [INFO]  Epoch [21]  step [140/155]  batch_loss=0.3589
2026-07-07 23:44:12  [INFO]  [resnet50 | seed=42]  Epoch [21/30]  train_loss=0.3655  train_acc=0.9942  val_loss=0.4048  val_acc=0.9720
2026-07-07 23:44:26  [INFO]  Epoch [22]  step [20/155]  batch_loss=0.3548
2026-07-07 23:44:40  [INFO]  Epoch [22]  step [40/155]  batch_loss=0.3539
2026-07-07 23:44:54  [INFO]  Epoch [22]  step [60/155]  batch_loss=0.3539
2026-07-07 23:45:08  [INFO]  Epoch [22]  step [80/155]  batch_loss=0.3538
2026-07-07 23:45:23  [INFO]  Epoch [22]  step [100/155]  batch_loss=0.3528
2026-07-07 23:45:37  [INFO]  Epoch [22]  step [120/155]  batch_loss=0.3547
2026-07-07 23:45:51  [INFO]  Epoch [22]  step [140/155]  batch_loss=0.3527
2026-07-07 23:46:19  [INFO]  [resnet50 | seed=42]  Epoch [22/30]  train_loss=0.3604  train_acc=0.9968  val_loss=0.4005  val_acc=0.9748
2026-07-07 23:46:19  [INFO]    \u2713 Checkpoint saved  (epoch=22  val_loss=0.4005  val_acc=0.9748)
2026-07-07 23:46:34  [INFO]  Epoch [23]  step [20/155]  batch_loss=0.3653
2026-07-07 23:46:48  [INFO]  Epoch [23]  step [40/155]  batch_loss=0.3520
2026-07-07 23:47:02  [INFO]  Epoch [23]  step [60/155]  batch_loss=0.3539
2026-07-07 23:47:17  [INFO]  Epoch [23]  step [80/155]  batch_loss=0.3550
2026-07-07 23:47:31  [INFO]  Epoch [23]  step [100/155]  batch_loss=0.3551
2026-07-07 23:47:45  [INFO]  Epoch [23]  step [120/155]  batch_loss=0.3546
2026-07-07 23:47:59  [INFO]  Epoch [23]  step [140/155]  batch_loss=0.3588
2026-07-07 23:48:27  [INFO]  [resnet50 | seed=42]  Epoch [23/30]  train_loss=0.3574  train_acc=0.9984  val_loss=0.4152  val_acc=0.9693
2026-07-07 23:48:41  [INFO]  Epoch [24]  step [20/155]  batch_loss=0.3542
2026-07-07 23:48:55  [INFO]  Epoch [24]  step [40/155]  batch_loss=0.3530
2026-07-07 23:49:09  [INFO]  Epoch [24]  step [60/155]  batch_loss=0.4167
2026-07-07 23:49:23  [INFO]  Epoch [24]  step [80/155]  batch_loss=0.3526
2026-07-07 23:49:37  [INFO]  Epoch [24]  step [100/155]  batch_loss=0.3526
2026-07-07 23:49:51  [INFO]  Epoch [24]  step [120/155]  batch_loss=0.3526
2026-07-07 23:50:05  [INFO]  Epoch [24]  step [140/155]  batch_loss=0.3522
2026-07-07 23:50:34  [INFO]  [resnet50 | seed=42]  Epoch [24/30]  train_loss=0.3578  train_acc=0.9976  val_loss=0.3996  val_acc=0.9748
2026-07-07 23:50:34  [INFO]    \u2713 Checkpoint saved  (epoch=24  val_loss=0.3996  val_acc=0.9748)
2026-07-07 23:50:48  [INFO]  Epoch [25]  step [20/155]  batch_loss=0.3558
2026-07-07 23:51:02  [INFO]  Epoch [25]  step [40/155]  batch_loss=0.3549
2026-07-07 23:51:17  [INFO]  Epoch [25]  step [60/155]  batch_loss=0.3538
2026-07-07 23:51:31  [INFO]  Epoch [25]  step [80/155]  batch_loss=0.3534
2026-07-07 23:51:45  [INFO]  Epoch [25]  step [100/155]  batch_loss=0.3527
2026-07-07 23:51:59  [INFO]  Epoch [25]  step [120/155]  batch_loss=0.3540
2026-07-07 23:52:13  [INFO]  Epoch [25]  step [140/155]  batch_loss=0.3542
2026-07-07 23:52:43  [INFO]  [resnet50 | seed=42]  Epoch [25/30]  train_loss=0.3579  train_acc=0.9978  val_loss=0.4030  val_acc=0.9748
2026-07-07 23:52:57  [INFO]  Epoch [26]  step [20/155]  batch_loss=0.3528
2026-07-07 23:53:11  [INFO]  Epoch [26]  step [40/155]  batch_loss=0.3537
2026-07-07 23:53:25  [INFO]  Epoch [26]  step [60/155]  batch_loss=0.3527
2026-07-07 23:53:38  [INFO]  Epoch [26]  step [80/155]  batch_loss=0.3539
2026-07-07 23:53:52  [INFO]  Epoch [26]  step [100/155]  batch_loss=0.3539
2026-07-07 23:54:06  [INFO]  Epoch [26]  step [120/155]  batch_loss=0.3526
2026-07-07 23:54:20  [INFO]  Epoch [26]  step [140/155]  batch_loss=0.3539
2026-07-07 23:54:49  [INFO]  [resnet50 | seed=42]  Epoch [26/30]  train_loss=0.3575  train_acc=0.9980  val_loss=0.4108  val_acc=0.9711
2026-07-07 23:55:03  [INFO]  Epoch [27]  step [20/155]  batch_loss=0.3534
2026-07-07 23:55:17  [INFO]  Epoch [27]  step [40/155]  batch_loss=0.3531
2026-07-07 23:55:31  [INFO]  Epoch [27]  step [60/155]  batch_loss=0.3545
2026-07-07 23:55:45  [INFO]  Epoch [27]  step [80/155]  batch_loss=0.3524
2026-07-07 23:55:59  [INFO]  Epoch [27]  step [100/155]  batch_loss=0.3536
2026-07-07 23:56:13  [INFO]  Epoch [27]  step [120/155]  batch_loss=0.3614
2026-07-07 23:56:27  [INFO]  Epoch [27]  step [140/155]  batch_loss=0.3516
2026-07-07 23:56:55  [INFO]  [resnet50 | seed=42]  Epoch [27/30]  train_loss=0.3553  train_acc=0.9992  val_loss=0.4272  val_acc=0.9657
2026-07-07 23:57:10  [INFO]  Epoch [28]  step [20/155]  batch_loss=0.3546
2026-07-07 23:57:24  [INFO]  Epoch [28]  step [40/155]  batch_loss=0.3544
2026-07-07 23:57:37  [INFO]  Epoch [28]  step [60/155]  batch_loss=0.3528
2026-07-07 23:57:51  [INFO]  Epoch [28]  step [80/155]  batch_loss=0.3525
2026-07-07 23:58:05  [INFO]  Epoch [28]  step [100/155]  batch_loss=0.3544
2026-07-07 23:58:19  [INFO]  Epoch [28]  step [120/155]  batch_loss=0.3692
2026-07-07 23:58:33  [INFO]  Epoch [28]  step [140/155]  batch_loss=0.3522
2026-07-07 23:59:02  [INFO]  [resnet50 | seed=42]  Epoch [28/30]  train_loss=0.3554  train_acc=0.9990  val_loss=0.4150  val_acc=0.9711
2026-07-07 23:59:16  [INFO]  Epoch [29]  step [20/155]  batch_loss=0.3532
2026-07-07 23:59:30  [INFO]  Epoch [29]  step [40/155]  batch_loss=0.3543
2026-07-07 23:59:44  [INFO]  Epoch [29]  step [60/155]  batch_loss=0.3549
2026-07-07 23:59:58  [INFO]  Epoch [29]  step [80/155]  batch_loss=0.3521
2026-07-08 00:00:12  [INFO]  Epoch [29]  step [100/155]  batch_loss=0.3520
2026-07-08 00:00:26  [INFO]  Epoch [29]  step [120/155]  batch_loss=0.3527
2026-07-08 00:00:40  [INFO]  Epoch [29]  step [140/155]  batch_loss=0.3527
2026-07-08 00:01:09  [INFO]  [resnet50 | seed=42]  Epoch [29/30]  train_loss=0.3571  train_acc=0.9978  val_loss=0.4057  val_acc=0.9720
2026-07-08 00:01:09  [INFO]  Early stopping at epoch 29 — no val_loss improvement for 5 consecutive epochs.
2026-07-08 00:01:09  [INFO]  Best weights restored — epoch 24  val_loss=0.3996  val_acc=0.9748
2026-07-08 00:01:47  [INFO]  Test (deterministic)  loss=0.4370  acc=0.9649
2026-07-08 00:01:47  [INFO]  MC Dropout  T=20 on test set …
2026-07-08 00:07:37  [INFO]  Test (MC T=20)  acc=0.9649  macro-F1=0.9648  macro-AUC=0.9909  mean-H=0.5588 bits
2026-07-08 00:07:37  [INFO]  ECE=0.0680  Brier=0.0652
2026-07-08 00:07:37  [INFO]  AURC=0.0204
2026-07-08 00:07:37  [INFO]    Accuracy @ 80% coverage = 0.9876
2026-07-08 00:07:37  [INFO]    Accuracy @ 90% coverage = 0.9870
2026-07-08 00:07:37  [INFO]    Accuracy @ 95% coverage = 0.9801
2026-07-08 00:07:39  [INFO]  Bootstrap (1000) | acc=0.9649 [0.9532, 0.9748]  auc=0.9909 [0.9849, 0.9959]
2026-07-08 00:07:40  [INFO]  Summary \u2192 C:\Users\medha\OneDrive\Documents\MRI ALGO\results\20260703_155524\resnet50\seed_42\summary.json
2026-07-08 00:07:42  [INFO]  ============================================================
2026-07-08 00:07:42  [INFO]  [resnet50] training seed 123
2026-07-08 00:07:42  [INFO]  ============================================================
2026-07-08 00:07:42  [INFO]  Reproducibility locked — seed=123, cudnn.deterministic=True
2026-07-08 00:07:42  [INFO]  [train]  4979 samples  /  155 batches
2026-07-08 00:07:42  [INFO]  [val]  1109 samples  /  35 batches
2026-07-08 00:07:42  [INFO]  [test]  1112 samples  /  35 batches
2026-07-08 00:07:43  [INFO]  BrainTumorResNet50 | trainable: 15,494,404 / 24,037,700  (64.46%)
2026-07-08 00:08:16  [INFO]  Epoch [01]  step [20/155]  batch_loss=0.9174
2026-07-08 00:08:29  [INFO]  Epoch [01]  step [40/155]  batch_loss=0.7338
2026-07-08 00:08:43  [INFO]  Epoch [01]  step [60/155]  batch_loss=0.5580
2026-07-08 00:08:57  [INFO]  Epoch [01]  step [80/155]  batch_loss=0.5002
2026-07-08 00:09:11  [INFO]  Epoch [01]  step [100/155]  batch_loss=0.6567
2026-07-08 00:09:25  [INFO]  Epoch [01]  step [120/155]  batch_loss=0.5579
2026-07-08 00:09:39  [INFO]  Epoch [01]  step [140/155]  batch_loss=0.5438
2026-07-08 00:10:27  [INFO]  [resnet50 | seed=123]  Epoch [01/30]  train_loss=0.6775  train_acc=0.8389  val_loss=0.5214  val_acc=0.9116
2026-07-08 00:10:27  [INFO]    \u2713 Checkpoint saved  (epoch=1  val_loss=0.5214  val_acc=0.9116)
2026-07-08 00:10:41  [INFO]  Epoch [02]  step [20/155]  batch_loss=0.4884
2026-07-08 00:10:54  [INFO]  Epoch [02]  step [40/155]  batch_loss=0.4450
2026-07-08 00:11:08  [INFO]  Epoch [02]  step [60/155]  batch_loss=0.4757
2026-07-08 00:11:21  [INFO]  Epoch [02]  step [80/155]  batch_loss=0.4556
2026-07-08 00:11:35  [INFO]  Epoch [02]  step [100/155]  batch_loss=0.6322
2026-07-08 00:11:48  [INFO]  Epoch [02]  step [120/155]  batch_loss=0.4265
2026-07-08 00:12:02  [INFO]  Epoch [02]  step [140/155]  batch_loss=0.5077
2026-07-08 00:12:30  [INFO]  [resnet50 | seed=123]  Epoch [02/30]  train_loss=0.4767  train_acc=0.9442  val_loss=0.4946  val_acc=0.9270
2026-07-08 00:12:30  [INFO]    \u2713 Checkpoint saved  (epoch=2  val_loss=0.4946  val_acc=0.9270)
2026-07-08 00:12:44  [INFO]  Epoch [03]  step [20/155]  batch_loss=0.5237
2026-07-08 00:12:58  [INFO]  Epoch [03]  step [40/155]  batch_loss=0.6382
2026-07-08 00:13:11  [INFO]  Epoch [03]  step [60/155]  batch_loss=0.3837
2026-07-08 00:13:25  [INFO]  Epoch [03]  step [80/155]  batch_loss=0.3703
2026-07-08 00:13:39  [INFO]  Epoch [03]  step [100/155]  batch_loss=0.4317
2026-07-08 00:13:52  [INFO]  Epoch [03]  step [120/155]  batch_loss=0.3889
2026-07-08 00:14:06  [INFO]  Epoch [03]  step [140/155]  batch_loss=0.3733
2026-07-08 00:14:34  [INFO]  [resnet50 | seed=123]  Epoch [03/30]  train_loss=0.4332  train_acc=0.9639  val_loss=0.4775  val_acc=0.9396
2026-07-08 00:14:34  [INFO]    \u2713 Checkpoint saved  (epoch=3  val_loss=0.4775  val_acc=0.9396)
2026-07-08 00:14:48  [INFO]  Epoch [04]  step [20/155]  batch_loss=0.4868
2026-07-08 00:15:02  [INFO]  Epoch [04]  step [40/155]  batch_loss=0.4125
2026-07-08 00:15:16  [INFO]  Epoch [04]  step [60/155]  batch_loss=0.4965
2026-07-08 00:15:30  [INFO]  Epoch [04]  step [80/155]  batch_loss=0.4147
2026-07-08 00:15:43  [INFO]  Epoch [04]  step [100/155]  batch_loss=0.4485
2026-07-08 00:15:57  [INFO]  Epoch [04]  step [120/155]  batch_loss=0.3660
2026-07-08 00:16:11  [INFO]  Epoch [04]  step [140/155]  batch_loss=0.4148
2026-07-08 00:16:39  [INFO]  [resnet50 | seed=123]  Epoch [04/30]  train_loss=0.4131  train_acc=0.9728  val_loss=0.4473  val_acc=0.9531
2026-07-08 00:16:39  [INFO]    \u2713 Checkpoint saved  (epoch=4  val_loss=0.4473  val_acc=0.9531)
2026-07-08 00:16:53  [INFO]  Epoch [05]  step [20/155]  batch_loss=0.3831
2026-07-08 00:17:07  [INFO]  Epoch [05]  step [40/155]  batch_loss=0.4096
2026-07-08 00:17:20  [INFO]  Epoch [05]  step [60/155]  batch_loss=0.3670
2026-07-08 00:17:34  [INFO]  Epoch [05]  step [80/155]  batch_loss=0.3651
2026-07-08 00:17:48  [INFO]  Epoch [05]  step [100/155]  batch_loss=0.3621
2026-07-08 00:18:01  [INFO]  Epoch [05]  step [120/155]  batch_loss=0.3633
2026-07-08 00:18:15  [INFO]  Epoch [05]  step [140/155]  batch_loss=0.3655
2026-07-08 00:18:43  [INFO]  [resnet50 | seed=123]  Epoch [05/30]  train_loss=0.3968  train_acc=0.9825  val_loss=0.4404  val_acc=0.9522
2026-07-08 00:18:44  [INFO]    \u2713 Checkpoint saved  (epoch=5  val_loss=0.4404  val_acc=0.9522)
2026-07-08 00:18:57  [INFO]  Epoch [06]  step [20/155]  batch_loss=0.3675
2026-07-08 00:19:11  [INFO]  Epoch [06]  step [40/155]  batch_loss=0.3876
2026-07-08 00:19:24  [INFO]  Epoch [06]  step [60/155]  batch_loss=0.4225
2026-07-08 00:19:38  [INFO]  Epoch [06]  step [80/155]  batch_loss=0.4375
2026-07-08 00:19:51  [INFO]  Epoch [06]  step [100/155]  batch_loss=0.4126
2026-07-08 00:20:05  [INFO]  Epoch [06]  step [120/155]  batch_loss=0.4403
2026-07-08 00:20:18  [INFO]  Epoch [06]  step [140/155]  batch_loss=0.3636
2026-07-08 00:20:47  [INFO]  [resnet50 | seed=123]  Epoch [06/30]  train_loss=0.3920  train_acc=0.9845  val_loss=0.4239  val_acc=0.9666
2026-07-08 00:20:47  [INFO]    \u2713 Checkpoint saved  (epoch=6  val_loss=0.4239  val_acc=0.9666)
2026-07-08 00:21:01  [INFO]  Epoch [07]  step [20/155]  batch_loss=0.3919
2026-07-08 00:21:14  [INFO]  Epoch [07]  step [40/155]  batch_loss=0.3761
2026-07-08 00:21:28  [INFO]  Epoch [07]  step [60/155]  batch_loss=0.4466
2026-07-08 00:21:41  [INFO]  Epoch [07]  step [80/155]  batch_loss=0.3606
2026-07-08 00:21:55  [INFO]  Epoch [07]  step [100/155]  batch_loss=0.3611
2026-07-08 00:22:09  [INFO]  Epoch [07]  step [120/155]  batch_loss=0.3583
2026-07-08 00:22:22  [INFO]  Epoch [07]  step [140/155]  batch_loss=0.3563
2026-07-08 00:22:50  [INFO]  [resnet50 | seed=123]  Epoch [07/30]  train_loss=0.3855  train_acc=0.9883  val_loss=0.4152  val_acc=0.9720
2026-07-08 00:22:51  [INFO]    \u2713 Checkpoint saved  (epoch=7  val_loss=0.4152  val_acc=0.9720)
2026-07-08 00:23:05  [INFO]  Epoch [08]  step [20/155]  batch_loss=0.3650
2026-07-08 00:23:19  [INFO]  Epoch [08]  step [40/155]  batch_loss=0.3582
2026-07-08 00:23:33  [INFO]  Epoch [08]  step [60/155]  batch_loss=0.3974
2026-07-08 00:23:47  [INFO]  Epoch [08]  step [80/155]  batch_loss=0.3582
2026-07-08 00:24:00  [INFO]  Epoch [08]  step [100/155]  batch_loss=0.4178
2026-07-08 00:24:14  [INFO]  Epoch [08]  step [120/155]  batch_loss=0.3728
2026-07-08 00:24:28  [INFO]  Epoch [08]  step [140/155]  batch_loss=0.3686
2026-07-08 00:24:56  [INFO]  [resnet50 | seed=123]  Epoch [08/30]  train_loss=0.3744  train_acc=0.9931  val_loss=0.4061  val_acc=0.9720
2026-07-08 00:24:56  [INFO]    \u2713 Checkpoint saved  (epoch=8  val_loss=0.4061  val_acc=0.9720)
2026-07-08 00:25:10  [INFO]  Epoch [09]  step [20/155]  batch_loss=0.3561
2026-07-08 00:25:24  [INFO]  Epoch [09]  step [40/155]  batch_loss=0.3617
2026-07-08 00:25:38  [INFO]  Epoch [09]  step [60/155]  batch_loss=0.3538
2026-07-08 00:25:53  [INFO]  Epoch [09]  step [80/155]  batch_loss=0.3640
2026-07-08 00:26:06  [INFO]  Epoch [09]  step [100/155]  batch_loss=0.3606
2026-07-08 00:26:20  [INFO]  Epoch [09]  step [120/155]  batch_loss=0.4008
2026-07-08 00:26:33  [INFO]  Epoch [09]  step [140/155]  batch_loss=0.3570
2026-07-08 00:27:02  [INFO]  [resnet50 | seed=123]  Epoch [09/30]  train_loss=0.3736  train_acc=0.9917  val_loss=0.4105  val_acc=0.9748
2026-07-08 00:27:15  [INFO]  Epoch [10]  step [20/155]  batch_loss=0.3650
2026-07-08 00:27:29  [INFO]  Epoch [10]  step [40/155]  batch_loss=0.4424
2026-07-08 00:27:43  [INFO]  Epoch [10]  step [60/155]  batch_loss=0.3630
2026-07-08 00:27:56  [INFO]  Epoch [10]  step [80/155]  batch_loss=0.3657
2026-07-08 00:28:10  [INFO]  Epoch [10]  step [100/155]  batch_loss=0.3749
2026-07-08 00:28:24  [INFO]  Epoch [10]  step [120/155]  batch_loss=0.3589
2026-07-08 00:28:37  [INFO]  Epoch [10]  step [140/155]  batch_loss=0.3578
2026-07-08 00:29:05  [INFO]  [resnet50 | seed=123]  Epoch [10/30]  train_loss=0.3708  train_acc=0.9933  val_loss=0.4340  val_acc=0.9585
2026-07-08 00:29:19  [INFO]  Epoch [11]  step [20/155]  batch_loss=0.3568
2026-07-08 00:29:32  [INFO]  Epoch [11]  step [40/155]  batch_loss=0.3580
2026-07-08 00:29:46  [INFO]  Epoch [11]  step [60/155]  batch_loss=0.3555
2026-07-08 00:29:59  [INFO]  Epoch [11]  step [80/155]  batch_loss=0.4277
2026-07-08 00:30:13  [INFO]  Epoch [11]  step [100/155]  batch_loss=0.3577
2026-07-08 00:30:27  [INFO]  Epoch [11]  step [120/155]  batch_loss=0.3875
2026-07-08 00:30:40  [INFO]  Epoch [11]  step [140/155]  batch_loss=0.3564
2026-07-08 00:31:08  [INFO]  [resnet50 | seed=123]  Epoch [11/30]  train_loss=0.3747  train_acc=0.9921  val_loss=0.4507  val_acc=0.9522
2026-07-08 00:31:22  [INFO]  Epoch [12]  step [20/155]  batch_loss=0.3566
2026-07-08 00:31:35  [INFO]  Epoch [12]  step [40/155]  batch_loss=0.3576
2026-07-08 00:31:49  [INFO]  Epoch [12]  step [60/155]  batch_loss=0.3569
2026-07-08 00:32:02  [INFO]  Epoch [12]  step [80/155]  batch_loss=0.3562
2026-07-08 00:32:16  [INFO]  Epoch [12]  step [100/155]  batch_loss=0.3628
2026-07-08 00:32:30  [INFO]  Epoch [12]  step [120/155]  batch_loss=0.4331
2026-07-08 00:32:44  [INFO]  Epoch [12]  step [140/155]  batch_loss=0.3676
2026-07-08 00:33:12  [INFO]  [resnet50 | seed=123]  Epoch [12/30]  train_loss=0.3654  train_acc=0.9958  val_loss=0.4275  val_acc=0.9648
2026-07-08 00:33:26  [INFO]  Epoch [13]  step [20/155]  batch_loss=0.3572
2026-07-08 00:33:39  [INFO]  Epoch [13]  step [40/155]  batch_loss=0.3613
2026-07-08 00:33:53  [INFO]  Epoch [13]  step [60/155]  batch_loss=0.3584
2026-07-08 00:34:07  [INFO]  Epoch [13]  step [80/155]  batch_loss=0.3538
2026-07-08 00:34:20  [INFO]  Epoch [13]  step [100/155]  batch_loss=0.3571
2026-07-08 00:34:34  [INFO]  Epoch [13]  step [120/155]  batch_loss=0.3543
2026-07-08 00:34:48  [INFO]  Epoch [13]  step [140/155]  batch_loss=0.3568
2026-07-08 00:35:17  [INFO]  [resnet50 | seed=123]  Epoch [13/30]  train_loss=0.3638  train_acc=0.9966  val_loss=0.4465  val_acc=0.9549
2026-07-08 00:35:17  [INFO]  Early stopping at epoch 13 — no val_loss improvement for 5 consecutive epochs.
2026-07-08 00:35:17  [INFO]  Best weights restored — epoch 8  val_loss=0.4061  val_acc=0.9720
2026-07-08 00:35:53  [INFO]  Test (deterministic)  loss=0.4369  acc=0.9604
2026-07-08 00:35:53  [INFO]  MC Dropout  T=20 on test set …
2026-07-08 00:41:36  [INFO]  Test (MC T=20)  acc=0.9604  macro-F1=0.9600  macro-AUC=0.9947  mean-H=0.6292 bits
2026-07-08 00:41:36  [INFO]  ECE=0.0757  Brier=0.0697
2026-07-08 00:41:36  [INFO]  AURC=0.0089
2026-07-08 00:41:36  [INFO]    Accuracy @ 80% coverage = 0.9933
2026-07-08 00:41:36  [INFO]    Accuracy @ 90% coverage = 0.9900
2026-07-08 00:41:36  [INFO]    Accuracy @ 95% coverage = 0.9792
2026-07-08 00:41:38  [INFO]  Bootstrap (1000) | acc=0.9604 [0.9478, 0.9721]  auc=0.9947 [0.9911, 0.9975]
2026-07-08 00:41:38  [INFO]  Summary \u2192 C:\Users\medha\OneDrive\Documents\MRI ALGO\results\20260703_155524\resnet50\seed_123\summary.json
2026-07-08 00:41:41  [INFO]  ============================================================
2026-07-08 00:41:41  [INFO]  [resnet50] training seed 7
2026-07-08 00:41:41  [INFO]  ============================================================
2026-07-08 00:41:41  [INFO]  Reproducibility locked — seed=7, cudnn.deterministic=True
2026-07-08 00:41:41  [INFO]  [train]  4979 samples  /  155 batches
2026-07-08 00:41:41  [INFO]  [val]  1109 samples  /  35 batches
2026-07-08 00:41:41  [INFO]  [test]  1112 samples  /  35 batches
2026-07-08 00:41:41  [INFO]  BrainTumorResNet50 | trainable: 15,494,404 / 24,037,700  (64.46%)
2026-07-08 00:42:14  [INFO]  Epoch [01]  step [20/155]  batch_loss=0.8621
2026-07-08 00:42:29  [INFO]  Epoch [01]  step [40/155]  batch_loss=0.5577
2026-07-08 00:42:43  [INFO]  Epoch [01]  step [60/155]  batch_loss=0.7856
2026-07-08 00:42:57  [INFO]  Epoch [01]  step [80/155]  batch_loss=0.7049
2026-07-08 00:43:11  [INFO]  Epoch [01]  step [100/155]  batch_loss=0.5098
2026-07-08 00:43:25  [INFO]  Epoch [01]  step [120/155]  batch_loss=0.4235
2026-07-08 00:43:39  [INFO]  Epoch [01]  step [140/155]  batch_loss=0.6058
2026-07-08 00:44:24  [INFO]  [resnet50 | seed=7]  Epoch [01/30]  train_loss=0.6771  train_acc=0.8359  val_loss=0.5322  val_acc=0.9143
2026-07-08 00:44:25  [INFO]    \u2713 Checkpoint saved  (epoch=1  val_loss=0.5322  val_acc=0.9143)
2026-07-08 00:44:39  [INFO]  Epoch [02]  step [20/155]  batch_loss=0.3967
2026-07-08 00:44:53  [INFO]  Epoch [02]  step [40/155]  batch_loss=0.5097
2026-07-08 00:45:06  [INFO]  Epoch [02]  step [60/155]  batch_loss=0.4902
2026-07-08 00:45:20  [INFO]  Epoch [02]  step [80/155]  batch_loss=0.4908
2026-07-08 00:45:35  [INFO]  Epoch [02]  step [100/155]  batch_loss=0.4186
2026-07-08 00:45:48  [INFO]  Epoch [02]  step [120/155]  batch_loss=0.4148
2026-07-08 00:46:02  [INFO]  Epoch [02]  step [140/155]  batch_loss=0.4629
2026-07-08 00:46:31  [INFO]  [resnet50 | seed=7]  Epoch [02/30]  train_loss=0.4794  train_acc=0.9452  val_loss=0.4661  val_acc=0.9468
2026-07-08 00:46:31  [INFO]    \u2713 Checkpoint saved  (epoch=2  val_loss=0.4661  val_acc=0.9468)
2026-07-08 00:46:46  [INFO]  Epoch [03]  step [20/155]  batch_loss=0.4514
2026-07-08 00:47:00  [INFO]  Epoch [03]  step [40/155]  batch_loss=0.4815
2026-07-08 00:47:14  [INFO]  Epoch [03]  step [60/155]  batch_loss=0.5973
2026-07-08 00:47:28  [INFO]  Epoch [03]  step [80/155]  batch_loss=0.4475
2026-07-08 00:47:42  [INFO]  Epoch [03]  step [100/155]  batch_loss=0.4568
2026-07-08 00:47:56  [INFO]  Epoch [03]  step [120/155]  batch_loss=0.3682
2026-07-08 00:48:10  [INFO]  Epoch [03]  step [140/155]  batch_loss=0.4356
2026-07-08 00:48:39  [INFO]  [resnet50 | seed=7]  Epoch [03/30]  train_loss=0.4328  train_acc=0.9690  val_loss=0.5216  val_acc=0.9170
2026-07-08 00:48:53  [INFO]  Epoch [04]  step [20/155]  batch_loss=0.4388
2026-07-08 00:49:08  [INFO]  Epoch [04]  step [40/155]  batch_loss=0.3760
2026-07-08 00:49:22  [INFO]  Epoch [04]  step [60/155]  batch_loss=0.3680
2026-07-08 00:49:36  [INFO]  Epoch [04]  step [80/155]  batch_loss=0.4031
2026-07-08 00:49:50  [INFO]  Epoch [04]  step [100/155]  batch_loss=0.3970
2026-07-08 00:50:04  [INFO]  Epoch [04]  step [120/155]  batch_loss=0.3742
2026-07-08 00:50:18  [INFO]  Epoch [04]  step [140/155]  batch_loss=0.3900
2026-07-08 00:50:46  [INFO]  [resnet50 | seed=7]  Epoch [04/30]  train_loss=0.4174  train_acc=0.9740  val_loss=0.4518  val_acc=0.9531
2026-07-08 00:50:47  [INFO]    \u2713 Checkpoint saved  (epoch=4  val_loss=0.4518  val_acc=0.9531)
2026-07-08 00:51:01  [INFO]  Epoch [05]  step [20/155]  batch_loss=0.4328
2026-07-08 00:51:15  [INFO]  Epoch [05]  step [40/155]  batch_loss=0.3683
2026-07-08 00:51:30  [INFO]  Epoch [05]  step [60/155]  batch_loss=0.4498
2026-07-08 00:51:44  [INFO]  Epoch [05]  step [80/155]  batch_loss=0.3650
2026-07-08 00:51:58  [INFO]  Epoch [05]  step [100/155]  batch_loss=0.3709
2026-07-08 00:52:12  [INFO]  Epoch [05]  step [120/155]  batch_loss=0.4766
2026-07-08 00:52:26  [INFO]  Epoch [05]  step [140/155]  batch_loss=0.3819
2026-07-08 00:52:54  [INFO]  [resnet50 | seed=7]  Epoch [05/30]  train_loss=0.3945  train_acc=0.9833  val_loss=0.4425  val_acc=0.9576
2026-07-08 00:52:55  [INFO]    \u2713 Checkpoint saved  (epoch=5  val_loss=0.4425  val_acc=0.9576)
2026-07-08 00:53:09  [INFO]  Epoch [06]  step [20/155]  batch_loss=0.3620
2026-07-08 00:53:23  [INFO]  Epoch [06]  step [40/155]  batch_loss=0.3607
2026-07-08 00:53:37  [INFO]  Epoch [06]  step [60/155]  batch_loss=0.3609
2026-07-08 00:53:51  [INFO]  Epoch [06]  step [80/155]  batch_loss=0.3566
2026-07-08 00:54:05  [INFO]  Epoch [06]  step [100/155]  batch_loss=0.3972
2026-07-08 00:54:19  [INFO]  Epoch [06]  step [120/155]  batch_loss=0.3927
2026-07-08 00:54:34  [INFO]  Epoch [06]  step [140/155]  batch_loss=0.4808
2026-07-08 00:55:02  [INFO]  [resnet50 | seed=7]  Epoch [06/30]  train_loss=0.3855  train_acc=0.9881  val_loss=0.4546  val_acc=0.9504
2026-07-08 00:55:16  [INFO]  Epoch [07]  step [20/155]  batch_loss=0.3915
2026-07-08 00:55:31  [INFO]  Epoch [07]  step [40/155]  batch_loss=0.3697
2026-07-08 00:55:44  [INFO]  Epoch [07]  step [60/155]  batch_loss=0.3826
2026-07-08 00:55:58  [INFO]  Epoch [07]  step [80/155]  batch_loss=0.4562
2026-07-08 00:56:12  [INFO]  Epoch [07]  step [100/155]  batch_loss=0.4264
2026-07-08 00:56:27  [INFO]  Epoch [07]  step [120/155]  batch_loss=0.3930
2026-07-08 00:56:40  [INFO]  Epoch [07]  step [140/155]  batch_loss=0.3977
2026-07-08 00:57:09  [INFO]  [resnet50 | seed=7]  Epoch [07/30]  train_loss=0.3832  train_acc=0.9891  val_loss=0.4112  val_acc=0.9766
2026-07-08 00:57:09  [INFO]    \u2713 Checkpoint saved  (epoch=7  val_loss=0.4112  val_acc=0.9766)
2026-07-08 00:57:23  [INFO]  Epoch [08]  step [20/155]  batch_loss=0.3751
2026-07-08 00:57:38  [INFO]  Epoch [08]  step [40/155]  batch_loss=0.3793
2026-07-08 00:57:52  [INFO]  Epoch [08]  step [60/155]  batch_loss=0.3569
2026-07-08 00:58:06  [INFO]  Epoch [08]  step [80/155]  batch_loss=0.3625
2026-07-08 00:58:20  [INFO]  Epoch [08]  step [100/155]  batch_loss=0.3577
2026-07-08 00:58:35  [INFO]  Epoch [08]  step [120/155]  batch_loss=0.3644
2026-07-08 00:58:49  [INFO]  Epoch [08]  step [140/155]  batch_loss=0.3582
2026-07-08 00:59:18  [INFO]  [resnet50 | seed=7]  Epoch [08/30]  train_loss=0.3771  train_acc=0.9909  val_loss=0.4345  val_acc=0.9576
2026-07-08 00:59:33  [INFO]  Epoch [09]  step [20/155]  batch_loss=0.3641
2026-07-08 00:59:47  [INFO]  Epoch [09]  step [40/155]  batch_loss=0.3651
2026-07-08 01:00:01  [INFO]  Epoch [09]  step [60/155]  batch_loss=0.3579
2026-07-08 01:00:15  [INFO]  Epoch [09]  step [80/155]  batch_loss=0.4519
2026-07-08 01:00:30  [INFO]  Epoch [09]  step [100/155]  batch_loss=0.3560
2026-07-08 01:00:44  [INFO]  Epoch [09]  step [120/155]  batch_loss=0.3561
2026-07-08 01:00:58  [INFO]  Epoch [09]  step [140/155]  batch_loss=0.3561
2026-07-08 01:01:28  [INFO]  [resnet50 | seed=7]  Epoch [09/30]  train_loss=0.3718  train_acc=0.9929  val_loss=0.4081  val_acc=0.9748
2026-07-08 01:01:28  [INFO]    \u2713 Checkpoint saved  (epoch=9  val_loss=0.4081  val_acc=0.9748)
2026-07-08 01:01:42  [INFO]  Epoch [10]  step [20/155]  batch_loss=0.3595
2026-07-08 01:01:57  [INFO]  Epoch [10]  step [40/155]  batch_loss=0.4106
2026-07-08 01:02:11  [INFO]  Epoch [10]  step [60/155]  batch_loss=0.3620
2026-07-08 01:02:25  [INFO]  Epoch [10]  step [80/155]  batch_loss=0.3655
2026-07-08 01:02:40  [INFO]  Epoch [10]  step [100/155]  batch_loss=0.3604
2026-07-08 01:02:54  [INFO]  Epoch [10]  step [120/155]  batch_loss=0.3791
2026-07-08 01:03:08  [INFO]  Epoch [10]  step [140/155]  batch_loss=0.3583
2026-07-08 01:03:37  [INFO]  [resnet50 | seed=7]  Epoch [10/30]  train_loss=0.3721  train_acc=0.9923  val_loss=0.4301  val_acc=0.9576
2026-07-08 01:03:52  [INFO]  Epoch [11]  step [20/155]  batch_loss=0.3548
2026-07-08 01:04:06  [INFO]  Epoch [11]  step [40/155]  batch_loss=0.3645
2026-07-08 01:04:20  [INFO]  Epoch [11]  step [60/155]  batch_loss=0.3572
2026-07-08 01:04:35  [INFO]  Epoch [11]  step [80/155]  batch_loss=0.3554
2026-07-08 01:04:49  [INFO]  Epoch [11]  step [100/155]  batch_loss=0.3561
2026-07-08 01:05:03  [INFO]  Epoch [11]  step [120/155]  batch_loss=0.3561
2026-07-08 01:05:17  [INFO]  Epoch [11]  step [140/155]  batch_loss=0.3578
2026-07-08 01:05:46  [INFO]  [resnet50 | seed=7]  Epoch [11/30]  train_loss=0.3703  train_acc=0.9933  val_loss=0.4290  val_acc=0.9693
2026-07-08 01:06:00  [INFO]  Epoch [12]  step [20/155]  batch_loss=0.4017
2026-07-08 01:06:15  [INFO]  Epoch [12]  step [40/155]  batch_loss=0.3554
2026-07-08 01:06:30  [INFO]  Epoch [12]  step [60/155]  batch_loss=0.3859
2026-07-08 01:06:44  [INFO]  Epoch [12]  step [80/155]  batch_loss=0.3553
2026-07-08 01:06:58  [INFO]  Epoch [12]  step [100/155]  batch_loss=0.3561
2026-07-08 01:07:12  [INFO]  Epoch [12]  step [120/155]  batch_loss=0.3600
2026-07-08 01:07:27  [INFO]  Epoch [12]  step [140/155]  batch_loss=0.3562
2026-07-08 01:07:56  [INFO]  [resnet50 | seed=7]  Epoch [12/30]  train_loss=0.3659  train_acc=0.9954  val_loss=0.4210  val_acc=0.9693
2026-07-08 01:08:10  [INFO]  Epoch [13]  step [20/155]  batch_loss=0.3537
2026-07-08 01:08:25  [INFO]  Epoch [13]  step [40/155]  batch_loss=0.3556
2026-07-08 01:08:39  [INFO]  Epoch [13]  step [60/155]  batch_loss=0.3564
2026-07-08 01:08:53  [INFO]  Epoch [13]  step [80/155]  batch_loss=0.3586
2026-07-08 01:09:07  [INFO]  Epoch [13]  step [100/155]  batch_loss=0.3531
2026-07-08 01:09:24  [INFO]  Epoch [13]  step [120/155]  batch_loss=0.3679
2026-07-08 01:09:39  [INFO]  Epoch [13]  step [140/155]  batch_loss=0.3834
2026-07-08 01:10:07  [INFO]  [resnet50 | seed=7]  Epoch [13/30]  train_loss=0.3644  train_acc=0.9958  val_loss=0.4200  val_acc=0.9702
2026-07-08 01:10:21  [INFO]  Epoch [14]  step [20/155]  batch_loss=0.3561
2026-07-08 01:10:36  [INFO]  Epoch [14]  step [40/155]  batch_loss=0.3559
2026-07-08 01:10:51  [INFO]  Epoch [14]  step [60/155]  batch_loss=0.3549
2026-07-08 01:11:05  [INFO]  Epoch [14]  step [80/155]  batch_loss=0.3559
2026-07-08 01:11:21  [INFO]  Epoch [14]  step [100/155]  batch_loss=0.3551
2026-07-08 01:11:36  [INFO]  Epoch [14]  step [120/155]  batch_loss=0.3575
2026-07-08 01:11:52  [INFO]  Epoch [14]  step [140/155]  batch_loss=0.3588
2026-07-08 01:12:22  [INFO]  [resnet50 | seed=7]  Epoch [14/30]  train_loss=0.3670  train_acc=0.9942  val_loss=0.4192  val_acc=0.9693
2026-07-08 01:12:22  [INFO]  Early stopping at epoch 14 — no val_loss improvement for 5 consecutive epochs.
2026-07-08 01:12:23  [INFO]  Best weights restored — epoch 9  val_loss=0.4081  val_acc=0.9748
2026-07-08 01:12:59  [INFO]  Test (deterministic)  loss=0.4201  acc=0.9649
2026-07-08 01:12:59  [INFO]  MC Dropout  T=20 on test set …
2026-07-08 01:18:42  [INFO]  Test (MC T=20)  acc=0.9649  macro-F1=0.9647  macro-AUC=0.9971  mean-H=0.6031 bits
2026-07-08 01:18:42  [INFO]  ECE=0.0731  Brier=0.0594
2026-07-08 01:18:42  [INFO]  AURC=0.0027
2026-07-08 01:18:42  [INFO]    Accuracy @ 80% coverage = 0.9966
2026-07-08 01:18:42  [INFO]    Accuracy @ 90% coverage = 0.9930
2026-07-08 01:18:42  [INFO]    Accuracy @ 95% coverage = 0.9820
2026-07-08 01:18:44  [INFO]  Bootstrap (1000) | acc=0.9649 [0.9550, 0.9748]  auc=0.9971 [0.9948, 0.9987]
2026-07-08 01:18:44  [INFO]  Summary \u2192 C:\Users\medha\OneDrive\Documents\MRI ALGO\results\20260703_155524\resnet50\seed_7\summary.json
2026-07-08 01:18:46  [INFO]  ============================================================
2026-07-08 01:18:46  [INFO]  [resnet50] training seed 2024
2026-07-08 01:18:46  [INFO]  ============================================================
2026-07-08 01:18:46  [INFO]  Reproducibility locked — seed=2024, cudnn.deterministic=True
2026-07-08 01:18:46  [INFO]  [train]  4979 samples  /  155 batches
2026-07-08 01:18:46  [INFO]  [val]  1109 samples  /  35 batches
2026-07-08 01:18:46  [INFO]  [test]  1112 samples  /  35 batches
2026-07-08 01:18:47  [INFO]  BrainTumorResNet50 | trainable: 15,494,404 / 24,037,700  (64.46%)
2026-07-08 01:19:18  [INFO]  Epoch [01]  step [20/155]  batch_loss=0.7866
2026-07-08 01:19:33  [INFO]  Epoch [01]  step [40/155]  batch_loss=0.7788
2026-07-08 01:19:47  [INFO]  Epoch [01]  step [60/155]  batch_loss=0.7561
2026-07-08 01:20:01  [INFO]  Epoch [01]  step [80/155]  batch_loss=0.5113
2026-07-08 01:20:14  [INFO]  Epoch [01]  step [100/155]  batch_loss=0.5383
2026-07-08 01:20:28  [INFO]  Epoch [01]  step [120/155]  batch_loss=0.7301
2026-07-08 01:20:41  [INFO]  Epoch [01]  step [140/155]  batch_loss=0.5869
2026-07-08 01:21:27  [INFO]  [resnet50 | seed=2024]  Epoch [01/30]  train_loss=0.6757  train_acc=0.8427  val_loss=0.5252  val_acc=0.9125
2026-07-08 01:21:27  [INFO]    \u2713 Checkpoint saved  (epoch=1  val_loss=0.5252  val_acc=0.9125)
2026-07-08 01:21:41  [INFO]  Epoch [02]  step [20/155]  batch_loss=0.6219
2026-07-08 01:21:55  [INFO]  Epoch [02]  step [40/155]  batch_loss=0.5324
2026-07-08 01:22:09  [INFO]  Epoch [02]  step [60/155]  batch_loss=0.4251
2026-07-08 01:22:23  [INFO]  Epoch [02]  step [80/155]  batch_loss=0.4999
2026-07-08 01:22:39  [INFO]  Epoch [02]  step [100/155]  batch_loss=0.5604
2026-07-08 01:22:53  [INFO]  Epoch [02]  step [120/155]  batch_loss=0.6175
2026-07-08 01:23:07  [INFO]  Epoch [02]  step [140/155]  batch_loss=0.6322
2026-07-08 01:23:36  [INFO]  [resnet50 | seed=2024]  Epoch [02/30]  train_loss=0.4820  train_acc=0.9425  val_loss=0.4607  val_acc=0.9531
2026-07-08 01:23:36  [INFO]    \u2713 Checkpoint saved  (epoch=2  val_loss=0.4607  val_acc=0.9531)
2026-07-08 01:23:51  [INFO]  Epoch [03]  step [20/155]  batch_loss=0.4079
2026-07-08 01:24:06  [INFO]  Epoch [03]  step [40/155]  batch_loss=0.4052
2026-07-08 01:24:21  [INFO]  Epoch [03]  step [60/155]  batch_loss=0.4010
2026-07-08 01:24:35  [INFO]  Epoch [03]  step [80/155]  batch_loss=0.3989
2026-07-08 01:24:49  [INFO]  Epoch [03]  step [100/155]  batch_loss=0.4452
2026-07-08 01:25:03  [INFO]  Epoch [03]  step [120/155]  batch_loss=0.4481
2026-07-08 01:25:17  [INFO]  Epoch [03]  step [140/155]  batch_loss=0.4092
2026-07-08 01:25:49  [INFO]  [resnet50 | seed=2024]  Epoch [03/30]  train_loss=0.4291  train_acc=0.9679  val_loss=0.4516  val_acc=0.9513
2026-07-08 01:25:49  [INFO]    \u2713 Checkpoint saved  (epoch=3  val_loss=0.4516  val_acc=0.9513)
2026-07-08 01:26:03  [INFO]  Epoch [04]  step [20/155]  batch_loss=0.3814
2026-07-08 01:26:18  [INFO]  Epoch [04]  step [40/155]  batch_loss=0.4408
2026-07-08 01:26:32  [INFO]  Epoch [04]  step [60/155]  batch_loss=0.3670
2026-07-08 01:26:47  [INFO]  Epoch [04]  step [80/155]  batch_loss=0.3970
2026-07-08 01:27:03  [INFO]  Epoch [04]  step [100/155]  batch_loss=0.6789
2026-07-08 01:27:18  [INFO]  Epoch [04]  step [120/155]  batch_loss=0.3648
2026-07-08 01:27:33  [INFO]  Epoch [04]  step [140/155]  batch_loss=0.3816
2026-07-08 01:28:03  [INFO]  [resnet50 | seed=2024]  Epoch [04/30]  train_loss=0.4166  train_acc=0.9742  val_loss=0.4319  val_acc=0.9585
2026-07-08 01:28:03  [INFO]    \u2713 Checkpoint saved  (epoch=4  val_loss=0.4319  val_acc=0.9585)
2026-07-08 01:28:19  [INFO]  Epoch [05]  step [20/155]  batch_loss=0.4228
2026-07-08 01:28:34  [INFO]  Epoch [05]  step [40/155]  batch_loss=0.3777
2026-07-08 01:28:48  [INFO]  Epoch [05]  step [60/155]  batch_loss=0.4923
2026-07-08 01:29:03  [INFO]  Epoch [05]  step [80/155]  batch_loss=0.3769
2026-07-08 01:29:18  [INFO]  Epoch [05]  step [100/155]  batch_loss=0.3909
2026-07-08 01:29:33  [INFO]  Epoch [05]  step [120/155]  batch_loss=0.3859
2026-07-08 01:29:47  [INFO]  Epoch [05]  step [140/155]  batch_loss=0.3891
2026-07-08 01:30:15  [INFO]  [resnet50 | seed=2024]  Epoch [05/30]  train_loss=0.3951  train_acc=0.9847  val_loss=0.4324  val_acc=0.9621
2026-07-08 01:30:30  [INFO]  Epoch [06]  step [20/155]  batch_loss=0.3590
2026-07-08 01:30:44  [INFO]  Epoch [06]  step [40/155]  batch_loss=0.3705
2026-07-08 01:30:58  [INFO]  Epoch [06]  step [60/155]  batch_loss=0.3635
2026-07-08 01:31:12  [INFO]  Epoch [06]  step [80/155]  batch_loss=0.3738
2026-07-08 01:31:26  [INFO]  Epoch [06]  step [100/155]  batch_loss=0.3744
2026-07-08 01:31:41  [INFO]  Epoch [06]  step [120/155]  batch_loss=0.4020
2026-07-08 01:31:55  [INFO]  Epoch [06]  step [140/155]  batch_loss=0.4077
2026-07-08 01:32:24  [INFO]  [resnet50 | seed=2024]  Epoch [06/30]  train_loss=0.3854  train_acc=0.9877  val_loss=0.4183  val_acc=0.9684
2026-07-08 01:32:25  [INFO]    \u2713 Checkpoint saved  (epoch=6  val_loss=0.4183  val_acc=0.9684)
2026-07-08 01:32:39  [INFO]  Epoch [07]  step [20/155]  batch_loss=0.5087
2026-07-08 01:32:54  [INFO]  Epoch [07]  step [40/155]  batch_loss=0.3654
2026-07-08 01:33:08  [INFO]  Epoch [07]  step [60/155]  batch_loss=0.3961
2026-07-08 01:33:23  [INFO]  Epoch [07]  step [80/155]  batch_loss=0.3619
2026-07-08 01:33:37  [INFO]  Epoch [07]  step [100/155]  batch_loss=0.3639
2026-07-08 01:33:52  [INFO]  Epoch [07]  step [120/155]  batch_loss=0.3667
2026-07-08 01:34:06  [INFO]  Epoch [07]  step [140/155]  batch_loss=0.4020
2026-07-08 01:34:37  [INFO]  [resnet50 | seed=2024]  Epoch [07/30]  train_loss=0.3855  train_acc=0.9877  val_loss=0.4024  val_acc=0.9784
2026-07-08 01:34:37  [INFO]    \u2713 Checkpoint saved  (epoch=7  val_loss=0.4024  val_acc=0.9784)
2026-07-08 01:34:51  [INFO]  Epoch [08]  step [20/155]  batch_loss=0.4786
2026-07-08 01:35:05  [INFO]  Epoch [08]  step [40/155]  batch_loss=0.3594
2026-07-08 01:35:20  [INFO]  Epoch [08]  step [60/155]  batch_loss=0.4198
2026-07-08 01:35:35  [INFO]  Epoch [08]  step [80/155]  batch_loss=0.3691
2026-07-08 01:35:49  [INFO]  Epoch [08]  step [100/155]  batch_loss=0.3599
2026-07-08 01:36:03  [INFO]  Epoch [08]  step [120/155]  batch_loss=0.3631
2026-07-08 01:36:18  [INFO]  Epoch [08]  step [140/155]  batch_loss=0.3631
2026-07-08 01:36:47  [INFO]  [resnet50 | seed=2024]  Epoch [08/30]  train_loss=0.3745  train_acc=0.9923  val_loss=0.4106  val_acc=0.9711
2026-07-08 01:37:02  [INFO]  Epoch [09]  step [20/155]  batch_loss=0.3680
2026-07-08 01:37:16  [INFO]  Epoch [09]  step [40/155]  batch_loss=0.3647
2026-07-08 01:37:30  [INFO]  Epoch [09]  step [60/155]  batch_loss=0.3537
2026-07-08 01:37:45  [INFO]  Epoch [09]  step [80/155]  batch_loss=0.3570
2026-07-08 01:38:00  [INFO]  Epoch [09]  step [100/155]  batch_loss=0.3675
2026-07-08 01:38:14  [INFO]  Epoch [09]  step [120/155]  batch_loss=0.3564
2026-07-08 01:38:29  [INFO]  Epoch [09]  step [140/155]  batch_loss=0.3698
2026-07-08 01:38:59  [INFO]  [resnet50 | seed=2024]  Epoch [09/30]  train_loss=0.3765  train_acc=0.9903  val_loss=0.4147  val_acc=0.9729
2026-07-08 01:39:14  [INFO]  Epoch [10]  step [20/155]  batch_loss=0.3566
2026-07-08 01:39:29  [INFO]  Epoch [10]  step [40/155]  batch_loss=0.3562
2026-07-08 01:39:43  [INFO]  Epoch [10]  step [60/155]  batch_loss=0.3607
2026-07-08 01:39:57  [INFO]  Epoch [10]  step [80/155]  batch_loss=0.3550
2026-07-08 01:40:11  [INFO]  Epoch [10]  step [100/155]  batch_loss=0.3555
2026-07-08 01:40:25  [INFO]  Epoch [10]  step [120/155]  batch_loss=0.4330
2026-07-08 01:40:39  [INFO]  Epoch [10]  step [140/155]  batch_loss=0.4190
2026-07-08 01:41:09  [INFO]  [resnet50 | seed=2024]  Epoch [10/30]  train_loss=0.3764  train_acc=0.9903  val_loss=0.4230  val_acc=0.9630
2026-07-08 01:41:25  [INFO]  Epoch [11]  step [20/155]  batch_loss=0.3564
2026-07-08 01:41:40  [INFO]  Epoch [11]  step [40/155]  batch_loss=0.3626
2026-07-08 01:41:55  [INFO]  Epoch [11]  step [60/155]  batch_loss=0.3554
2026-07-08 01:42:10  [INFO]  Epoch [11]  step [80/155]  batch_loss=0.3598
2026-07-08 01:42:26  [INFO]  Epoch [11]  step [100/155]  batch_loss=0.4312
2026-07-08 01:42:40  [INFO]  Epoch [11]  step [120/155]  batch_loss=0.3622
2026-07-08 01:42:55  [INFO]  Epoch [11]  step [140/155]  batch_loss=0.3603
2026-07-08 01:43:26  [INFO]  [resnet50 | seed=2024]  Epoch [11/30]  train_loss=0.3696  train_acc=0.9948  val_loss=0.4103  val_acc=0.9748
2026-07-08 01:43:40  [INFO]  Epoch [12]  step [20/155]  batch_loss=0.3737
2026-07-08 01:43:55  [INFO]  Epoch [12]  step [40/155]  batch_loss=0.3596
2026-07-08 01:44:10  [INFO]  Epoch [12]  step [60/155]  batch_loss=0.3580
2026-07-08 01:44:25  [INFO]  Epoch [12]  step [80/155]  batch_loss=0.4555
2026-07-08 01:44:40  [INFO]  Epoch [12]  step [100/155]  batch_loss=0.3540
2026-07-08 01:44:55  [INFO]  Epoch [12]  step [120/155]  batch_loss=0.3560
2026-07-08 01:45:10  [INFO]  Epoch [12]  step [140/155]  batch_loss=0.3770
2026-07-08 01:45:40  [INFO]  [resnet50 | seed=2024]  Epoch [12/30]  train_loss=0.3703  train_acc=0.9929  val_loss=0.4187  val_acc=0.9693
2026-07-08 01:45:40  [INFO]  Early stopping at epoch 12 — no val_loss improvement for 5 consecutive epochs.
2026-07-08 01:45:40  [INFO]  Best weights restored — epoch 7  val_loss=0.4024  val_acc=0.9784
2026-07-08 01:46:17  [INFO]  Test (deterministic)  loss=0.4316  acc=0.9667
2026-07-08 01:46:17  [INFO]  MC Dropout  T=20 on test set …
2026-07-08 01:52:04  [INFO]  Test (MC T=20)  acc=0.9667  macro-F1=0.9665  macro-AUC=0.9954  mean-H=0.5880 bits
2026-07-08 01:52:04  [INFO]  ECE=0.0750  Brier=0.0630
2026-07-08 01:52:04  [INFO]  AURC=0.0072
2026-07-08 01:52:04  [INFO]    Accuracy @ 80% coverage = 0.9899
2026-07-08 01:52:04  [INFO]    Accuracy @ 90% coverage = 0.9860
2026-07-08 01:52:04  [INFO]    Accuracy @ 95% coverage = 0.9839
2026-07-08 01:52:06  [INFO]  Bootstrap (1000) | acc=0.9667 [0.9550, 0.9766]  auc=0.9954 [0.9925, 0.9977]
2026-07-08 01:52:07  [INFO]  Summary \u2192 C:\Users\medha\OneDrive\Documents\MRI ALGO\results\20260703_155524\resnet50\seed_2024\summary.json
2026-07-08 01:52:10  [INFO]  ============================================================
2026-07-08 01:52:10  [INFO]  [resnet50] training seed 31
2026-07-08 01:52:10  [INFO]  ============================================================
2026-07-08 01:52:10  [INFO]  Reproducibility locked — seed=31, cudnn.deterministic=True
2026-07-08 01:52:10  [INFO]  [train]  4979 samples  /  155 batches
2026-07-08 01:52:10  [INFO]  [val]  1109 samples  /  35 batches
2026-07-08 01:52:10  [INFO]  [test]  1112 samples  /  35 batches
2026-07-08 01:52:10  [INFO]  BrainTumorResNet50 | trainable: 15,494,404 / 24,037,700  (64.46%)
2026-07-08 01:52:41  [INFO]  Epoch [01]  step [20/155]  batch_loss=0.8110
2026-07-08 01:52:56  [INFO]  Epoch [01]  step [40/155]  batch_loss=0.6831
2026-07-08 01:53:09  [INFO]  Epoch [01]  step [60/155]  batch_loss=0.6565
2026-07-08 01:53:23  [INFO]  Epoch [01]  step [80/155]  batch_loss=0.7158
2026-07-08 01:53:37  [INFO]  Epoch [01]  step [100/155]  batch_loss=0.4623
2026-07-08 01:53:51  [INFO]  Epoch [01]  step [120/155]  batch_loss=0.4990
2026-07-08 01:54:04  [INFO]  Epoch [01]  step [140/155]  batch_loss=0.5775
2026-07-08 01:54:52  [INFO]  [resnet50 | seed=31]  Epoch [01/30]  train_loss=0.6760  train_acc=0.8395  val_loss=0.5189  val_acc=0.9216
2026-07-08 01:54:52  [INFO]    \u2713 Checkpoint saved  (epoch=1  val_loss=0.5189  val_acc=0.9216)
2026-07-08 01:55:07  [INFO]  Epoch [02]  step [20/155]  batch_loss=0.5220
2026-07-08 01:55:21  [INFO]  Epoch [02]  step [40/155]  batch_loss=0.4664
2026-07-08 01:55:35  [INFO]  Epoch [02]  step [60/155]  batch_loss=0.4185
2026-07-08 01:55:49  [INFO]  Epoch [02]  step [80/155]  batch_loss=0.5654
2026-07-08 01:56:03  [INFO]  Epoch [02]  step [100/155]  batch_loss=0.4488
2026-07-08 01:56:18  [INFO]  Epoch [02]  step [120/155]  batch_loss=0.5141
2026-07-08 01:56:33  [INFO]  Epoch [02]  step [140/155]  batch_loss=0.5355
2026-07-08 01:57:01  [INFO]  [resnet50 | seed=31]  Epoch [02/30]  train_loss=0.4744  train_acc=0.9452  val_loss=0.4710  val_acc=0.9450
2026-07-08 01:57:02  [INFO]    \u2713 Checkpoint saved  (epoch=2  val_loss=0.4710  val_acc=0.9450)
2026-07-08 01:57:16  [INFO]  Epoch [03]  step [20/155]  batch_loss=0.4125
2026-07-08 01:57:31  [INFO]  Epoch [03]  step [40/155]  batch_loss=0.4995
2026-07-08 01:57:45  [INFO]  Epoch [03]  step [60/155]  batch_loss=0.3945
2026-07-08 01:57:59  [INFO]  Epoch [03]  step [80/155]  batch_loss=0.3944
2026-07-08 01:58:13  [INFO]  Epoch [03]  step [100/155]  batch_loss=0.4106
2026-07-08 01:58:27  [INFO]  Epoch [03]  step [120/155]  batch_loss=0.6208
2026-07-08 01:58:42  [INFO]  Epoch [03]  step [140/155]  batch_loss=0.5185
2026-07-08 01:59:10  [INFO]  [resnet50 | seed=31]  Epoch [03/30]  train_loss=0.4358  train_acc=0.9645  val_loss=0.4882  val_acc=0.9279
2026-07-08 01:59:25  [INFO]  Epoch [04]  step [20/155]  batch_loss=0.4006
2026-07-08 01:59:39  [INFO]  Epoch [04]  step [40/155]  batch_loss=0.3728
2026-07-08 01:59:54  [INFO]  Epoch [04]  step [60/155]  batch_loss=0.6445
2026-07-08 02:00:08  [INFO]  Epoch [04]  step [80/155]  batch_loss=0.4864
2026-07-08 02:00:22  [INFO]  Epoch [04]  step [100/155]  batch_loss=0.4190
2026-07-08 02:00:36  [INFO]  Epoch [04]  step [120/155]  batch_loss=0.3802
2026-07-08 02:00:51  [INFO]  Epoch [04]  step [140/155]  batch_loss=0.3890
2026-07-08 02:01:19  [INFO]  [resnet50 | seed=31]  Epoch [04/30]  train_loss=0.4117  train_acc=0.9774  val_loss=0.4379  val_acc=0.9594
2026-07-08 02:01:19  [INFO]    \u2713 Checkpoint saved  (epoch=4  val_loss=0.4379  val_acc=0.9594)
2026-07-08 02:01:34  [INFO]  Epoch [05]  step [20/155]  batch_loss=0.3889
2026-07-08 02:01:48  [INFO]  Epoch [05]  step [40/155]  batch_loss=0.4314
2026-07-08 02:02:03  [INFO]  Epoch [05]  step [60/155]  batch_loss=0.3889
2026-07-08 02:02:17  [INFO]  Epoch [05]  step [80/155]  batch_loss=0.3598
2026-07-08 02:02:32  [INFO]  Epoch [05]  step [100/155]  batch_loss=0.3760
2026-07-08 02:02:47  [INFO]  Epoch [05]  step [120/155]  batch_loss=0.3724
2026-07-08 02:03:01  [INFO]  Epoch [05]  step [140/155]  batch_loss=0.3629
2026-07-08 02:03:30  [INFO]  [resnet50 | seed=31]  Epoch [05/30]  train_loss=0.3912  train_acc=0.9847  val_loss=0.4269  val_acc=0.9693
2026-07-08 02:03:30  [INFO]    \u2713 Checkpoint saved  (epoch=5  val_loss=0.4269  val_acc=0.9693)
2026-07-08 02:03:45  [INFO]  Epoch [06]  step [20/155]  batch_loss=0.3807
2026-07-08 02:04:00  [INFO]  Epoch [06]  step [40/155]  batch_loss=0.3812
2026-07-08 02:04:14  [INFO]  Epoch [06]  step [60/155]  batch_loss=0.3611
2026-07-08 02:04:28  [INFO]  Epoch [06]  step [80/155]  batch_loss=0.3591
2026-07-08 02:04:43  [INFO]  Epoch [06]  step [100/155]  batch_loss=0.3735
2026-07-08 02:04:57  [INFO]  Epoch [06]  step [120/155]  batch_loss=0.3632
2026-07-08 02:05:11  [INFO]  Epoch [06]  step [140/155]  batch_loss=0.3595
2026-07-08 02:05:40  [INFO]  [resnet50 | seed=31]  Epoch [06/30]  train_loss=0.3874  train_acc=0.9873  val_loss=0.4242  val_acc=0.9693
2026-07-08 02:05:40  [INFO]    \u2713 Checkpoint saved  (epoch=6  val_loss=0.4242  val_acc=0.9693)
2026-07-08 02:05:54  [INFO]  Epoch [07]  step [20/155]  batch_loss=0.3591
2026-07-08 02:06:09  [INFO]  Epoch [07]  step [40/155]  batch_loss=0.4453
2026-07-08 02:06:23  [INFO]  Epoch [07]  step [60/155]  batch_loss=0.4455
2026-07-08 02:06:37  [INFO]  Epoch [07]  step [80/155]  batch_loss=0.3608
2026-07-08 02:06:52  [INFO]  Epoch [07]  step [100/155]  batch_loss=0.3588
2026-07-08 02:07:06  [INFO]  Epoch [07]  step [120/155]  batch_loss=0.3891
2026-07-08 02:07:20  [INFO]  Epoch [07]  step [140/155]  batch_loss=0.3622
2026-07-08 02:07:49  [INFO]  [resnet50 | seed=31]  Epoch [07/30]  train_loss=0.3844  train_acc=0.9875  val_loss=0.4227  val_acc=0.9693
2026-07-08 02:07:50  [INFO]    \u2713 Checkpoint saved  (epoch=7  val_loss=0.4227  val_acc=0.9693)
2026-07-08 02:08:04  [INFO]  Epoch [08]  step [20/155]  batch_loss=0.3620
2026-07-08 02:08:18  [INFO]  Epoch [08]  step [40/155]  batch_loss=0.3603
2026-07-08 02:08:33  [INFO]  Epoch [08]  step [60/155]  batch_loss=0.3699
2026-07-08 02:08:47  [INFO]  Epoch [08]  step [80/155]  batch_loss=0.3619
2026-07-08 02:09:01  [INFO]  Epoch [08]  step [100/155]  batch_loss=0.3621
2026-07-08 02:09:15  [INFO]  Epoch [08]  step [120/155]  batch_loss=0.3568
2026-07-08 02:09:30  [INFO]  Epoch [08]  step [140/155]  batch_loss=0.3846
2026-07-08 02:09:58  [INFO]  [resnet50 | seed=31]  Epoch [08/30]  train_loss=0.3806  train_acc=0.9879  val_loss=0.4458  val_acc=0.9558
2026-07-08 02:10:13  [INFO]  Epoch [09]  step [20/155]  batch_loss=0.3610
2026-07-08 02:10:27  [INFO]  Epoch [09]  step [40/155]  batch_loss=0.3557
2026-07-08 02:10:42  [INFO]  Epoch [09]  step [60/155]  batch_loss=0.3840
2026-07-08 02:10:56  [INFO]  Epoch [09]  step [80/155]  batch_loss=0.3581
2026-07-08 02:11:10  [INFO]  Epoch [09]  step [100/155]  batch_loss=0.3702
2026-07-08 02:11:25  [INFO]  Epoch [09]  step [120/155]  batch_loss=0.4548
2026-07-08 02:11:39  [INFO]  Epoch [09]  step [140/155]  batch_loss=0.3625
2026-07-08 02:12:08  [INFO]  [resnet50 | seed=31]  Epoch [09/30]  train_loss=0.3734  train_acc=0.9931  val_loss=0.4264  val_acc=0.9675
2026-07-08 02:12:22  [INFO]  Epoch [10]  step [20/155]  batch_loss=0.3547
2026-07-08 02:12:37  [INFO]  Epoch [10]  step [40/155]  batch_loss=0.3816
2026-07-08 02:12:51  [INFO]  Epoch [10]  step [60/155]  batch_loss=0.4015
2026-07-08 02:13:05  [INFO]  Epoch [10]  step [80/155]  batch_loss=0.3702
2026-07-08 02:13:19  [INFO]  Epoch [10]  step [100/155]  batch_loss=0.4261
2026-07-08 02:13:34  [INFO]  Epoch [10]  step [120/155]  batch_loss=0.3569
2026-07-08 02:13:48  [INFO]  Epoch [10]  step [140/155]  batch_loss=0.3577
2026-07-08 02:14:17  [INFO]  [resnet50 | seed=31]  Epoch [10/30]  train_loss=0.3733  train_acc=0.9919  val_loss=0.4306  val_acc=0.9702
2026-07-08 02:14:31  [INFO]  Epoch [11]  step [20/155]  batch_loss=0.3766
2026-07-08 02:14:45  [INFO]  Epoch [11]  step [40/155]  batch_loss=0.3609
2026-07-08 02:14:59  [INFO]  Epoch [11]  step [60/155]  batch_loss=0.3627
2026-07-08 02:15:13  [INFO]  Epoch [11]  step [80/155]  batch_loss=0.3565
2026-07-08 02:15:27  [INFO]  Epoch [11]  step [100/155]  batch_loss=0.3639
2026-07-08 02:15:41  [INFO]  Epoch [11]  step [120/155]  batch_loss=0.3574
2026-07-08 02:15:56  [INFO]  Epoch [11]  step [140/155]  batch_loss=0.3577
2026-07-08 02:16:24  [INFO]  [resnet50 | seed=31]  Epoch [11/30]  train_loss=0.3678  train_acc=0.9944  val_loss=0.4480  val_acc=0.9594
2026-07-08 02:16:39  [INFO]  Epoch [12]  step [20/155]  batch_loss=0.3689
2026-07-08 02:16:53  [INFO]  Epoch [12]  step [40/155]  batch_loss=0.3576
2026-07-08 02:17:08  [INFO]  Epoch [12]  step [60/155]  batch_loss=0.3582
2026-07-08 02:17:22  [INFO]  Epoch [12]  step [80/155]  batch_loss=0.3800
2026-07-08 02:17:36  [INFO]  Epoch [12]  step [100/155]  batch_loss=0.3561
2026-07-08 02:17:50  [INFO]  Epoch [12]  step [120/155]  batch_loss=0.3601
2026-07-08 02:18:04  [INFO]  Epoch [12]  step [140/155]  batch_loss=0.3586
2026-07-08 02:18:33  [INFO]  [resnet50 | seed=31]  Epoch [12/30]  train_loss=0.3702  train_acc=0.9940  val_loss=0.4296  val_acc=0.9666
2026-07-08 02:18:33  [INFO]  Early stopping at epoch 12 — no val_loss improvement for 5 consecutive epochs.
2026-07-08 02:18:33  [INFO]  Best weights restored — epoch 7  val_loss=0.4227  val_acc=0.9693
2026-07-08 02:19:10  [INFO]  Test (deterministic)  loss=0.4409  acc=0.9640
2026-07-08 02:19:10  [INFO]  MC Dropout  T=20 on test set …
2026-07-08 02:25:01  [INFO]  Test (MC T=20)  acc=0.9631  macro-F1=0.9628  macro-AUC=0.9916  mean-H=0.6297 bits
2026-07-08 02:25:01  [INFO]  ECE=0.0774  Brier=0.0721
2026-07-08 02:25:01  [INFO]  AURC=0.0134
2026-07-08 02:25:01  [INFO]    Accuracy @ 80% coverage = 0.9888
2026-07-08 02:25:01  [INFO]    Accuracy @ 90% coverage = 0.9830
2026-07-08 02:25:01  [INFO]    Accuracy @ 95% coverage = 0.9754
2026-07-08 02:25:03  [INFO]  Bootstrap (1000) | acc=0.9631 [0.9523, 0.9739]  auc=0.9916 [0.9862, 0.9960]
2026-07-08 02:25:03  [INFO]  Summary \u2192 C:\Users\medha\OneDrive\Documents\MRI ALGO\results\20260703_155524\resnet50\seed_31\summary.json
2026-07-08 02:25:06  [INFO]  Wrote C:\Users\medha\OneDrive\Documents\MRI ALGO\results\20260703_155524\summary_vit.csv (5 seeds)
2026-07-08 02:25:06  [INFO]  Wrote C:\Users\medha\OneDrive\Documents\MRI ALGO\results\20260703_155524\summary_resnet50.csv (5 seeds)
2026-07-08 02:25:06  [INFO]  [train]  4979 samples  /  155 batches
2026-07-08 02:25:06  [INFO]  [val]  1109 samples  /  35 batches
2026-07-08 02:25:06  [INFO]  [test]  1112 samples  /  35 batches
2026-07-08 02:25:07  [INFO]  BrainTumorViT | trainable: 14,376,708 / 85,998,084  (16.72%)
2026-07-08 02:25:08  [INFO]  BrainTumorResNet50 | trainable: 15,494,404 / 24,037,700  (64.46%)
2026-07-08 02:45:48  [INFO]  McNemar [seed=42]  chi2=0.2143  p=0.6434  dir=resnet50_better  (vit=0.9604  rn=0.9640)
2026-07-08 02:45:48  [INFO]  BrainTumorViT | trainable: 14,376,708 / 85,998,084  (16.72%)
2026-07-08 02:45:48  [INFO]  BrainTumorResNet50 | trainable: 15,494,404 / 24,037,700  (64.46%)
2026-07-08 03:06:39  [INFO]  McNemar [seed=123]  chi2=0.6250  p=0.4292  dir=vit_better  (vit=0.9640  rn=0.9586)
2026-07-08 03:06:40  [INFO]  BrainTumorViT | trainable: 14,376,708 / 85,998,084  (16.72%)
2026-07-08 03:06:40  [INFO]  BrainTumorResNet50 | trainable: 15,494,404 / 24,037,700  (64.46%)
2026-07-08 03:27:02  [INFO]  McNemar [seed=7]  chi2=1.1613  p=0.2812  dir=resnet50_better  (vit=0.9604  rn=0.9667)
2026-07-08 03:27:03  [INFO]  BrainTumorViT | trainable: 14,376,708 / 85,998,084  (16.72%)
2026-07-08 03:27:03  [INFO]  BrainTumorResNet50 | trainable: 15,494,404 / 24,037,700  (64.46%)
