model,config,fitted_on,threshold,tp,fn,fp,tn,sensitivity,specificity,miss_rate,false_referral_rate,ppv,npv,referral_rate,referrals_per_100,balanced_accuracy
vit,ensemble5,internal_val,0.0,811,0,298,0,1.0,0.0,0.0,1.0,0.7312894499549143,,1.0,100.0,0.5
vit,ensemble5,internal_val,0.001,811,0,298,0,1.0,0.0,0.0,1.0,0.7312894499549143,,1.0,100.0,0.5
vit,ensemble5,internal_val,0.002,811,0,298,0,1.0,0.0,0.0,1.0,0.7312894499549143,,1.0,100.0,0.5
vit,ensemble5,internal_val,0.003,811,0,192,106,1.0,0.35570469798657717,0.0,0.6442953020134228,0.8085742771684945,1.0,0.9044183949504058,90.44183949504058,0.6778523489932886
vit,ensemble5,internal_val,0.004,811,0,43,255,1.0,0.8557046979865772,0.0,0.14429530201342283,0.949648711943794,1.0,0.7700631199278629,77.0063119927863,0.9278523489932886
vit,ensemble5,internal_val,0.005,811,0,21,277,1.0,0.9295302013422819,0.0,0.07046979865771812,0.9747596153846154,1.0,0.7502254283137962,75.02254283137962,0.964765100671141
vit,ensemble5,internal_val,0.006,810,1,16,282,0.998766954377312,0.9463087248322147,0.0012330456226880395,0.053691275167785234,0.9806295399515739,0.9964664310954063,0.7448151487826871,74.48151487826871,0.9725378396047634
vit,ensemble5,internal_val,0.007,809,2,16,282,0.9975339087546239,0.9463087248322147,0.002466091245376079,0.053691275167785234,0.9806060606060606,0.9929577464788732,0.7439134355275022,74.39134355275023,0.9719213167934193
vit,ensemble5,internal_val,0.008,808,3,16,282,0.9963008631319359,0.9463087248322147,0.0036991368680641184,0.053691275167785234,0.9805825242718447,0.9894736842105263,0.7430117222723174,74.30117222723175,0.9713047939820754
vit,ensemble5,internal_val,0.009000000000000001,808,3,15,283,0.9963008631319359,0.9496644295302014,0.0036991368680641184,0.050335570469798654,0.9817739975698664,0.9895104895104895,0.7421100090171325,74.21100090171325,0.9729826463310687
vit,ensemble5,internal_val,0.01,808,3,15,283,0.9963008631319359,0.9496644295302014,0.0036991368680641184,0.050335570469798654,0.9817739975698664,0.9895104895104895,0.7421100090171325,74.21100090171325,0.9729826463310687
vit,ensemble5,internal_val,0.011,808,3,13,285,0.9963008631319359,0.9563758389261745,0.0036991368680641184,0.0436241610738255,0.9841656516443362,0.9895833333333334,0.7403065825067628,74.03065825067628,0.9763383510290552
vit,ensemble5,internal_val,0.012,808,3,10,288,0.9963008631319359,0.9664429530201343,0.0036991368680641184,0.03355704697986577,0.9877750611246944,0.9896907216494846,0.7376014427412083,73.76014427412083,0.981371908076035
vit,ensemble5,internal_val,0.013000000000000001,808,3,9,289,0.9963008631319359,0.9697986577181208,0.0036991368680641184,0.030201342281879196,0.988984088127295,0.9897260273972602,0.7366997294860235,73.66997294860235,0.9830497604250283
vit,ensemble5,internal_val,0.014,808,3,8,290,0.9963008631319359,0.9731543624161074,0.0036991368680641184,0.026845637583892617,0.9901960784313726,0.9897610921501706,0.7357980162308386,73.57980162308385,0.9847276127740217
vit,ensemble5,internal_val,0.015,808,3,8,290,0.9963008631319359,0.9731543624161074,0.0036991368680641184,0.026845637583892617,0.9901960784313726,0.9897610921501706,0.7357980162308386,73.57980162308385,0.9847276127740217
vit,ensemble5,internal_val,0.016,808,3,7,291,0.9963008631319359,0.9765100671140939,0.0036991368680641184,0.02348993288590604,0.9914110429447853,0.9897959183673469,0.7348963029756538,73.48963029756537,0.986405465123015
vit,ensemble5,internal_val,0.017,808,3,7,291,0.9963008631319359,0.9765100671140939,0.0036991368680641184,0.02348993288590604,0.9914110429447853,0.9897959183673469,0.7348963029756538,73.48963029756537,0.986405465123015
vit,ensemble5,internal_val,0.018000000000000002,808,3,7,291,0.9963008631319359,0.9765100671140939,0.0036991368680641184,0.02348993288590604,0.9914110429447853,0.9897959183673469,0.7348963029756538,73.48963029756537,0.986405465123015
vit,ensemble5,internal_val,0.019,808,3,7,291,0.9963008631319359,0.9765100671140939,0.0036991368680641184,0.02348993288590604,0.9914110429447853,0.9897959183673469,0.7348963029756538,73.48963029756537,0.986405465123015
vit,ensemble5,internal_val,0.02,808,3,7,291,0.9963008631319359,0.9765100671140939,0.0036991368680641184,0.02348993288590604,0.9914110429447853,0.9897959183673469,0.7348963029756538,73.48963029756537,0.986405465123015
vit,ensemble5,internal_val,0.021,808,3,7,291,0.9963008631319359,0.9765100671140939,0.0036991368680641184,0.02348993288590604,0.9914110429447853,0.9897959183673469,0.7348963029756538,73.48963029756537,0.986405465123015
vit,ensemble5,internal_val,0.022,808,3,6,292,0.9963008631319359,0.9798657718120806,0.0036991368680641184,0.020134228187919462,0.9926289926289926,0.9898305084745763,0.7339945897204689,73.39945897204689,0.9880833174720083
vit,ensemble5,internal_val,0.023,808,3,6,292,0.9963008631319359,0.9798657718120806,0.0036991368680641184,0.020134228187919462,0.9926289926289926,0.9898305084745763,0.7339945897204689,73.39945897204689,0.9880833174720083
vit,ensemble5,internal_val,0.024,808,3,6,292,0.9963008631319359,0.9798657718120806,0.0036991368680641184,0.020134228187919462,0.9926289926289926,0.9898305084745763,0.7339945897204689,73.39945897204689,0.9880833174720083
vit,ensemble5,internal_val,0.025,808,3,5,293,0.9963008631319359,0.9832214765100671,0.0036991368680641184,0.016778523489932886,0.993849938499385,0.9898648648648649,0.7330928764652841,73.3092876465284,0.9897611698210015
vit,ensemble5,internal_val,0.026000000000000002,808,3,5,293,0.9963008631319359,0.9832214765100671,0.0036991368680641184,0.016778523489932886,0.993849938499385,0.9898648648648649,0.7330928764652841,73.3092876465284,0.9897611698210015
vit,ensemble5,internal_val,0.027,808,3,5,293,0.9963008631319359,0.9832214765100671,0.0036991368680641184,0.016778523489932886,0.993849938499385,0.9898648648648649,0.7330928764652841,73.3092876465284,0.9897611698210015
vit,ensemble5,internal_val,0.028,808,3,5,293,0.9963008631319359,0.9832214765100671,0.0036991368680641184,0.016778523489932886,0.993849938499385,0.9898648648648649,0.7330928764652841,73.3092876465284,0.9897611698210015
vit,ensemble5,internal_val,0.029,808,3,5,293,0.9963008631319359,0.9832214765100671,0.0036991368680641184,0.016778523489932886,0.993849938499385,0.9898648648648649,0.7330928764652841,73.3092876465284,0.9897611698210015
vit,ensemble5,internal_val,0.03,808,3,5,293,0.9963008631319359,0.9832214765100671,0.0036991368680641184,0.016778523489932886,0.993849938499385,0.9898648648648649,0.7330928764652841,73.3092876465284,0.9897611698210015
vit,ensemble5,internal_val,0.031,808,3,5,293,0.9963008631319359,0.9832214765100671,0.0036991368680641184,0.016778523489932886,0.993849938499385,0.9898648648648649,0.7330928764652841,73.3092876465284,0.9897611698210015
vit,ensemble5,internal_val,0.032,808,3,5,293,0.9963008631319359,0.9832214765100671,0.0036991368680641184,0.016778523489932886,0.993849938499385,0.9898648648648649,0.7330928764652841,73.3092876465284,0.9897611698210015
vit,ensemble5,internal_val,0.033,808,3,5,293,0.9963008631319359,0.9832214765100671,0.0036991368680641184,0.016778523489932886,0.993849938499385,0.9898648648648649,0.7330928764652841,73.3092876465284,0.9897611698210015
vit,ensemble5,internal_val,0.034,808,3,5,293,0.9963008631319359,0.9832214765100671,0.0036991368680641184,0.016778523489932886,0.993849938499385,0.9898648648648649,0.7330928764652841,73.3092876465284,0.9897611698210015
vit,ensemble5,internal_val,0.035,808,3,5,293,0.9963008631319359,0.9832214765100671,0.0036991368680641184,0.016778523489932886,0.993849938499385,0.9898648648648649,0.7330928764652841,73.3092876465284,0.9897611698210015
vit,ensemble5,internal_val,0.036000000000000004,808,3,5,293,0.9963008631319359,0.9832214765100671,0.0036991368680641184,0.016778523489932886,0.993849938499385,0.9898648648648649,0.7330928764652841,73.3092876465284,0.9897611698210015
vit,ensemble5,internal_val,0.037,808,3,5,293,0.9963008631319359,0.9832214765100671,0.0036991368680641184,0.016778523489932886,0.993849938499385,0.9898648648648649,0.7330928764652841,73.3092876465284,0.9897611698210015
vit,ensemble5,internal_val,0.038,808,3,5,293,0.9963008631319359,0.9832214765100671,0.0036991368680641184,0.016778523489932886,0.993849938499385,0.9898648648648649,0.7330928764652841,73.3092876465284,0.9897611698210015
vit,ensemble5,internal_val,0.039,808,3,5,293,0.9963008631319359,0.9832214765100671,0.0036991368680641184,0.016778523489932886,0.993849938499385,0.9898648648648649,0.7330928764652841,73.3092876465284,0.9897611698210015
vit,ensemble5,internal_val,0.04,808,3,5,293,0.9963008631319359,0.9832214765100671,0.0036991368680641184,0.016778523489932886,0.993849938499385,0.9898648648648649,0.7330928764652841,73.3092876465284,0.9897611698210015
vit,ensemble5,internal_val,0.041,808,3,5,293,0.9963008631319359,0.9832214765100671,0.0036991368680641184,0.016778523489932886,0.993849938499385,0.9898648648648649,0.7330928764652841,73.3092876465284,0.9897611698210015
vit,ensemble5,internal_val,0.042,808,3,5,293,0.9963008631319359,0.9832214765100671,0.0036991368680641184,0.016778523489932886,0.993849938499385,0.9898648648648649,0.7330928764652841,73.3092876465284,0.9897611698210015
vit,ensemble5,internal_val,0.043000000000000003,808,3,5,293,0.9963008631319359,0.9832214765100671,0.0036991368680641184,0.016778523489932886,0.993849938499385,0.9898648648648649,0.7330928764652841,73.3092876465284,0.9897611698210015
vit,ensemble5,internal_val,0.044,808,3,5,293,0.9963008631319359,0.9832214765100671,0.0036991368680641184,0.016778523489932886,0.993849938499385,0.9898648648648649,0.7330928764652841,73.3092876465284,0.9897611698210015
vit,ensemble5,internal_val,0.045,808,3,5,293,0.9963008631319359,0.9832214765100671,0.0036991368680641184,0.016778523489932886,0.993849938499385,0.9898648648648649,0.7330928764652841,73.3092876465284,0.9897611698210015
vit,ensemble5,internal_val,0.046,808,3,5,293,0.9963008631319359,0.9832214765100671,0.0036991368680641184,0.016778523489932886,0.993849938499385,0.9898648648648649,0.7330928764652841,73.3092876465284,0.9897611698210015
vit,ensemble5,internal_val,0.047,808,3,5,293,0.9963008631319359,0.9832214765100671,0.0036991368680641184,0.016778523489932886,0.993849938499385,0.9898648648648649,0.7330928764652841,73.3092876465284,0.9897611698210015
vit,ensemble5,internal_val,0.048,808,3,5,293,0.9963008631319359,0.9832214765100671,0.0036991368680641184,0.016778523489932886,0.993849938499385,0.9898648648648649,0.7330928764652841,73.3092876465284,0.9897611698210015
vit,ensemble5,internal_val,0.049,808,3,5,293,0.9963008631319359,0.9832214765100671,0.0036991368680641184,0.016778523489932886,0.993849938499385,0.9898648648648649,0.7330928764652841,73.3092876465284,0.9897611698210015
vit,ensemble5,internal_val,0.05,808,3,5,293,0.9963008631319359,0.9832214765100671,0.0036991368680641184,0.016778523489932886,0.993849938499385,0.9898648648648649,0.7330928764652841,73.3092876465284,0.9897611698210015
vit,ensemble5,internal_val,0.051000000000000004,808,3,5,293,0.9963008631319359,0.9832214765100671,0.0036991368680641184,0.016778523489932886,0.993849938499385,0.9898648648648649,0.7330928764652841,73.3092876465284,0.9897611698210015
vit,ensemble5,internal_val,0.052000000000000005,808,3,5,293,0.9963008631319359,0.9832214765100671,0.0036991368680641184,0.016778523489932886,0.993849938499385,0.9898648648648649,0.7330928764652841,73.3092876465284,0.9897611698210015
vit,ensemble5,internal_val,0.053,808,3,5,293,0.9963008631319359,0.9832214765100671,0.0036991368680641184,0.016778523489932886,0.993849938499385,0.9898648648648649,0.7330928764652841,73.3092876465284,0.9897611698210015
vit,ensemble5,internal_val,0.054,808,3,5,293,0.9963008631319359,0.9832214765100671,0.0036991368680641184,0.016778523489932886,0.993849938499385,0.9898648648648649,0.7330928764652841,73.3092876465284,0.9897611698210015
vit,ensemble5,internal_val,0.055,808,3,5,293,0.9963008631319359,0.9832214765100671,0.0036991368680641184,0.016778523489932886,0.993849938499385,0.9898648648648649,0.7330928764652841,73.3092876465284,0.9897611698210015
vit,ensemble5,internal_val,0.056,808,3,5,293,0.9963008631319359,0.9832214765100671,0.0036991368680641184,0.016778523489932886,0.993849938499385,0.9898648648648649,0.7330928764652841,73.3092876465284,0.9897611698210015
vit,ensemble5,internal_val,0.057,808,3,5,293,0.9963008631319359,0.9832214765100671,0.0036991368680641184,0.016778523489932886,0.993849938499385,0.9898648648648649,0.7330928764652841,73.3092876465284,0.9897611698210015
vit,ensemble5,internal_val,0.058,808,3,5,293,0.9963008631319359,0.9832214765100671,0.0036991368680641184,0.016778523489932886,0.993849938499385,0.9898648648648649,0.7330928764652841,73.3092876465284,0.9897611698210015
vit,ensemble5,internal_val,0.059000000000000004,808,3,5,293,0.9963008631319359,0.9832214765100671,0.0036991368680641184,0.016778523489932886,0.993849938499385,0.9898648648648649,0.7330928764652841,73.3092876465284,0.9897611698210015
vit,ensemble5,internal_val,0.06,808,3,5,293,0.9963008631319359,0.9832214765100671,0.0036991368680641184,0.016778523489932886,0.993849938499385,0.9898648648648649,0.7330928764652841,73.3092876465284,0.9897611698210015
vit,ensemble5,internal_val,0.061,808,3,5,293,0.9963008631319359,0.9832214765100671,0.0036991368680641184,0.016778523489932886,0.993849938499385,0.9898648648648649,0.7330928764652841,73.3092876465284,0.9897611698210015
vit,ensemble5,internal_val,0.062,808,3,5,293,0.9963008631319359,0.9832214765100671,0.0036991368680641184,0.016778523489932886,0.993849938499385,0.9898648648648649,0.7330928764652841,73.3092876465284,0.9897611698210015
vit,ensemble5,internal_val,0.063,808,3,5,293,0.9963008631319359,0.9832214765100671,0.0036991368680641184,0.016778523489932886,0.993849938499385,0.9898648648648649,0.7330928764652841,73.3092876465284,0.9897611698210015
vit,ensemble5,internal_val,0.064,808,3,5,293,0.9963008631319359,0.9832214765100671,0.0036991368680641184,0.016778523489932886,0.993849938499385,0.9898648648648649,0.7330928764652841,73.3092876465284,0.9897611698210015
vit,ensemble5,internal_val,0.065,808,3,5,293,0.9963008631319359,0.9832214765100671,0.0036991368680641184,0.016778523489932886,0.993849938499385,0.9898648648648649,0.7330928764652841,73.3092876465284,0.9897611698210015
vit,ensemble5,internal_val,0.066,808,3,5,293,0.9963008631319359,0.9832214765100671,0.0036991368680641184,0.016778523489932886,0.993849938499385,0.9898648648648649,0.7330928764652841,73.3092876465284,0.9897611698210015
vit,ensemble5,internal_val,0.067,808,3,5,293,0.9963008631319359,0.9832214765100671,0.0036991368680641184,0.016778523489932886,0.993849938499385,0.9898648648648649,0.7330928764652841,73.3092876465284,0.9897611698210015
vit,ensemble5,internal_val,0.068,808,3,5,293,0.9963008631319359,0.9832214765100671,0.0036991368680641184,0.016778523489932886,0.993849938499385,0.9898648648648649,0.7330928764652841,73.3092876465284,0.9897611698210015
vit,ensemble5,internal_val,0.069,808,3,5,293,0.9963008631319359,0.9832214765100671,0.0036991368680641184,0.016778523489932886,0.993849938499385,0.9898648648648649,0.7330928764652841,73.3092876465284,0.9897611698210015
vit,ensemble5,internal_val,0.07,808,3,5,293,0.9963008631319359,0.9832214765100671,0.0036991368680641184,0.016778523489932886,0.993849938499385,0.9898648648648649,0.7330928764652841,73.3092876465284,0.9897611698210015
vit,ensemble5,internal_val,0.07100000000000001,808,3,5,293,0.9963008631319359,0.9832214765100671,0.0036991368680641184,0.016778523489932886,0.993849938499385,0.9898648648648649,0.7330928764652841,73.3092876465284,0.9897611698210015
vit,ensemble5,internal_val,0.07200000000000001,808,3,5,293,0.9963008631319359,0.9832214765100671,0.0036991368680641184,0.016778523489932886,0.993849938499385,0.9898648648648649,0.7330928764652841,73.3092876465284,0.9897611698210015
vit,ensemble5,internal_val,0.073,808,3,5,293,0.9963008631319359,0.9832214765100671,0.0036991368680641184,0.016778523489932886,0.993849938499385,0.9898648648648649,0.7330928764652841,73.3092876465284,0.9897611698210015
vit,ensemble5,internal_val,0.074,808,3,5,293,0.9963008631319359,0.9832214765100671,0.0036991368680641184,0.016778523489932886,0.993849938499385,0.9898648648648649,0.7330928764652841,73.3092876465284,0.9897611698210015
vit,ensemble5,internal_val,0.075,808,3,5,293,0.9963008631319359,0.9832214765100671,0.0036991368680641184,0.016778523489932886,0.993849938499385,0.9898648648648649,0.7330928764652841,73.3092876465284,0.9897611698210015
vit,ensemble5,internal_val,0.076,808,3,5,293,0.9963008631319359,0.9832214765100671,0.0036991368680641184,0.016778523489932886,0.993849938499385,0.9898648648648649,0.7330928764652841,73.3092876465284,0.9897611698210015
vit,ensemble5,internal_val,0.077,808,3,5,293,0.9963008631319359,0.9832214765100671,0.0036991368680641184,0.016778523489932886,0.993849938499385,0.9898648648648649,0.7330928764652841,73.3092876465284,0.9897611698210015
vit,ensemble5,internal_val,0.078,808,3,5,293,0.9963008631319359,0.9832214765100671,0.0036991368680641184,0.016778523489932886,0.993849938499385,0.9898648648648649,0.7330928764652841,73.3092876465284,0.9897611698210015
vit,ensemble5,internal_val,0.079,808,3,5,293,0.9963008631319359,0.9832214765100671,0.0036991368680641184,0.016778523489932886,0.993849938499385,0.9898648648648649,0.7330928764652841,73.3092876465284,0.9897611698210015
vit,ensemble5,internal_val,0.08,808,3,5,293,0.9963008631319359,0.9832214765100671,0.0036991368680641184,0.016778523489932886,0.993849938499385,0.9898648648648649,0.7330928764652841,73.3092876465284,0.9897611698210015
vit,ensemble5,internal_val,0.081,808,3,5,293,0.9963008631319359,0.9832214765100671,0.0036991368680641184,0.016778523489932886,0.993849938499385,0.9898648648648649,0.7330928764652841,73.3092876465284,0.9897611698210015
vit,ensemble5,internal_val,0.082,808,3,5,293,0.9963008631319359,0.9832214765100671,0.0036991368680641184,0.016778523489932886,0.993849938499385,0.9898648648648649,0.7330928764652841,73.3092876465284,0.9897611698210015
vit,ensemble5,internal_val,0.083,808,3,5,293,0.9963008631319359,0.9832214765100671,0.0036991368680641184,0.016778523489932886,0.993849938499385,0.9898648648648649,0.7330928764652841,73.3092876465284,0.9897611698210015
vit,ensemble5,internal_val,0.084,808,3,5,293,0.9963008631319359,0.9832214765100671,0.0036991368680641184,0.016778523489932886,0.993849938499385,0.9898648648648649,0.7330928764652841,73.3092876465284,0.9897611698210015
vit,ensemble5,internal_val,0.085,808,3,5,293,0.9963008631319359,0.9832214765100671,0.0036991368680641184,0.016778523489932886,0.993849938499385,0.9898648648648649,0.7330928764652841,73.3092876465284,0.9897611698210015
vit,ensemble5,internal_val,0.08600000000000001,808,3,5,293,0.9963008631319359,0.9832214765100671,0.0036991368680641184,0.016778523489932886,0.993849938499385,0.9898648648648649,0.7330928764652841,73.3092876465284,0.9897611698210015
vit,ensemble5,internal_val,0.08700000000000001,808,3,5,293,0.9963008631319359,0.9832214765100671,0.0036991368680641184,0.016778523489932886,0.993849938499385,0.9898648648648649,0.7330928764652841,73.3092876465284,0.9897611698210015
vit,ensemble5,internal_val,0.088,808,3,5,293,0.9963008631319359,0.9832214765100671,0.0036991368680641184,0.016778523489932886,0.993849938499385,0.9898648648648649,0.7330928764652841,73.3092876465284,0.9897611698210015
vit,ensemble5,internal_val,0.089,808,3,5,293,0.9963008631319359,0.9832214765100671,0.0036991368680641184,0.016778523489932886,0.993849938499385,0.9898648648648649,0.7330928764652841,73.3092876465284,0.9897611698210015
vit,ensemble5,internal_val,0.09,808,3,5,293,0.9963008631319359,0.9832214765100671,0.0036991368680641184,0.016778523489932886,0.993849938499385,0.9898648648648649,0.7330928764652841,73.3092876465284,0.9897611698210015
vit,ensemble5,internal_val,0.091,808,3,5,293,0.9963008631319359,0.9832214765100671,0.0036991368680641184,0.016778523489932886,0.993849938499385,0.9898648648648649,0.7330928764652841,73.3092876465284,0.9897611698210015
vit,ensemble5,internal_val,0.092,808,3,5,293,0.9963008631319359,0.9832214765100671,0.0036991368680641184,0.016778523489932886,0.993849938499385,0.9898648648648649,0.7330928764652841,73.3092876465284,0.9897611698210015
vit,ensemble5,internal_val,0.093,808,3,5,293,0.9963008631319359,0.9832214765100671,0.0036991368680641184,0.016778523489932886,0.993849938499385,0.9898648648648649,0.7330928764652841,73.3092876465284,0.9897611698210015
vit,ensemble5,internal_val,0.094,808,3,5,293,0.9963008631319359,0.9832214765100671,0.0036991368680641184,0.016778523489932886,0.993849938499385,0.9898648648648649,0.7330928764652841,73.3092876465284,0.9897611698210015
vit,ensemble5,internal_val,0.095,808,3,5,293,0.9963008631319359,0.9832214765100671,0.0036991368680641184,0.016778523489932886,0.993849938499385,0.9898648648648649,0.7330928764652841,73.3092876465284,0.9897611698210015
vit,ensemble5,internal_val,0.096,808,3,5,293,0.9963008631319359,0.9832214765100671,0.0036991368680641184,0.016778523489932886,0.993849938499385,0.9898648648648649,0.7330928764652841,73.3092876465284,0.9897611698210015
vit,ensemble5,internal_val,0.097,808,3,5,293,0.9963008631319359,0.9832214765100671,0.0036991368680641184,0.016778523489932886,0.993849938499385,0.9898648648648649,0.7330928764652841,73.3092876465284,0.9897611698210015
vit,ensemble5,internal_val,0.098,808,3,5,293,0.9963008631319359,0.9832214765100671,0.0036991368680641184,0.016778523489932886,0.993849938499385,0.9898648648648649,0.7330928764652841,73.3092876465284,0.9897611698210015
vit,ensemble5,internal_val,0.099,808,3,5,293,0.9963008631319359,0.9832214765100671,0.0036991368680641184,0.016778523489932886,0.993849938499385,0.9898648648648649,0.7330928764652841,73.3092876465284,0.9897611698210015
vit,ensemble5,internal_val,0.1,808,3,5,293,0.9963008631319359,0.9832214765100671,0.0036991368680641184,0.016778523489932886,0.993849938499385,0.9898648648648649,0.7330928764652841,73.3092876465284,0.9897611698210015
vit,ensemble5,internal_val,0.101,808,3,5,293,0.9963008631319359,0.9832214765100671,0.0036991368680641184,0.016778523489932886,0.993849938499385,0.9898648648648649,0.7330928764652841,73.3092876465284,0.9897611698210015
vit,ensemble5,internal_val,0.10200000000000001,808,3,5,293,0.9963008631319359,0.9832214765100671,0.0036991368680641184,0.016778523489932886,0.993849938499385,0.9898648648648649,0.7330928764652841,73.3092876465284,0.9897611698210015
vit,ensemble5,internal_val,0.10300000000000001,808,3,5,293,0.9963008631319359,0.9832214765100671,0.0036991368680641184,0.016778523489932886,0.993849938499385,0.9898648648648649,0.7330928764652841,73.3092876465284,0.9897611698210015
vit,ensemble5,internal_val,0.10400000000000001,808,3,5,293,0.9963008631319359,0.9832214765100671,0.0036991368680641184,0.016778523489932886,0.993849938499385,0.9898648648648649,0.7330928764652841,73.3092876465284,0.9897611698210015
vit,ensemble5,internal_val,0.105,808,3,5,293,0.9963008631319359,0.9832214765100671,0.0036991368680641184,0.016778523489932886,0.993849938499385,0.9898648648648649,0.7330928764652841,73.3092876465284,0.9897611698210015
vit,ensemble5,internal_val,0.106,808,3,5,293,0.9963008631319359,0.9832214765100671,0.0036991368680641184,0.016778523489932886,0.993849938499385,0.9898648648648649,0.7330928764652841,73.3092876465284,0.9897611698210015
vit,ensemble5,internal_val,0.107,808,3,5,293,0.9963008631319359,0.9832214765100671,0.0036991368680641184,0.016778523489932886,0.993849938499385,0.9898648648648649,0.7330928764652841,73.3092876465284,0.9897611698210015
vit,ensemble5,internal_val,0.108,808,3,5,293,0.9963008631319359,0.9832214765100671,0.0036991368680641184,0.016778523489932886,0.993849938499385,0.9898648648648649,0.7330928764652841,73.3092876465284,0.9897611698210015
vit,ensemble5,internal_val,0.109,808,3,5,293,0.9963008631319359,0.9832214765100671,0.0036991368680641184,0.016778523489932886,0.993849938499385,0.9898648648648649,0.7330928764652841,73.3092876465284,0.9897611698210015
vit,ensemble5,internal_val,0.11,808,3,5,293,0.9963008631319359,0.9832214765100671,0.0036991368680641184,0.016778523489932886,0.993849938499385,0.9898648648648649,0.7330928764652841,73.3092876465284,0.9897611698210015
vit,ensemble5,internal_val,0.111,808,3,5,293,0.9963008631319359,0.9832214765100671,0.0036991368680641184,0.016778523489932886,0.993849938499385,0.9898648648648649,0.7330928764652841,73.3092876465284,0.9897611698210015
vit,ensemble5,internal_val,0.112,808,3,5,293,0.9963008631319359,0.9832214765100671,0.0036991368680641184,0.016778523489932886,0.993849938499385,0.9898648648648649,0.7330928764652841,73.3092876465284,0.9897611698210015
vit,ensemble5,internal_val,0.113,808,3,5,293,0.9963008631319359,0.9832214765100671,0.0036991368680641184,0.016778523489932886,0.993849938499385,0.9898648648648649,0.7330928764652841,73.3092876465284,0.9897611698210015
vit,ensemble5,internal_val,0.114,808,3,5,293,0.9963008631319359,0.9832214765100671,0.0036991368680641184,0.016778523489932886,0.993849938499385,0.9898648648648649,0.7330928764652841,73.3092876465284,0.9897611698210015
vit,ensemble5,internal_val,0.115,808,3,5,293,0.9963008631319359,0.9832214765100671,0.0036991368680641184,0.016778523489932886,0.993849938499385,0.9898648648648649,0.7330928764652841,73.3092876465284,0.9897611698210015
vit,ensemble5,internal_val,0.116,808,3,5,293,0.9963008631319359,0.9832214765100671,0.0036991368680641184,0.016778523489932886,0.993849938499385,0.9898648648648649,0.7330928764652841,73.3092876465284,0.9897611698210015
vit,ensemble5,internal_val,0.117,808,3,5,293,0.9963008631319359,0.9832214765100671,0.0036991368680641184,0.016778523489932886,0.993849938499385,0.9898648648648649,0.7330928764652841,73.3092876465284,0.9897611698210015
vit,ensemble5,internal_val,0.11800000000000001,808,3,5,293,0.9963008631319359,0.9832214765100671,0.0036991368680641184,0.016778523489932886,0.993849938499385,0.9898648648648649,0.7330928764652841,73.3092876465284,0.9897611698210015
vit,ensemble5,internal_val,0.11900000000000001,808,3,5,293,0.9963008631319359,0.9832214765100671,0.0036991368680641184,0.016778523489932886,0.993849938499385,0.9898648648648649,0.7330928764652841,73.3092876465284,0.9897611698210015
vit,ensemble5,internal_val,0.12,808,3,5,293,0.9963008631319359,0.9832214765100671,0.0036991368680641184,0.016778523489932886,0.993849938499385,0.9898648648648649,0.7330928764652841,73.3092876465284,0.9897611698210015
vit,ensemble5,internal_val,0.121,808,3,5,293,0.9963008631319359,0.9832214765100671,0.0036991368680641184,0.016778523489932886,0.993849938499385,0.9898648648648649,0.7330928764652841,73.3092876465284,0.9897611698210015
vit,ensemble5,internal_val,0.122,808,3,5,293,0.9963008631319359,0.9832214765100671,0.0036991368680641184,0.016778523489932886,0.993849938499385,0.9898648648648649,0.7330928764652841,73.3092876465284,0.9897611698210015
vit,ensemble5,internal_val,0.123,808,3,5,293,0.9963008631319359,0.9832214765100671,0.0036991368680641184,0.016778523489932886,0.993849938499385,0.9898648648648649,0.7330928764652841,73.3092876465284,0.9897611698210015
vit,ensemble5,internal_val,0.124,808,3,5,293,0.9963008631319359,0.9832214765100671,0.0036991368680641184,0.016778523489932886,0.993849938499385,0.9898648648648649,0.7330928764652841,73.3092876465284,0.9897611698210015
vit,ensemble5,internal_val,0.125,808,3,5,293,0.9963008631319359,0.9832214765100671,0.0036991368680641184,0.016778523489932886,0.993849938499385,0.9898648648648649,0.7330928764652841,73.3092876465284,0.9897611698210015
vit,ensemble5,internal_val,0.126,808,3,5,293,0.9963008631319359,0.9832214765100671,0.0036991368680641184,0.016778523489932886,0.993849938499385,0.9898648648648649,0.7330928764652841,73.3092876465284,0.9897611698210015
vit,ensemble5,internal_val,0.127,808,3,5,293,0.9963008631319359,0.9832214765100671,0.0036991368680641184,0.016778523489932886,0.993849938499385,0.9898648648648649,0.7330928764652841,73.3092876465284,0.9897611698210015
vit,ensemble5,internal_val,0.128,808,3,5,293,0.9963008631319359,0.9832214765100671,0.0036991368680641184,0.016778523489932886,0.993849938499385,0.9898648648648649,0.7330928764652841,73.3092876465284,0.9897611698210015
vit,ensemble5,internal_val,0.129,808,3,5,293,0.9963008631319359,0.9832214765100671,0.0036991368680641184,0.016778523489932886,0.993849938499385,0.9898648648648649,0.7330928764652841,73.3092876465284,0.9897611698210015
vit,ensemble5,internal_val,0.13,808,3,5,293,0.9963008631319359,0.9832214765100671,0.0036991368680641184,0.016778523489932886,0.993849938499385,0.9898648648648649,0.7330928764652841,73.3092876465284,0.9897611698210015
vit,ensemble5,internal_val,0.131,808,3,5,293,0.9963008631319359,0.9832214765100671,0.0036991368680641184,0.016778523489932886,0.993849938499385,0.9898648648648649,0.7330928764652841,73.3092876465284,0.9897611698210015
vit,ensemble5,internal_val,0.132,808,3,5,293,0.9963008631319359,0.9832214765100671,0.0036991368680641184,0.016778523489932886,0.993849938499385,0.9898648648648649,0.7330928764652841,73.3092876465284,0.9897611698210015
vit,ensemble5,internal_val,0.133,808,3,5,293,0.9963008631319359,0.9832214765100671,0.0036991368680641184,0.016778523489932886,0.993849938499385,0.9898648648648649,0.7330928764652841,73.3092876465284,0.9897611698210015
vit,ensemble5,internal_val,0.134,808,3,5,293,0.9963008631319359,0.9832214765100671,0.0036991368680641184,0.016778523489932886,0.993849938499385,0.9898648648648649,0.7330928764652841,73.3092876465284,0.9897611698210015
vit,ensemble5,internal_val,0.135,808,3,5,293,0.9963008631319359,0.9832214765100671,0.0036991368680641184,0.016778523489932886,0.993849938499385,0.9898648648648649,0.7330928764652841,73.3092876465284,0.9897611698210015
vit,ensemble5,internal_val,0.136,808,3,5,293,0.9963008631319359,0.9832214765100671,0.0036991368680641184,0.016778523489932886,0.993849938499385,0.9898648648648649,0.7330928764652841,73.3092876465284,0.9897611698210015
vit,ensemble5,internal_val,0.137,808,3,5,293,0.9963008631319359,0.9832214765100671,0.0036991368680641184,0.016778523489932886,0.993849938499385,0.9898648648648649,0.7330928764652841,73.3092876465284,0.9897611698210015
vit,ensemble5,internal_val,0.138,808,3,5,293,0.9963008631319359,0.9832214765100671,0.0036991368680641184,0.016778523489932886,0.993849938499385,0.9898648648648649,0.7330928764652841,73.3092876465284,0.9897611698210015
vit,ensemble5,internal_val,0.139,808,3,5,293,0.9963008631319359,0.9832214765100671,0.0036991368680641184,0.016778523489932886,0.993849938499385,0.9898648648648649,0.7330928764652841,73.3092876465284,0.9897611698210015
vit,ensemble5,internal_val,0.14,808,3,5,293,0.9963008631319359,0.9832214765100671,0.0036991368680641184,0.016778523489932886,0.993849938499385,0.9898648648648649,0.7330928764652841,73.3092876465284,0.9897611698210015
vit,ensemble5,internal_val,0.14100000000000001,808,3,5,293,0.9963008631319359,0.9832214765100671,0.0036991368680641184,0.016778523489932886,0.993849938499385,0.9898648648648649,0.7330928764652841,73.3092876465284,0.9897611698210015
vit,ensemble5,internal_val,0.14200000000000002,808,3,5,293,0.9963008631319359,0.9832214765100671,0.0036991368680641184,0.016778523489932886,0.993849938499385,0.9898648648648649,0.7330928764652841,73.3092876465284,0.9897611698210015
vit,ensemble5,internal_val,0.14300000000000002,808,3,5,293,0.9963008631319359,0.9832214765100671,0.0036991368680641184,0.016778523489932886,0.993849938499385,0.9898648648648649,0.7330928764652841,73.3092876465284,0.9897611698210015
vit,ensemble5,internal_val,0.14400000000000002,808,3,5,293,0.9963008631319359,0.9832214765100671,0.0036991368680641184,0.016778523489932886,0.993849938499385,0.9898648648648649,0.7330928764652841,73.3092876465284,0.9897611698210015
vit,ensemble5,internal_val,0.145,808,3,5,293,0.9963008631319359,0.9832214765100671,0.0036991368680641184,0.016778523489932886,0.993849938499385,0.9898648648648649,0.7330928764652841,73.3092876465284,0.9897611698210015
vit,ensemble5,internal_val,0.146,808,3,5,293,0.9963008631319359,0.9832214765100671,0.0036991368680641184,0.016778523489932886,0.993849938499385,0.9898648648648649,0.7330928764652841,73.3092876465284,0.9897611698210015
vit,ensemble5,internal_val,0.147,808,3,5,293,0.9963008631319359,0.9832214765100671,0.0036991368680641184,0.016778523489932886,0.993849938499385,0.9898648648648649,0.7330928764652841,73.3092876465284,0.9897611698210015
vit,ensemble5,internal_val,0.148,808,3,5,293,0.9963008631319359,0.9832214765100671,0.0036991368680641184,0.016778523489932886,0.993849938499385,0.9898648648648649,0.7330928764652841,73.3092876465284,0.9897611698210015
vit,ensemble5,internal_val,0.149,808,3,4,294,0.9963008631319359,0.9865771812080537,0.0036991368680641184,0.013422818791946308,0.9950738916256158,0.98989898989899,0.7321911632100991,73.21911632100992,0.9914390221699948
vit,ensemble5,internal_val,0.15,808,3,4,294,0.9963008631319359,0.9865771812080537,0.0036991368680641184,0.013422818791946308,0.9950738916256158,0.98989898989899,0.7321911632100991,73.21911632100992,0.9914390221699948
vit,ensemble5,internal_val,0.151,808,3,4,294,0.9963008631319359,0.9865771812080537,0.0036991368680641184,0.013422818791946308,0.9950738916256158,0.98989898989899,0.7321911632100991,73.21911632100992,0.9914390221699948
vit,ensemble5,internal_val,0.152,808,3,3,295,0.9963008631319359,0.9899328859060402,0.0036991368680641184,0.010067114093959731,0.9963008631319359,0.9899328859060402,0.7312894499549143,73.12894499549144,0.993116874518988
vit,ensemble5,internal_val,0.153,808,3,3,295,0.9963008631319359,0.9899328859060402,0.0036991368680641184,0.010067114093959731,0.9963008631319359,0.9899328859060402,0.7312894499549143,73.12894499549144,0.993116874518988
vit,ensemble5,internal_val,0.154,808,3,3,295,0.9963008631319359,0.9899328859060402,0.0036991368680641184,0.010067114093959731,0.9963008631319359,0.9899328859060402,0.7312894499549143,73.12894499549144,0.993116874518988
vit,ensemble5,internal_val,0.155,808,3,3,295,0.9963008631319359,0.9899328859060402,0.0036991368680641184,0.010067114093959731,0.9963008631319359,0.9899328859060402,0.7312894499549143,73.12894499549144,0.993116874518988
vit,ensemble5,internal_val,0.156,808,3,3,295,0.9963008631319359,0.9899328859060402,0.0036991368680641184,0.010067114093959731,0.9963008631319359,0.9899328859060402,0.7312894499549143,73.12894499549144,0.993116874518988
vit,ensemble5,internal_val,0.157,808,3,3,295,0.9963008631319359,0.9899328859060402,0.0036991368680641184,0.010067114093959731,0.9963008631319359,0.9899328859060402,0.7312894499549143,73.12894499549144,0.993116874518988
vit,ensemble5,internal_val,0.158,808,3,3,295,0.9963008631319359,0.9899328859060402,0.0036991368680641184,0.010067114093959731,0.9963008631319359,0.9899328859060402,0.7312894499549143,73.12894499549144,0.993116874518988
vit,ensemble5,internal_val,0.159,808,3,3,295,0.9963008631319359,0.9899328859060402,0.0036991368680641184,0.010067114093959731,0.9963008631319359,0.9899328859060402,0.7312894499549143,73.12894499549144,0.993116874518988
vit,ensemble5,internal_val,0.16,808,3,3,295,0.9963008631319359,0.9899328859060402,0.0036991368680641184,0.010067114093959731,0.9963008631319359,0.9899328859060402,0.7312894499549143,73.12894499549144,0.993116874518988
vit,ensemble5,internal_val,0.161,808,3,3,295,0.9963008631319359,0.9899328859060402,0.0036991368680641184,0.010067114093959731,0.9963008631319359,0.9899328859060402,0.7312894499549143,73.12894499549144,0.993116874518988
vit,ensemble5,internal_val,0.162,808,3,3,295,0.9963008631319359,0.9899328859060402,0.0036991368680641184,0.010067114093959731,0.9963008631319359,0.9899328859060402,0.7312894499549143,73.12894499549144,0.993116874518988
vit,ensemble5,internal_val,0.163,808,3,3,295,0.9963008631319359,0.9899328859060402,0.0036991368680641184,0.010067114093959731,0.9963008631319359,0.9899328859060402,0.7312894499549143,73.12894499549144,0.993116874518988
vit,ensemble5,internal_val,0.164,808,3,3,295,0.9963008631319359,0.9899328859060402,0.0036991368680641184,0.010067114093959731,0.9963008631319359,0.9899328859060402,0.7312894499549143,73.12894499549144,0.993116874518988
vit,ensemble5,internal_val,0.165,808,3,3,295,0.9963008631319359,0.9899328859060402,0.0036991368680641184,0.010067114093959731,0.9963008631319359,0.9899328859060402,0.7312894499549143,73.12894499549144,0.993116874518988
vit,ensemble5,internal_val,0.166,808,3,3,295,0.9963008631319359,0.9899328859060402,0.0036991368680641184,0.010067114093959731,0.9963008631319359,0.9899328859060402,0.7312894499549143,73.12894499549144,0.993116874518988
vit,ensemble5,internal_val,0.167,808,3,3,295,0.9963008631319359,0.9899328859060402,0.0036991368680641184,0.010067114093959731,0.9963008631319359,0.9899328859060402,0.7312894499549143,73.12894499549144,0.993116874518988
vit,ensemble5,internal_val,0.168,808,3,3,295,0.9963008631319359,0.9899328859060402,0.0036991368680641184,0.010067114093959731,0.9963008631319359,0.9899328859060402,0.7312894499549143,73.12894499549144,0.993116874518988
vit,ensemble5,internal_val,0.169,808,3,3,295,0.9963008631319359,0.9899328859060402,0.0036991368680641184,0.010067114093959731,0.9963008631319359,0.9899328859060402,0.7312894499549143,73.12894499549144,0.993116874518988
vit,ensemble5,internal_val,0.17,808,3,3,295,0.9963008631319359,0.9899328859060402,0.0036991368680641184,0.010067114093959731,0.9963008631319359,0.9899328859060402,0.7312894499549143,73.12894499549144,0.993116874518988
vit,ensemble5,internal_val,0.171,808,3,3,295,0.9963008631319359,0.9899328859060402,0.0036991368680641184,0.010067114093959731,0.9963008631319359,0.9899328859060402,0.7312894499549143,73.12894499549144,0.993116874518988
vit,ensemble5,internal_val,0.17200000000000001,808,3,3,295,0.9963008631319359,0.9899328859060402,0.0036991368680641184,0.010067114093959731,0.9963008631319359,0.9899328859060402,0.7312894499549143,73.12894499549144,0.993116874518988
vit,ensemble5,internal_val,0.17300000000000001,808,3,3,295,0.9963008631319359,0.9899328859060402,0.0036991368680641184,0.010067114093959731,0.9963008631319359,0.9899328859060402,0.7312894499549143,73.12894499549144,0.993116874518988
vit,ensemble5,internal_val,0.17400000000000002,808,3,3,295,0.9963008631319359,0.9899328859060402,0.0036991368680641184,0.010067114093959731,0.9963008631319359,0.9899328859060402,0.7312894499549143,73.12894499549144,0.993116874518988
vit,ensemble5,internal_val,0.17500000000000002,808,3,3,295,0.9963008631319359,0.9899328859060402,0.0036991368680641184,0.010067114093959731,0.9963008631319359,0.9899328859060402,0.7312894499549143,73.12894499549144,0.993116874518988
vit,ensemble5,internal_val,0.176,808,3,3,295,0.9963008631319359,0.9899328859060402,0.0036991368680641184,0.010067114093959731,0.9963008631319359,0.9899328859060402,0.7312894499549143,73.12894499549144,0.993116874518988
vit,ensemble5,internal_val,0.177,808,3,3,295,0.9963008631319359,0.9899328859060402,0.0036991368680641184,0.010067114093959731,0.9963008631319359,0.9899328859060402,0.7312894499549143,73.12894499549144,0.993116874518988
vit,ensemble5,internal_val,0.178,808,3,3,295,0.9963008631319359,0.9899328859060402,0.0036991368680641184,0.010067114093959731,0.9963008631319359,0.9899328859060402,0.7312894499549143,73.12894499549144,0.993116874518988
vit,ensemble5,internal_val,0.179,808,3,3,295,0.9963008631319359,0.9899328859060402,0.0036991368680641184,0.010067114093959731,0.9963008631319359,0.9899328859060402,0.7312894499549143,73.12894499549144,0.993116874518988
vit,ensemble5,internal_val,0.18,808,3,3,295,0.9963008631319359,0.9899328859060402,0.0036991368680641184,0.010067114093959731,0.9963008631319359,0.9899328859060402,0.7312894499549143,73.12894499549144,0.993116874518988
vit,ensemble5,internal_val,0.181,808,3,3,295,0.9963008631319359,0.9899328859060402,0.0036991368680641184,0.010067114093959731,0.9963008631319359,0.9899328859060402,0.7312894499549143,73.12894499549144,0.993116874518988
vit,ensemble5,internal_val,0.182,808,3,3,295,0.9963008631319359,0.9899328859060402,0.0036991368680641184,0.010067114093959731,0.9963008631319359,0.9899328859060402,0.7312894499549143,73.12894499549144,0.993116874518988
vit,ensemble5,internal_val,0.183,808,3,3,295,0.9963008631319359,0.9899328859060402,0.0036991368680641184,0.010067114093959731,0.9963008631319359,0.9899328859060402,0.7312894499549143,73.12894499549144,0.993116874518988
vit,ensemble5,internal_val,0.184,808,3,3,295,0.9963008631319359,0.9899328859060402,0.0036991368680641184,0.010067114093959731,0.9963008631319359,0.9899328859060402,0.7312894499549143,73.12894499549144,0.993116874518988
vit,ensemble5,internal_val,0.185,808,3,3,295,0.9963008631319359,0.9899328859060402,0.0036991368680641184,0.010067114093959731,0.9963008631319359,0.9899328859060402,0.7312894499549143,73.12894499549144,0.993116874518988
vit,ensemble5,internal_val,0.186,808,3,3,295,0.9963008631319359,0.9899328859060402,0.0036991368680641184,0.010067114093959731,0.9963008631319359,0.9899328859060402,0.7312894499549143,73.12894499549144,0.993116874518988
vit,ensemble5,internal_val,0.187,808,3,3,295,0.9963008631319359,0.9899328859060402,0.0036991368680641184,0.010067114093959731,0.9963008631319359,0.9899328859060402,0.7312894499549143,73.12894499549144,0.993116874518988
vit,ensemble5,internal_val,0.188,808,3,3,295,0.9963008631319359,0.9899328859060402,0.0036991368680641184,0.010067114093959731,0.9963008631319359,0.9899328859060402,0.7312894499549143,73.12894499549144,0.993116874518988
vit,ensemble5,internal_val,0.189,808,3,3,295,0.9963008631319359,0.9899328859060402,0.0036991368680641184,0.010067114093959731,0.9963008631319359,0.9899328859060402,0.7312894499549143,73.12894499549144,0.993116874518988
vit,ensemble5,internal_val,0.19,808,3,3,295,0.9963008631319359,0.9899328859060402,0.0036991368680641184,0.010067114093959731,0.9963008631319359,0.9899328859060402,0.7312894499549143,73.12894499549144,0.993116874518988
vit,ensemble5,internal_val,0.191,808,3,3,295,0.9963008631319359,0.9899328859060402,0.0036991368680641184,0.010067114093959731,0.9963008631319359,0.9899328859060402,0.7312894499549143,73.12894499549144,0.993116874518988
vit,ensemble5,internal_val,0.192,808,3,3,295,0.9963008631319359,0.9899328859060402,0.0036991368680641184,0.010067114093959731,0.9963008631319359,0.9899328859060402,0.7312894499549143,73.12894499549144,0.993116874518988
vit,ensemble5,internal_val,0.193,808,3,3,295,0.9963008631319359,0.9899328859060402,0.0036991368680641184,0.010067114093959731,0.9963008631319359,0.9899328859060402,0.7312894499549143,73.12894499549144,0.993116874518988
vit,ensemble5,internal_val,0.194,808,3,3,295,0.9963008631319359,0.9899328859060402,0.0036991368680641184,0.010067114093959731,0.9963008631319359,0.9899328859060402,0.7312894499549143,73.12894499549144,0.993116874518988
vit,ensemble5,internal_val,0.195,808,3,3,295,0.9963008631319359,0.9899328859060402,0.0036991368680641184,0.010067114093959731,0.9963008631319359,0.9899328859060402,0.7312894499549143,73.12894499549144,0.993116874518988
vit,ensemble5,internal_val,0.196,808,3,3,295,0.9963008631319359,0.9899328859060402,0.0036991368680641184,0.010067114093959731,0.9963008631319359,0.9899328859060402,0.7312894499549143,73.12894499549144,0.993116874518988
vit,ensemble5,internal_val,0.197,808,3,3,295,0.9963008631319359,0.9899328859060402,0.0036991368680641184,0.010067114093959731,0.9963008631319359,0.9899328859060402,0.7312894499549143,73.12894499549144,0.993116874518988
vit,ensemble5,internal_val,0.198,808,3,3,295,0.9963008631319359,0.9899328859060402,0.0036991368680641184,0.010067114093959731,0.9963008631319359,0.9899328859060402,0.7312894499549143,73.12894499549144,0.993116874518988
vit,ensemble5,internal_val,0.199,808,3,3,295,0.9963008631319359,0.9899328859060402,0.0036991368680641184,0.010067114093959731,0.9963008631319359,0.9899328859060402,0.7312894499549143,73.12894499549144,0.993116874518988
vit,ensemble5,internal_val,0.2,808,3,3,295,0.9963008631319359,0.9899328859060402,0.0036991368680641184,0.010067114093959731,0.9963008631319359,0.9899328859060402,0.7312894499549143,73.12894499549144,0.993116874518988
vit,ensemble5,internal_val,0.201,808,3,3,295,0.9963008631319359,0.9899328859060402,0.0036991368680641184,0.010067114093959731,0.9963008631319359,0.9899328859060402,0.7312894499549143,73.12894499549144,0.993116874518988
vit,ensemble5,internal_val,0.202,808,3,3,295,0.9963008631319359,0.9899328859060402,0.0036991368680641184,0.010067114093959731,0.9963008631319359,0.9899328859060402,0.7312894499549143,73.12894499549144,0.993116874518988
vit,ensemble5,internal_val,0.203,808,3,3,295,0.9963008631319359,0.9899328859060402,0.0036991368680641184,0.010067114093959731,0.9963008631319359,0.9899328859060402,0.7312894499549143,73.12894499549144,0.993116874518988
vit,ensemble5,internal_val,0.20400000000000001,808,3,3,295,0.9963008631319359,0.9899328859060402,0.0036991368680641184,0.010067114093959731,0.9963008631319359,0.9899328859060402,0.7312894499549143,73.12894499549144,0.993116874518988
vit,ensemble5,internal_val,0.20500000000000002,808,3,3,295,0.9963008631319359,0.9899328859060402,0.0036991368680641184,0.010067114093959731,0.9963008631319359,0.9899328859060402,0.7312894499549143,73.12894499549144,0.993116874518988
vit,ensemble5,internal_val,0.20600000000000002,808,3,3,295,0.9963008631319359,0.9899328859060402,0.0036991368680641184,0.010067114093959731,0.9963008631319359,0.9899328859060402,0.7312894499549143,73.12894499549144,0.993116874518988
vit,ensemble5,internal_val,0.20700000000000002,808,3,3,295,0.9963008631319359,0.9899328859060402,0.0036991368680641184,0.010067114093959731,0.9963008631319359,0.9899328859060402,0.7312894499549143,73.12894499549144,0.993116874518988
vit,ensemble5,internal_val,0.20800000000000002,808,3,3,295,0.9963008631319359,0.9899328859060402,0.0036991368680641184,0.010067114093959731,0.9963008631319359,0.9899328859060402,0.7312894499549143,73.12894499549144,0.993116874518988
vit,ensemble5,internal_val,0.209,808,3,3,295,0.9963008631319359,0.9899328859060402,0.0036991368680641184,0.010067114093959731,0.9963008631319359,0.9899328859060402,0.7312894499549143,73.12894499549144,0.993116874518988
vit,ensemble5,internal_val,0.21,808,3,3,295,0.9963008631319359,0.9899328859060402,0.0036991368680641184,0.010067114093959731,0.9963008631319359,0.9899328859060402,0.7312894499549143,73.12894499549144,0.993116874518988
vit,ensemble5,internal_val,0.211,808,3,3,295,0.9963008631319359,0.9899328859060402,0.0036991368680641184,0.010067114093959731,0.9963008631319359,0.9899328859060402,0.7312894499549143,73.12894499549144,0.993116874518988
vit,ensemble5,internal_val,0.212,808,3,3,295,0.9963008631319359,0.9899328859060402,0.0036991368680641184,0.010067114093959731,0.9963008631319359,0.9899328859060402,0.7312894499549143,73.12894499549144,0.993116874518988
vit,ensemble5,internal_val,0.213,808,3,3,295,0.9963008631319359,0.9899328859060402,0.0036991368680641184,0.010067114093959731,0.9963008631319359,0.9899328859060402,0.7312894499549143,73.12894499549144,0.993116874518988
vit,ensemble5,internal_val,0.214,808,3,3,295,0.9963008631319359,0.9899328859060402,0.0036991368680641184,0.010067114093959731,0.9963008631319359,0.9899328859060402,0.7312894499549143,73.12894499549144,0.993116874518988
vit,ensemble5,internal_val,0.215,808,3,3,295,0.9963008631319359,0.9899328859060402,0.0036991368680641184,0.010067114093959731,0.9963008631319359,0.9899328859060402,0.7312894499549143,73.12894499549144,0.993116874518988
vit,ensemble5,internal_val,0.216,808,3,3,295,0.9963008631319359,0.9899328859060402,0.0036991368680641184,0.010067114093959731,0.9963008631319359,0.9899328859060402,0.7312894499549143,73.12894499549144,0.993116874518988
vit,ensemble5,internal_val,0.217,808,3,3,295,0.9963008631319359,0.9899328859060402,0.0036991368680641184,0.010067114093959731,0.9963008631319359,0.9899328859060402,0.7312894499549143,73.12894499549144,0.993116874518988
vit,ensemble5,internal_val,0.218,808,3,3,295,0.9963008631319359,0.9899328859060402,0.0036991368680641184,0.010067114093959731,0.9963008631319359,0.9899328859060402,0.7312894499549143,73.12894499549144,0.993116874518988
vit,ensemble5,internal_val,0.219,808,3,3,295,0.9963008631319359,0.9899328859060402,0.0036991368680641184,0.010067114093959731,0.9963008631319359,0.9899328859060402,0.7312894499549143,73.12894499549144,0.993116874518988
vit,ensemble5,internal_val,0.22,808,3,3,295,0.9963008631319359,0.9899328859060402,0.0036991368680641184,0.010067114093959731,0.9963008631319359,0.9899328859060402,0.7312894499549143,73.12894499549144,0.993116874518988
vit,ensemble5,internal_val,0.221,808,3,3,295,0.9963008631319359,0.9899328859060402,0.0036991368680641184,0.010067114093959731,0.9963008631319359,0.9899328859060402,0.7312894499549143,73.12894499549144,0.993116874518988
vit,ensemble5,internal_val,0.222,808,3,3,295,0.9963008631319359,0.9899328859060402,0.0036991368680641184,0.010067114093959731,0.9963008631319359,0.9899328859060402,0.7312894499549143,73.12894499549144,0.993116874518988
vit,ensemble5,internal_val,0.223,808,3,3,295,0.9963008631319359,0.9899328859060402,0.0036991368680641184,0.010067114093959731,0.9963008631319359,0.9899328859060402,0.7312894499549143,73.12894499549144,0.993116874518988
vit,ensemble5,internal_val,0.224,808,3,3,295,0.9963008631319359,0.9899328859060402,0.0036991368680641184,0.010067114093959731,0.9963008631319359,0.9899328859060402,0.7312894499549143,73.12894499549144,0.993116874518988
vit,ensemble5,internal_val,0.225,808,3,3,295,0.9963008631319359,0.9899328859060402,0.0036991368680641184,0.010067114093959731,0.9963008631319359,0.9899328859060402,0.7312894499549143,73.12894499549144,0.993116874518988
vit,ensemble5,internal_val,0.226,808,3,3,295,0.9963008631319359,0.9899328859060402,0.0036991368680641184,0.010067114093959731,0.9963008631319359,0.9899328859060402,0.7312894499549143,73.12894499549144,0.993116874518988
vit,ensemble5,internal_val,0.227,808,3,3,295,0.9963008631319359,0.9899328859060402,0.0036991368680641184,0.010067114093959731,0.9963008631319359,0.9899328859060402,0.7312894499549143,73.12894499549144,0.993116874518988
vit,ensemble5,internal_val,0.228,808,3,3,295,0.9963008631319359,0.9899328859060402,0.0036991368680641184,0.010067114093959731,0.9963008631319359,0.9899328859060402,0.7312894499549143,73.12894499549144,0.993116874518988
vit,ensemble5,internal_val,0.229,808,3,3,295,0.9963008631319359,0.9899328859060402,0.0036991368680641184,0.010067114093959731,0.9963008631319359,0.9899328859060402,0.7312894499549143,73.12894499549144,0.993116874518988
vit,ensemble5,internal_val,0.23,808,3,3,295,0.9963008631319359,0.9899328859060402,0.0036991368680641184,0.010067114093959731,0.9963008631319359,0.9899328859060402,0.7312894499549143,73.12894499549144,0.993116874518988
vit,ensemble5,internal_val,0.231,808,3,3,295,0.9963008631319359,0.9899328859060402,0.0036991368680641184,0.010067114093959731,0.9963008631319359,0.9899328859060402,0.7312894499549143,73.12894499549144,0.993116874518988
vit,ensemble5,internal_val,0.232,808,3,3,295,0.9963008631319359,0.9899328859060402,0.0036991368680641184,0.010067114093959731,0.9963008631319359,0.9899328859060402,0.7312894499549143,73.12894499549144,0.993116874518988
vit,ensemble5,internal_val,0.233,808,3,3,295,0.9963008631319359,0.9899328859060402,0.0036991368680641184,0.010067114093959731,0.9963008631319359,0.9899328859060402,0.7312894499549143,73.12894499549144,0.993116874518988
vit,ensemble5,internal_val,0.234,808,3,3,295,0.9963008631319359,0.9899328859060402,0.0036991368680641184,0.010067114093959731,0.9963008631319359,0.9899328859060402,0.7312894499549143,73.12894499549144,0.993116874518988
vit,ensemble5,internal_val,0.23500000000000001,808,3,3,295,0.9963008631319359,0.9899328859060402,0.0036991368680641184,0.010067114093959731,0.9963008631319359,0.9899328859060402,0.7312894499549143,73.12894499549144,0.993116874518988
vit,ensemble5,internal_val,0.23600000000000002,808,3,3,295,0.9963008631319359,0.9899328859060402,0.0036991368680641184,0.010067114093959731,0.9963008631319359,0.9899328859060402,0.7312894499549143,73.12894499549144,0.993116874518988
vit,ensemble5,internal_val,0.23700000000000002,808,3,3,295,0.9963008631319359,0.9899328859060402,0.0036991368680641184,0.010067114093959731,0.9963008631319359,0.9899328859060402,0.7312894499549143,73.12894499549144,0.993116874518988
vit,ensemble5,internal_val,0.23800000000000002,808,3,3,295,0.9963008631319359,0.9899328859060402,0.0036991368680641184,0.010067114093959731,0.9963008631319359,0.9899328859060402,0.7312894499549143,73.12894499549144,0.993116874518988
vit,ensemble5,internal_val,0.23900000000000002,808,3,3,295,0.9963008631319359,0.9899328859060402,0.0036991368680641184,0.010067114093959731,0.9963008631319359,0.9899328859060402,0.7312894499549143,73.12894499549144,0.993116874518988
vit,ensemble5,internal_val,0.24,808,3,3,295,0.9963008631319359,0.9899328859060402,0.0036991368680641184,0.010067114093959731,0.9963008631319359,0.9899328859060402,0.7312894499549143,73.12894499549144,0.993116874518988
vit,ensemble5,internal_val,0.241,808,3,3,295,0.9963008631319359,0.9899328859060402,0.0036991368680641184,0.010067114093959731,0.9963008631319359,0.9899328859060402,0.7312894499549143,73.12894499549144,0.993116874518988
vit,ensemble5,internal_val,0.242,808,3,3,295,0.9963008631319359,0.9899328859060402,0.0036991368680641184,0.010067114093959731,0.9963008631319359,0.9899328859060402,0.7312894499549143,73.12894499549144,0.993116874518988
vit,ensemble5,internal_val,0.243,808,3,3,295,0.9963008631319359,0.9899328859060402,0.0036991368680641184,0.010067114093959731,0.9963008631319359,0.9899328859060402,0.7312894499549143,73.12894499549144,0.993116874518988
vit,ensemble5,internal_val,0.244,808,3,3,295,0.9963008631319359,0.9899328859060402,0.0036991368680641184,0.010067114093959731,0.9963008631319359,0.9899328859060402,0.7312894499549143,73.12894499549144,0.993116874518988
vit,ensemble5,internal_val,0.245,808,3,3,295,0.9963008631319359,0.9899328859060402,0.0036991368680641184,0.010067114093959731,0.9963008631319359,0.9899328859060402,0.7312894499549143,73.12894499549144,0.993116874518988
vit,ensemble5,internal_val,0.246,808,3,3,295,0.9963008631319359,0.9899328859060402,0.0036991368680641184,0.010067114093959731,0.9963008631319359,0.9899328859060402,0.7312894499549143,73.12894499549144,0.993116874518988
vit,ensemble5,internal_val,0.247,808,3,3,295,0.9963008631319359,0.9899328859060402,0.0036991368680641184,0.010067114093959731,0.9963008631319359,0.9899328859060402,0.7312894499549143,73.12894499549144,0.993116874518988
vit,ensemble5,internal_val,0.248,808,3,3,295,0.9963008631319359,0.9899328859060402,0.0036991368680641184,0.010067114093959731,0.9963008631319359,0.9899328859060402,0.7312894499549143,73.12894499549144,0.993116874518988
vit,ensemble5,internal_val,0.249,808,3,3,295,0.9963008631319359,0.9899328859060402,0.0036991368680641184,0.010067114093959731,0.9963008631319359,0.9899328859060402,0.7312894499549143,73.12894499549144,0.993116874518988
vit,ensemble5,internal_val,0.25,808,3,3,295,0.9963008631319359,0.9899328859060402,0.0036991368680641184,0.010067114093959731,0.9963008631319359,0.9899328859060402,0.7312894499549143,73.12894499549144,0.993116874518988
vit,ensemble5,internal_val,0.251,808,3,3,295,0.9963008631319359,0.9899328859060402,0.0036991368680641184,0.010067114093959731,0.9963008631319359,0.9899328859060402,0.7312894499549143,73.12894499549144,0.993116874518988
vit,ensemble5,internal_val,0.252,808,3,3,295,0.9963008631319359,0.9899328859060402,0.0036991368680641184,0.010067114093959731,0.9963008631319359,0.9899328859060402,0.7312894499549143,73.12894499549144,0.993116874518988
vit,ensemble5,internal_val,0.253,808,3,3,295,0.9963008631319359,0.9899328859060402,0.0036991368680641184,0.010067114093959731,0.9963008631319359,0.9899328859060402,0.7312894499549143,73.12894499549144,0.993116874518988
vit,ensemble5,internal_val,0.254,808,3,3,295,0.9963008631319359,0.9899328859060402,0.0036991368680641184,0.010067114093959731,0.9963008631319359,0.9899328859060402,0.7312894499549143,73.12894499549144,0.993116874518988
vit,ensemble5,internal_val,0.255,808,3,3,295,0.9963008631319359,0.9899328859060402,0.0036991368680641184,0.010067114093959731,0.9963008631319359,0.9899328859060402,0.7312894499549143,73.12894499549144,0.993116874518988
vit,ensemble5,internal_val,0.256,808,3,3,295,0.9963008631319359,0.9899328859060402,0.0036991368680641184,0.010067114093959731,0.9963008631319359,0.9899328859060402,0.7312894499549143,73.12894499549144,0.993116874518988
vit,ensemble5,internal_val,0.257,808,3,3,295,0.9963008631319359,0.9899328859060402,0.0036991368680641184,0.010067114093959731,0.9963008631319359,0.9899328859060402,0.7312894499549143,73.12894499549144,0.993116874518988
vit,ensemble5,internal_val,0.258,808,3,2,296,0.9963008631319359,0.9932885906040269,0.0036991368680641184,0.006711409395973154,0.9975308641975309,0.9899665551839465,0.7303877366997295,73.03877366997295,0.9947947268679813
vit,ensemble5,internal_val,0.259,808,3,1,297,0.9963008631319359,0.9966442953020134,0.0036991368680641184,0.003355704697986577,0.9987639060568603,0.99,0.7294860234445446,72.94860234445446,0.9964725792169746
vit,ensemble5,internal_val,0.26,808,3,1,297,0.9963008631319359,0.9966442953020134,0.0036991368680641184,0.003355704697986577,0.9987639060568603,0.99,0.7294860234445446,72.94860234445446,0.9964725792169746
vit,ensemble5,internal_val,0.261,808,3,1,297,0.9963008631319359,0.9966442953020134,0.0036991368680641184,0.003355704697986577,0.9987639060568603,0.99,0.7294860234445446,72.94860234445446,0.9964725792169746
vit,ensemble5,internal_val,0.262,808,3,1,297,0.9963008631319359,0.9966442953020134,0.0036991368680641184,0.003355704697986577,0.9987639060568603,0.99,0.7294860234445446,72.94860234445446,0.9964725792169746
vit,ensemble5,internal_val,0.263,808,3,1,297,0.9963008631319359,0.9966442953020134,0.0036991368680641184,0.003355704697986577,0.9987639060568603,0.99,0.7294860234445446,72.94860234445446,0.9964725792169746
vit,ensemble5,internal_val,0.264,808,3,1,297,0.9963008631319359,0.9966442953020134,0.0036991368680641184,0.003355704697986577,0.9987639060568603,0.99,0.7294860234445446,72.94860234445446,0.9964725792169746
vit,ensemble5,internal_val,0.265,808,3,1,297,0.9963008631319359,0.9966442953020134,0.0036991368680641184,0.003355704697986577,0.9987639060568603,0.99,0.7294860234445446,72.94860234445446,0.9964725792169746
vit,ensemble5,internal_val,0.266,808,3,1,297,0.9963008631319359,0.9966442953020134,0.0036991368680641184,0.003355704697986577,0.9987639060568603,0.99,0.7294860234445446,72.94860234445446,0.9964725792169746
vit,ensemble5,internal_val,0.267,808,3,1,297,0.9963008631319359,0.9966442953020134,0.0036991368680641184,0.003355704697986577,0.9987639060568603,0.99,0.7294860234445446,72.94860234445446,0.9964725792169746
vit,ensemble5,internal_val,0.268,808,3,1,297,0.9963008631319359,0.9966442953020134,0.0036991368680641184,0.003355704697986577,0.9987639060568603,0.99,0.7294860234445446,72.94860234445446,0.9964725792169746
vit,ensemble5,internal_val,0.269,808,3,1,297,0.9963008631319359,0.9966442953020134,0.0036991368680641184,0.003355704697986577,0.9987639060568603,0.99,0.7294860234445446,72.94860234445446,0.9964725792169746
vit,ensemble5,internal_val,0.27,808,3,1,297,0.9963008631319359,0.9966442953020134,0.0036991368680641184,0.003355704697986577,0.9987639060568603,0.99,0.7294860234445446,72.94860234445446,0.9964725792169746
vit,ensemble5,internal_val,0.271,808,3,1,297,0.9963008631319359,0.9966442953020134,0.0036991368680641184,0.003355704697986577,0.9987639060568603,0.99,0.7294860234445446,72.94860234445446,0.9964725792169746
vit,ensemble5,internal_val,0.272,808,3,1,297,0.9963008631319359,0.9966442953020134,0.0036991368680641184,0.003355704697986577,0.9987639060568603,0.99,0.7294860234445446,72.94860234445446,0.9964725792169746
vit,ensemble5,internal_val,0.273,808,3,1,297,0.9963008631319359,0.9966442953020134,0.0036991368680641184,0.003355704697986577,0.9987639060568603,0.99,0.7294860234445446,72.94860234445446,0.9964725792169746
vit,ensemble5,internal_val,0.274,808,3,1,297,0.9963008631319359,0.9966442953020134,0.0036991368680641184,0.003355704697986577,0.9987639060568603,0.99,0.7294860234445446,72.94860234445446,0.9964725792169746
vit,ensemble5,internal_val,0.275,808,3,1,297,0.9963008631319359,0.9966442953020134,0.0036991368680641184,0.003355704697986577,0.9987639060568603,0.99,0.7294860234445446,72.94860234445446,0.9964725792169746
vit,ensemble5,internal_val,0.276,808,3,1,297,0.9963008631319359,0.9966442953020134,0.0036991368680641184,0.003355704697986577,0.9987639060568603,0.99,0.7294860234445446,72.94860234445446,0.9964725792169746
vit,ensemble5,internal_val,0.277,808,3,1,297,0.9963008631319359,0.9966442953020134,0.0036991368680641184,0.003355704697986577,0.9987639060568603,0.99,0.7294860234445446,72.94860234445446,0.9964725792169746
vit,ensemble5,internal_val,0.278,808,3,1,297,0.9963008631319359,0.9966442953020134,0.0036991368680641184,0.003355704697986577,0.9987639060568603,0.99,0.7294860234445446,72.94860234445446,0.9964725792169746
vit,ensemble5,internal_val,0.279,808,3,1,297,0.9963008631319359,0.9966442953020134,0.0036991368680641184,0.003355704697986577,0.9987639060568603,0.99,0.7294860234445446,72.94860234445446,0.9964725792169746
vit,ensemble5,internal_val,0.28,808,3,1,297,0.9963008631319359,0.9966442953020134,0.0036991368680641184,0.003355704697986577,0.9987639060568603,0.99,0.7294860234445446,72.94860234445446,0.9964725792169746
vit,ensemble5,internal_val,0.281,808,3,1,297,0.9963008631319359,0.9966442953020134,0.0036991368680641184,0.003355704697986577,0.9987639060568603,0.99,0.7294860234445446,72.94860234445446,0.9964725792169746
vit,ensemble5,internal_val,0.28200000000000003,808,3,1,297,0.9963008631319359,0.9966442953020134,0.0036991368680641184,0.003355704697986577,0.9987639060568603,0.99,0.7294860234445446,72.94860234445446,0.9964725792169746
vit,ensemble5,internal_val,0.28300000000000003,808,3,1,297,0.9963008631319359,0.9966442953020134,0.0036991368680641184,0.003355704697986577,0.9987639060568603,0.99,0.7294860234445446,72.94860234445446,0.9964725792169746
vit,ensemble5,internal_val,0.28400000000000003,808,3,1,297,0.9963008631319359,0.9966442953020134,0.0036991368680641184,0.003355704697986577,0.9987639060568603,0.99,0.7294860234445446,72.94860234445446,0.9964725792169746
vit,ensemble5,internal_val,0.28500000000000003,808,3,1,297,0.9963008631319359,0.9966442953020134,0.0036991368680641184,0.003355704697986577,0.9987639060568603,0.99,0.7294860234445446,72.94860234445446,0.9964725792169746
vit,ensemble5,internal_val,0.28600000000000003,808,3,1,297,0.9963008631319359,0.9966442953020134,0.0036991368680641184,0.003355704697986577,0.9987639060568603,0.99,0.7294860234445446,72.94860234445446,0.9964725792169746
vit,ensemble5,internal_val,0.28700000000000003,808,3,1,297,0.9963008631319359,0.9966442953020134,0.0036991368680641184,0.003355704697986577,0.9987639060568603,0.99,0.7294860234445446,72.94860234445446,0.9964725792169746
vit,ensemble5,internal_val,0.28800000000000003,808,3,1,297,0.9963008631319359,0.9966442953020134,0.0036991368680641184,0.003355704697986577,0.9987639060568603,0.99,0.7294860234445446,72.94860234445446,0.9964725792169746
vit,ensemble5,internal_val,0.289,808,3,1,297,0.9963008631319359,0.9966442953020134,0.0036991368680641184,0.003355704697986577,0.9987639060568603,0.99,0.7294860234445446,72.94860234445446,0.9964725792169746
vit,ensemble5,internal_val,0.29,808,3,1,297,0.9963008631319359,0.9966442953020134,0.0036991368680641184,0.003355704697986577,0.9987639060568603,0.99,0.7294860234445446,72.94860234445446,0.9964725792169746
vit,ensemble5,internal_val,0.291,808,3,1,297,0.9963008631319359,0.9966442953020134,0.0036991368680641184,0.003355704697986577,0.9987639060568603,0.99,0.7294860234445446,72.94860234445446,0.9964725792169746
vit,ensemble5,internal_val,0.292,808,3,1,297,0.9963008631319359,0.9966442953020134,0.0036991368680641184,0.003355704697986577,0.9987639060568603,0.99,0.7294860234445446,72.94860234445446,0.9964725792169746
vit,ensemble5,internal_val,0.293,808,3,1,297,0.9963008631319359,0.9966442953020134,0.0036991368680641184,0.003355704697986577,0.9987639060568603,0.99,0.7294860234445446,72.94860234445446,0.9964725792169746
vit,ensemble5,internal_val,0.294,808,3,1,297,0.9963008631319359,0.9966442953020134,0.0036991368680641184,0.003355704697986577,0.9987639060568603,0.99,0.7294860234445446,72.94860234445446,0.9964725792169746
vit,ensemble5,internal_val,0.295,808,3,1,297,0.9963008631319359,0.9966442953020134,0.0036991368680641184,0.003355704697986577,0.9987639060568603,0.99,0.7294860234445446,72.94860234445446,0.9964725792169746
vit,ensemble5,internal_val,0.296,808,3,1,297,0.9963008631319359,0.9966442953020134,0.0036991368680641184,0.003355704697986577,0.9987639060568603,0.99,0.7294860234445446,72.94860234445446,0.9964725792169746
vit,ensemble5,internal_val,0.297,808,3,1,297,0.9963008631319359,0.9966442953020134,0.0036991368680641184,0.003355704697986577,0.9987639060568603,0.99,0.7294860234445446,72.94860234445446,0.9964725792169746
vit,ensemble5,internal_val,0.298,808,3,1,297,0.9963008631319359,0.9966442953020134,0.0036991368680641184,0.003355704697986577,0.9987639060568603,0.99,0.7294860234445446,72.94860234445446,0.9964725792169746
vit,ensemble5,internal_val,0.299,808,3,1,297,0.9963008631319359,0.9966442953020134,0.0036991368680641184,0.003355704697986577,0.9987639060568603,0.99,0.7294860234445446,72.94860234445446,0.9964725792169746
vit,ensemble5,internal_val,0.3,808,3,1,297,0.9963008631319359,0.9966442953020134,0.0036991368680641184,0.003355704697986577,0.9987639060568603,0.99,0.7294860234445446,72.94860234445446,0.9964725792169746
vit,ensemble5,internal_val,0.301,808,3,1,297,0.9963008631319359,0.9966442953020134,0.0036991368680641184,0.003355704697986577,0.9987639060568603,0.99,0.7294860234445446,72.94860234445446,0.9964725792169746
vit,ensemble5,internal_val,0.302,808,3,1,297,0.9963008631319359,0.9966442953020134,0.0036991368680641184,0.003355704697986577,0.9987639060568603,0.99,0.7294860234445446,72.94860234445446,0.9964725792169746
vit,ensemble5,internal_val,0.303,808,3,1,297,0.9963008631319359,0.9966442953020134,0.0036991368680641184,0.003355704697986577,0.9987639060568603,0.99,0.7294860234445446,72.94860234445446,0.9964725792169746
vit,ensemble5,internal_val,0.304,808,3,1,297,0.9963008631319359,0.9966442953020134,0.0036991368680641184,0.003355704697986577,0.9987639060568603,0.99,0.7294860234445446,72.94860234445446,0.9964725792169746
vit,ensemble5,internal_val,0.305,808,3,1,297,0.9963008631319359,0.9966442953020134,0.0036991368680641184,0.003355704697986577,0.9987639060568603,0.99,0.7294860234445446,72.94860234445446,0.9964725792169746
vit,ensemble5,internal_val,0.306,808,3,1,297,0.9963008631319359,0.9966442953020134,0.0036991368680641184,0.003355704697986577,0.9987639060568603,0.99,0.7294860234445446,72.94860234445446,0.9964725792169746
vit,ensemble5,internal_val,0.307,808,3,1,297,0.9963008631319359,0.9966442953020134,0.0036991368680641184,0.003355704697986577,0.9987639060568603,0.99,0.7294860234445446,72.94860234445446,0.9964725792169746
vit,ensemble5,internal_val,0.308,808,3,1,297,0.9963008631319359,0.9966442953020134,0.0036991368680641184,0.003355704697986577,0.9987639060568603,0.99,0.7294860234445446,72.94860234445446,0.9964725792169746
vit,ensemble5,internal_val,0.309,808,3,1,297,0.9963008631319359,0.9966442953020134,0.0036991368680641184,0.003355704697986577,0.9987639060568603,0.99,0.7294860234445446,72.94860234445446,0.9964725792169746
vit,ensemble5,internal_val,0.31,808,3,1,297,0.9963008631319359,0.9966442953020134,0.0036991368680641184,0.003355704697986577,0.9987639060568603,0.99,0.7294860234445446,72.94860234445446,0.9964725792169746
vit,ensemble5,internal_val,0.311,808,3,1,297,0.9963008631319359,0.9966442953020134,0.0036991368680641184,0.003355704697986577,0.9987639060568603,0.99,0.7294860234445446,72.94860234445446,0.9964725792169746
vit,ensemble5,internal_val,0.312,808,3,1,297,0.9963008631319359,0.9966442953020134,0.0036991368680641184,0.003355704697986577,0.9987639060568603,0.99,0.7294860234445446,72.94860234445446,0.9964725792169746
vit,ensemble5,internal_val,0.313,808,3,1,297,0.9963008631319359,0.9966442953020134,0.0036991368680641184,0.003355704697986577,0.9987639060568603,0.99,0.7294860234445446,72.94860234445446,0.9964725792169746
vit,ensemble5,internal_val,0.314,808,3,1,297,0.9963008631319359,0.9966442953020134,0.0036991368680641184,0.003355704697986577,0.9987639060568603,0.99,0.7294860234445446,72.94860234445446,0.9964725792169746
vit,ensemble5,internal_val,0.315,808,3,1,297,0.9963008631319359,0.9966442953020134,0.0036991368680641184,0.003355704697986577,0.9987639060568603,0.99,0.7294860234445446,72.94860234445446,0.9964725792169746
vit,ensemble5,internal_val,0.316,808,3,1,297,0.9963008631319359,0.9966442953020134,0.0036991368680641184,0.003355704697986577,0.9987639060568603,0.99,0.7294860234445446,72.94860234445446,0.9964725792169746
vit,ensemble5,internal_val,0.317,808,3,1,297,0.9963008631319359,0.9966442953020134,0.0036991368680641184,0.003355704697986577,0.9987639060568603,0.99,0.7294860234445446,72.94860234445446,0.9964725792169746
vit,ensemble5,internal_val,0.318,808,3,1,297,0.9963008631319359,0.9966442953020134,0.0036991368680641184,0.003355704697986577,0.9987639060568603,0.99,0.7294860234445446,72.94860234445446,0.9964725792169746
vit,ensemble5,internal_val,0.319,808,3,1,297,0.9963008631319359,0.9966442953020134,0.0036991368680641184,0.003355704697986577,0.9987639060568603,0.99,0.7294860234445446,72.94860234445446,0.9964725792169746
vit,ensemble5,internal_val,0.32,808,3,1,297,0.9963008631319359,0.9966442953020134,0.0036991368680641184,0.003355704697986577,0.9987639060568603,0.99,0.7294860234445446,72.94860234445446,0.9964725792169746
vit,ensemble5,internal_val,0.321,808,3,1,297,0.9963008631319359,0.9966442953020134,0.0036991368680641184,0.003355704697986577,0.9987639060568603,0.99,0.7294860234445446,72.94860234445446,0.9964725792169746
vit,ensemble5,internal_val,0.322,808,3,1,297,0.9963008631319359,0.9966442953020134,0.0036991368680641184,0.003355704697986577,0.9987639060568603,0.99,0.7294860234445446,72.94860234445446,0.9964725792169746
vit,ensemble5,internal_val,0.323,808,3,1,297,0.9963008631319359,0.9966442953020134,0.0036991368680641184,0.003355704697986577,0.9987639060568603,0.99,0.7294860234445446,72.94860234445446,0.9964725792169746
vit,ensemble5,internal_val,0.324,808,3,1,297,0.9963008631319359,0.9966442953020134,0.0036991368680641184,0.003355704697986577,0.9987639060568603,0.99,0.7294860234445446,72.94860234445446,0.9964725792169746
vit,ensemble5,internal_val,0.325,808,3,1,297,0.9963008631319359,0.9966442953020134,0.0036991368680641184,0.003355704697986577,0.9987639060568603,0.99,0.7294860234445446,72.94860234445446,0.9964725792169746
vit,ensemble5,internal_val,0.326,808,3,1,297,0.9963008631319359,0.9966442953020134,0.0036991368680641184,0.003355704697986577,0.9987639060568603,0.99,0.7294860234445446,72.94860234445446,0.9964725792169746
vit,ensemble5,internal_val,0.327,808,3,1,297,0.9963008631319359,0.9966442953020134,0.0036991368680641184,0.003355704697986577,0.9987639060568603,0.99,0.7294860234445446,72.94860234445446,0.9964725792169746
vit,ensemble5,internal_val,0.328,808,3,1,297,0.9963008631319359,0.9966442953020134,0.0036991368680641184,0.003355704697986577,0.9987639060568603,0.99,0.7294860234445446,72.94860234445446,0.9964725792169746
vit,ensemble5,internal_val,0.329,808,3,1,297,0.9963008631319359,0.9966442953020134,0.0036991368680641184,0.003355704697986577,0.9987639060568603,0.99,0.7294860234445446,72.94860234445446,0.9964725792169746
vit,ensemble5,internal_val,0.33,808,3,1,297,0.9963008631319359,0.9966442953020134,0.0036991368680641184,0.003355704697986577,0.9987639060568603,0.99,0.7294860234445446,72.94860234445446,0.9964725792169746
vit,ensemble5,internal_val,0.331,808,3,1,297,0.9963008631319359,0.9966442953020134,0.0036991368680641184,0.003355704697986577,0.9987639060568603,0.99,0.7294860234445446,72.94860234445446,0.9964725792169746
vit,ensemble5,internal_val,0.332,808,3,1,297,0.9963008631319359,0.9966442953020134,0.0036991368680641184,0.003355704697986577,0.9987639060568603,0.99,0.7294860234445446,72.94860234445446,0.9964725792169746
vit,ensemble5,internal_val,0.333,808,3,1,297,0.9963008631319359,0.9966442953020134,0.0036991368680641184,0.003355704697986577,0.9987639060568603,0.99,0.7294860234445446,72.94860234445446,0.9964725792169746
vit,ensemble5,internal_val,0.334,808,3,1,297,0.9963008631319359,0.9966442953020134,0.0036991368680641184,0.003355704697986577,0.9987639060568603,0.99,0.7294860234445446,72.94860234445446,0.9964725792169746
vit,ensemble5,internal_val,0.335,808,3,1,297,0.9963008631319359,0.9966442953020134,0.0036991368680641184,0.003355704697986577,0.9987639060568603,0.99,0.7294860234445446,72.94860234445446,0.9964725792169746
vit,ensemble5,internal_val,0.336,808,3,1,297,0.9963008631319359,0.9966442953020134,0.0036991368680641184,0.003355704697986577,0.9987639060568603,0.99,0.7294860234445446,72.94860234445446,0.9964725792169746
vit,ensemble5,internal_val,0.337,808,3,1,297,0.9963008631319359,0.9966442953020134,0.0036991368680641184,0.003355704697986577,0.9987639060568603,0.99,0.7294860234445446,72.94860234445446,0.9964725792169746
vit,ensemble5,internal_val,0.338,808,3,1,297,0.9963008631319359,0.9966442953020134,0.0036991368680641184,0.003355704697986577,0.9987639060568603,0.99,0.7294860234445446,72.94860234445446,0.9964725792169746
vit,ensemble5,internal_val,0.339,808,3,1,297,0.9963008631319359,0.9966442953020134,0.0036991368680641184,0.003355704697986577,0.9987639060568603,0.99,0.7294860234445446,72.94860234445446,0.9964725792169746
vit,ensemble5,internal_val,0.34,808,3,1,297,0.9963008631319359,0.9966442953020134,0.0036991368680641184,0.003355704697986577,0.9987639060568603,0.99,0.7294860234445446,72.94860234445446,0.9964725792169746
vit,ensemble5,internal_val,0.341,808,3,1,297,0.9963008631319359,0.9966442953020134,0.0036991368680641184,0.003355704697986577,0.9987639060568603,0.99,0.7294860234445446,72.94860234445446,0.9964725792169746
vit,ensemble5,internal_val,0.342,808,3,1,297,0.9963008631319359,0.9966442953020134,0.0036991368680641184,0.003355704697986577,0.9987639060568603,0.99,0.7294860234445446,72.94860234445446,0.9964725792169746
vit,ensemble5,internal_val,0.343,808,3,1,297,0.9963008631319359,0.9966442953020134,0.0036991368680641184,0.003355704697986577,0.9987639060568603,0.99,0.7294860234445446,72.94860234445446,0.9964725792169746
vit,ensemble5,internal_val,0.34400000000000003,808,3,1,297,0.9963008631319359,0.9966442953020134,0.0036991368680641184,0.003355704697986577,0.9987639060568603,0.99,0.7294860234445446,72.94860234445446,0.9964725792169746
vit,ensemble5,internal_val,0.34500000000000003,808,3,1,297,0.9963008631319359,0.9966442953020134,0.0036991368680641184,0.003355704697986577,0.9987639060568603,0.99,0.7294860234445446,72.94860234445446,0.9964725792169746
vit,ensemble5,internal_val,0.34600000000000003,808,3,1,297,0.9963008631319359,0.9966442953020134,0.0036991368680641184,0.003355704697986577,0.9987639060568603,0.99,0.7294860234445446,72.94860234445446,0.9964725792169746
vit,ensemble5,internal_val,0.34700000000000003,808,3,1,297,0.9963008631319359,0.9966442953020134,0.0036991368680641184,0.003355704697986577,0.9987639060568603,0.99,0.7294860234445446,72.94860234445446,0.9964725792169746
vit,ensemble5,internal_val,0.34800000000000003,808,3,1,297,0.9963008631319359,0.9966442953020134,0.0036991368680641184,0.003355704697986577,0.9987639060568603,0.99,0.7294860234445446,72.94860234445446,0.9964725792169746
vit,ensemble5,internal_val,0.34900000000000003,808,3,1,297,0.9963008631319359,0.9966442953020134,0.0036991368680641184,0.003355704697986577,0.9987639060568603,0.99,0.7294860234445446,72.94860234445446,0.9964725792169746
vit,ensemble5,internal_val,0.35000000000000003,808,3,1,297,0.9963008631319359,0.9966442953020134,0.0036991368680641184,0.003355704697986577,0.9987639060568603,0.99,0.7294860234445446,72.94860234445446,0.9964725792169746
vit,ensemble5,internal_val,0.35100000000000003,808,3,1,297,0.9963008631319359,0.9966442953020134,0.0036991368680641184,0.003355704697986577,0.9987639060568603,0.99,0.7294860234445446,72.94860234445446,0.9964725792169746
vit,ensemble5,internal_val,0.352,808,3,1,297,0.9963008631319359,0.9966442953020134,0.0036991368680641184,0.003355704697986577,0.9987639060568603,0.99,0.7294860234445446,72.94860234445446,0.9964725792169746
vit,ensemble5,internal_val,0.353,808,3,1,297,0.9963008631319359,0.9966442953020134,0.0036991368680641184,0.003355704697986577,0.9987639060568603,0.99,0.7294860234445446,72.94860234445446,0.9964725792169746
vit,ensemble5,internal_val,0.354,808,3,1,297,0.9963008631319359,0.9966442953020134,0.0036991368680641184,0.003355704697986577,0.9987639060568603,0.99,0.7294860234445446,72.94860234445446,0.9964725792169746
vit,ensemble5,internal_val,0.355,808,3,1,297,0.9963008631319359,0.9966442953020134,0.0036991368680641184,0.003355704697986577,0.9987639060568603,0.99,0.7294860234445446,72.94860234445446,0.9964725792169746
vit,ensemble5,internal_val,0.356,808,3,1,297,0.9963008631319359,0.9966442953020134,0.0036991368680641184,0.003355704697986577,0.9987639060568603,0.99,0.7294860234445446,72.94860234445446,0.9964725792169746
vit,ensemble5,internal_val,0.357,808,3,1,297,0.9963008631319359,0.9966442953020134,0.0036991368680641184,0.003355704697986577,0.9987639060568603,0.99,0.7294860234445446,72.94860234445446,0.9964725792169746
vit,ensemble5,internal_val,0.358,808,3,1,297,0.9963008631319359,0.9966442953020134,0.0036991368680641184,0.003355704697986577,0.9987639060568603,0.99,0.7294860234445446,72.94860234445446,0.9964725792169746
vit,ensemble5,internal_val,0.359,808,3,1,297,0.9963008631319359,0.9966442953020134,0.0036991368680641184,0.003355704697986577,0.9987639060568603,0.99,0.7294860234445446,72.94860234445446,0.9964725792169746
vit,ensemble5,internal_val,0.36,808,3,1,297,0.9963008631319359,0.9966442953020134,0.0036991368680641184,0.003355704697986577,0.9987639060568603,0.99,0.7294860234445446,72.94860234445446,0.9964725792169746
vit,ensemble5,internal_val,0.361,808,3,1,297,0.9963008631319359,0.9966442953020134,0.0036991368680641184,0.003355704697986577,0.9987639060568603,0.99,0.7294860234445446,72.94860234445446,0.9964725792169746
vit,ensemble5,internal_val,0.362,808,3,1,297,0.9963008631319359,0.9966442953020134,0.0036991368680641184,0.003355704697986577,0.9987639060568603,0.99,0.7294860234445446,72.94860234445446,0.9964725792169746
vit,ensemble5,internal_val,0.363,808,3,1,297,0.9963008631319359,0.9966442953020134,0.0036991368680641184,0.003355704697986577,0.9987639060568603,0.99,0.7294860234445446,72.94860234445446,0.9964725792169746
vit,ensemble5,internal_val,0.364,808,3,1,297,0.9963008631319359,0.9966442953020134,0.0036991368680641184,0.003355704697986577,0.9987639060568603,0.99,0.7294860234445446,72.94860234445446,0.9964725792169746
vit,ensemble5,internal_val,0.365,808,3,1,297,0.9963008631319359,0.9966442953020134,0.0036991368680641184,0.003355704697986577,0.9987639060568603,0.99,0.7294860234445446,72.94860234445446,0.9964725792169746
vit,ensemble5,internal_val,0.366,808,3,1,297,0.9963008631319359,0.9966442953020134,0.0036991368680641184,0.003355704697986577,0.9987639060568603,0.99,0.7294860234445446,72.94860234445446,0.9964725792169746
vit,ensemble5,internal_val,0.367,808,3,1,297,0.9963008631319359,0.9966442953020134,0.0036991368680641184,0.003355704697986577,0.9987639060568603,0.99,0.7294860234445446,72.94860234445446,0.9964725792169746
vit,ensemble5,internal_val,0.368,808,3,1,297,0.9963008631319359,0.9966442953020134,0.0036991368680641184,0.003355704697986577,0.9987639060568603,0.99,0.7294860234445446,72.94860234445446,0.9964725792169746
vit,ensemble5,internal_val,0.369,808,3,1,297,0.9963008631319359,0.9966442953020134,0.0036991368680641184,0.003355704697986577,0.9987639060568603,0.99,0.7294860234445446,72.94860234445446,0.9964725792169746
vit,ensemble5,internal_val,0.37,808,3,1,297,0.9963008631319359,0.9966442953020134,0.0036991368680641184,0.003355704697986577,0.9987639060568603,0.99,0.7294860234445446,72.94860234445446,0.9964725792169746
vit,ensemble5,internal_val,0.371,808,3,1,297,0.9963008631319359,0.9966442953020134,0.0036991368680641184,0.003355704697986577,0.9987639060568603,0.99,0.7294860234445446,72.94860234445446,0.9964725792169746
vit,ensemble5,internal_val,0.372,808,3,1,297,0.9963008631319359,0.9966442953020134,0.0036991368680641184,0.003355704697986577,0.9987639060568603,0.99,0.7294860234445446,72.94860234445446,0.9964725792169746
vit,ensemble5,internal_val,0.373,808,3,1,297,0.9963008631319359,0.9966442953020134,0.0036991368680641184,0.003355704697986577,0.9987639060568603,0.99,0.7294860234445446,72.94860234445446,0.9964725792169746
vit,ensemble5,internal_val,0.374,808,3,1,297,0.9963008631319359,0.9966442953020134,0.0036991368680641184,0.003355704697986577,0.9987639060568603,0.99,0.7294860234445446,72.94860234445446,0.9964725792169746
vit,ensemble5,internal_val,0.375,808,3,1,297,0.9963008631319359,0.9966442953020134,0.0036991368680641184,0.003355704697986577,0.9987639060568603,0.99,0.7294860234445446,72.94860234445446,0.9964725792169746
vit,ensemble5,internal_val,0.376,808,3,1,297,0.9963008631319359,0.9966442953020134,0.0036991368680641184,0.003355704697986577,0.9987639060568603,0.99,0.7294860234445446,72.94860234445446,0.9964725792169746
vit,ensemble5,internal_val,0.377,808,3,1,297,0.9963008631319359,0.9966442953020134,0.0036991368680641184,0.003355704697986577,0.9987639060568603,0.99,0.7294860234445446,72.94860234445446,0.9964725792169746
vit,ensemble5,internal_val,0.378,808,3,1,297,0.9963008631319359,0.9966442953020134,0.0036991368680641184,0.003355704697986577,0.9987639060568603,0.99,0.7294860234445446,72.94860234445446,0.9964725792169746
vit,ensemble5,internal_val,0.379,808,3,1,297,0.9963008631319359,0.9966442953020134,0.0036991368680641184,0.003355704697986577,0.9987639060568603,0.99,0.7294860234445446,72.94860234445446,0.9964725792169746
vit,ensemble5,internal_val,0.38,808,3,1,297,0.9963008631319359,0.9966442953020134,0.0036991368680641184,0.003355704697986577,0.9987639060568603,0.99,0.7294860234445446,72.94860234445446,0.9964725792169746
vit,ensemble5,internal_val,0.381,808,3,1,297,0.9963008631319359,0.9966442953020134,0.0036991368680641184,0.003355704697986577,0.9987639060568603,0.99,0.7294860234445446,72.94860234445446,0.9964725792169746
vit,ensemble5,internal_val,0.382,808,3,1,297,0.9963008631319359,0.9966442953020134,0.0036991368680641184,0.003355704697986577,0.9987639060568603,0.99,0.7294860234445446,72.94860234445446,0.9964725792169746
vit,ensemble5,internal_val,0.383,808,3,1,297,0.9963008631319359,0.9966442953020134,0.0036991368680641184,0.003355704697986577,0.9987639060568603,0.99,0.7294860234445446,72.94860234445446,0.9964725792169746
vit,ensemble5,internal_val,0.384,808,3,1,297,0.9963008631319359,0.9966442953020134,0.0036991368680641184,0.003355704697986577,0.9987639060568603,0.99,0.7294860234445446,72.94860234445446,0.9964725792169746
vit,ensemble5,internal_val,0.385,808,3,1,297,0.9963008631319359,0.9966442953020134,0.0036991368680641184,0.003355704697986577,0.9987639060568603,0.99,0.7294860234445446,72.94860234445446,0.9964725792169746
vit,ensemble5,internal_val,0.386,808,3,1,297,0.9963008631319359,0.9966442953020134,0.0036991368680641184,0.003355704697986577,0.9987639060568603,0.99,0.7294860234445446,72.94860234445446,0.9964725792169746
vit,ensemble5,internal_val,0.387,808,3,1,297,0.9963008631319359,0.9966442953020134,0.0036991368680641184,0.003355704697986577,0.9987639060568603,0.99,0.7294860234445446,72.94860234445446,0.9964725792169746
vit,ensemble5,internal_val,0.388,808,3,1,297,0.9963008631319359,0.9966442953020134,0.0036991368680641184,0.003355704697986577,0.9987639060568603,0.99,0.7294860234445446,72.94860234445446,0.9964725792169746
vit,ensemble5,internal_val,0.389,808,3,1,297,0.9963008631319359,0.9966442953020134,0.0036991368680641184,0.003355704697986577,0.9987639060568603,0.99,0.7294860234445446,72.94860234445446,0.9964725792169746
vit,ensemble5,internal_val,0.39,808,3,1,297,0.9963008631319359,0.9966442953020134,0.0036991368680641184,0.003355704697986577,0.9987639060568603,0.99,0.7294860234445446,72.94860234445446,0.9964725792169746
vit,ensemble5,internal_val,0.391,808,3,1,297,0.9963008631319359,0.9966442953020134,0.0036991368680641184,0.003355704697986577,0.9987639060568603,0.99,0.7294860234445446,72.94860234445446,0.9964725792169746
vit,ensemble5,internal_val,0.392,808,3,1,297,0.9963008631319359,0.9966442953020134,0.0036991368680641184,0.003355704697986577,0.9987639060568603,0.99,0.7294860234445446,72.94860234445446,0.9964725792169746
vit,ensemble5,internal_val,0.393,808,3,1,297,0.9963008631319359,0.9966442953020134,0.0036991368680641184,0.003355704697986577,0.9987639060568603,0.99,0.7294860234445446,72.94860234445446,0.9964725792169746
vit,ensemble5,internal_val,0.394,808,3,1,297,0.9963008631319359,0.9966442953020134,0.0036991368680641184,0.003355704697986577,0.9987639060568603,0.99,0.7294860234445446,72.94860234445446,0.9964725792169746
vit,ensemble5,internal_val,0.395,808,3,1,297,0.9963008631319359,0.9966442953020134,0.0036991368680641184,0.003355704697986577,0.9987639060568603,0.99,0.7294860234445446,72.94860234445446,0.9964725792169746
vit,ensemble5,internal_val,0.396,808,3,1,297,0.9963008631319359,0.9966442953020134,0.0036991368680641184,0.003355704697986577,0.9987639060568603,0.99,0.7294860234445446,72.94860234445446,0.9964725792169746
vit,ensemble5,internal_val,0.397,808,3,1,297,0.9963008631319359,0.9966442953020134,0.0036991368680641184,0.003355704697986577,0.9987639060568603,0.99,0.7294860234445446,72.94860234445446,0.9964725792169746
vit,ensemble5,internal_val,0.398,808,3,1,297,0.9963008631319359,0.9966442953020134,0.0036991368680641184,0.003355704697986577,0.9987639060568603,0.99,0.7294860234445446,72.94860234445446,0.9964725792169746
vit,ensemble5,internal_val,0.399,808,3,1,297,0.9963008631319359,0.9966442953020134,0.0036991368680641184,0.003355704697986577,0.9987639060568603,0.99,0.7294860234445446,72.94860234445446,0.9964725792169746
vit,ensemble5,internal_val,0.4,808,3,1,297,0.9963008631319359,0.9966442953020134,0.0036991368680641184,0.003355704697986577,0.9987639060568603,0.99,0.7294860234445446,72.94860234445446,0.9964725792169746
vit,ensemble5,internal_val,0.401,808,3,1,297,0.9963008631319359,0.9966442953020134,0.0036991368680641184,0.003355704697986577,0.9987639060568603,0.99,0.7294860234445446,72.94860234445446,0.9964725792169746
vit,ensemble5,internal_val,0.402,808,3,1,297,0.9963008631319359,0.9966442953020134,0.0036991368680641184,0.003355704697986577,0.9987639060568603,0.99,0.7294860234445446,72.94860234445446,0.9964725792169746
vit,ensemble5,internal_val,0.403,808,3,1,297,0.9963008631319359,0.9966442953020134,0.0036991368680641184,0.003355704697986577,0.9987639060568603,0.99,0.7294860234445446,72.94860234445446,0.9964725792169746
vit,ensemble5,internal_val,0.404,808,3,1,297,0.9963008631319359,0.9966442953020134,0.0036991368680641184,0.003355704697986577,0.9987639060568603,0.99,0.7294860234445446,72.94860234445446,0.9964725792169746
vit,ensemble5,internal_val,0.405,808,3,1,297,0.9963008631319359,0.9966442953020134,0.0036991368680641184,0.003355704697986577,0.9987639060568603,0.99,0.7294860234445446,72.94860234445446,0.9964725792169746
vit,ensemble5,internal_val,0.406,808,3,1,297,0.9963008631319359,0.9966442953020134,0.0036991368680641184,0.003355704697986577,0.9987639060568603,0.99,0.7294860234445446,72.94860234445446,0.9964725792169746
vit,ensemble5,internal_val,0.40700000000000003,808,3,1,297,0.9963008631319359,0.9966442953020134,0.0036991368680641184,0.003355704697986577,0.9987639060568603,0.99,0.7294860234445446,72.94860234445446,0.9964725792169746
vit,ensemble5,internal_val,0.40800000000000003,808,3,1,297,0.9963008631319359,0.9966442953020134,0.0036991368680641184,0.003355704697986577,0.9987639060568603,0.99,0.7294860234445446,72.94860234445446,0.9964725792169746
vit,ensemble5,internal_val,0.40900000000000003,808,3,1,297,0.9963008631319359,0.9966442953020134,0.0036991368680641184,0.003355704697986577,0.9987639060568603,0.99,0.7294860234445446,72.94860234445446,0.9964725792169746
vit,ensemble5,internal_val,0.41000000000000003,808,3,1,297,0.9963008631319359,0.9966442953020134,0.0036991368680641184,0.003355704697986577,0.9987639060568603,0.99,0.7294860234445446,72.94860234445446,0.9964725792169746
vit,ensemble5,internal_val,0.41100000000000003,808,3,1,297,0.9963008631319359,0.9966442953020134,0.0036991368680641184,0.003355704697986577,0.9987639060568603,0.99,0.7294860234445446,72.94860234445446,0.9964725792169746
vit,ensemble5,internal_val,0.41200000000000003,808,3,1,297,0.9963008631319359,0.9966442953020134,0.0036991368680641184,0.003355704697986577,0.9987639060568603,0.99,0.7294860234445446,72.94860234445446,0.9964725792169746
vit,ensemble5,internal_val,0.41300000000000003,808,3,1,297,0.9963008631319359,0.9966442953020134,0.0036991368680641184,0.003355704697986577,0.9987639060568603,0.99,0.7294860234445446,72.94860234445446,0.9964725792169746
vit,ensemble5,internal_val,0.41400000000000003,808,3,1,297,0.9963008631319359,0.9966442953020134,0.0036991368680641184,0.003355704697986577,0.9987639060568603,0.99,0.7294860234445446,72.94860234445446,0.9964725792169746
vit,ensemble5,internal_val,0.41500000000000004,808,3,1,297,0.9963008631319359,0.9966442953020134,0.0036991368680641184,0.003355704697986577,0.9987639060568603,0.99,0.7294860234445446,72.94860234445446,0.9964725792169746
vit,ensemble5,internal_val,0.41600000000000004,808,3,1,297,0.9963008631319359,0.9966442953020134,0.0036991368680641184,0.003355704697986577,0.9987639060568603,0.99,0.7294860234445446,72.94860234445446,0.9964725792169746
vit,ensemble5,internal_val,0.417,808,3,1,297,0.9963008631319359,0.9966442953020134,0.0036991368680641184,0.003355704697986577,0.9987639060568603,0.99,0.7294860234445446,72.94860234445446,0.9964725792169746
vit,ensemble5,internal_val,0.418,808,3,1,297,0.9963008631319359,0.9966442953020134,0.0036991368680641184,0.003355704697986577,0.9987639060568603,0.99,0.7294860234445446,72.94860234445446,0.9964725792169746
vit,ensemble5,internal_val,0.419,808,3,1,297,0.9963008631319359,0.9966442953020134,0.0036991368680641184,0.003355704697986577,0.9987639060568603,0.99,0.7294860234445446,72.94860234445446,0.9964725792169746
vit,ensemble5,internal_val,0.42,808,3,1,297,0.9963008631319359,0.9966442953020134,0.0036991368680641184,0.003355704697986577,0.9987639060568603,0.99,0.7294860234445446,72.94860234445446,0.9964725792169746
vit,ensemble5,internal_val,0.421,808,3,1,297,0.9963008631319359,0.9966442953020134,0.0036991368680641184,0.003355704697986577,0.9987639060568603,0.99,0.7294860234445446,72.94860234445446,0.9964725792169746
vit,ensemble5,internal_val,0.422,808,3,1,297,0.9963008631319359,0.9966442953020134,0.0036991368680641184,0.003355704697986577,0.9987639060568603,0.99,0.7294860234445446,72.94860234445446,0.9964725792169746
vit,ensemble5,internal_val,0.423,808,3,1,297,0.9963008631319359,0.9966442953020134,0.0036991368680641184,0.003355704697986577,0.9987639060568603,0.99,0.7294860234445446,72.94860234445446,0.9964725792169746
vit,ensemble5,internal_val,0.424,808,3,1,297,0.9963008631319359,0.9966442953020134,0.0036991368680641184,0.003355704697986577,0.9987639060568603,0.99,0.7294860234445446,72.94860234445446,0.9964725792169746
vit,ensemble5,internal_val,0.425,808,3,1,297,0.9963008631319359,0.9966442953020134,0.0036991368680641184,0.003355704697986577,0.9987639060568603,0.99,0.7294860234445446,72.94860234445446,0.9964725792169746
vit,ensemble5,internal_val,0.426,808,3,1,297,0.9963008631319359,0.9966442953020134,0.0036991368680641184,0.003355704697986577,0.9987639060568603,0.99,0.7294860234445446,72.94860234445446,0.9964725792169746
vit,ensemble5,internal_val,0.427,808,3,1,297,0.9963008631319359,0.9966442953020134,0.0036991368680641184,0.003355704697986577,0.9987639060568603,0.99,0.7294860234445446,72.94860234445446,0.9964725792169746
vit,ensemble5,internal_val,0.428,808,3,1,297,0.9963008631319359,0.9966442953020134,0.0036991368680641184,0.003355704697986577,0.9987639060568603,0.99,0.7294860234445446,72.94860234445446,0.9964725792169746
vit,ensemble5,internal_val,0.429,808,3,1,297,0.9963008631319359,0.9966442953020134,0.0036991368680641184,0.003355704697986577,0.9987639060568603,0.99,0.7294860234445446,72.94860234445446,0.9964725792169746
vit,ensemble5,internal_val,0.43,808,3,1,297,0.9963008631319359,0.9966442953020134,0.0036991368680641184,0.003355704697986577,0.9987639060568603,0.99,0.7294860234445446,72.94860234445446,0.9964725792169746
vit,ensemble5,internal_val,0.431,808,3,1,297,0.9963008631319359,0.9966442953020134,0.0036991368680641184,0.003355704697986577,0.9987639060568603,0.99,0.7294860234445446,72.94860234445446,0.9964725792169746
vit,ensemble5,internal_val,0.432,808,3,1,297,0.9963008631319359,0.9966442953020134,0.0036991368680641184,0.003355704697986577,0.9987639060568603,0.99,0.7294860234445446,72.94860234445446,0.9964725792169746
vit,ensemble5,internal_val,0.433,808,3,1,297,0.9963008631319359,0.9966442953020134,0.0036991368680641184,0.003355704697986577,0.9987639060568603,0.99,0.7294860234445446,72.94860234445446,0.9964725792169746
vit,ensemble5,internal_val,0.434,808,3,1,297,0.9963008631319359,0.9966442953020134,0.0036991368680641184,0.003355704697986577,0.9987639060568603,0.99,0.7294860234445446,72.94860234445446,0.9964725792169746
vit,ensemble5,internal_val,0.435,808,3,1,297,0.9963008631319359,0.9966442953020134,0.0036991368680641184,0.003355704697986577,0.9987639060568603,0.99,0.7294860234445446,72.94860234445446,0.9964725792169746
vit,ensemble5,internal_val,0.436,808,3,1,297,0.9963008631319359,0.9966442953020134,0.0036991368680641184,0.003355704697986577,0.9987639060568603,0.99,0.7294860234445446,72.94860234445446,0.9964725792169746
vit,ensemble5,internal_val,0.437,808,3,1,297,0.9963008631319359,0.9966442953020134,0.0036991368680641184,0.003355704697986577,0.9987639060568603,0.99,0.7294860234445446,72.94860234445446,0.9964725792169746
vit,ensemble5,internal_val,0.438,808,3,1,297,0.9963008631319359,0.9966442953020134,0.0036991368680641184,0.003355704697986577,0.9987639060568603,0.99,0.7294860234445446,72.94860234445446,0.9964725792169746
vit,ensemble5,internal_val,0.439,808,3,1,297,0.9963008631319359,0.9966442953020134,0.0036991368680641184,0.003355704697986577,0.9987639060568603,0.99,0.7294860234445446,72.94860234445446,0.9964725792169746
vit,ensemble5,internal_val,0.44,808,3,1,297,0.9963008631319359,0.9966442953020134,0.0036991368680641184,0.003355704697986577,0.9987639060568603,0.99,0.7294860234445446,72.94860234445446,0.9964725792169746
vit,ensemble5,internal_val,0.441,808,3,1,297,0.9963008631319359,0.9966442953020134,0.0036991368680641184,0.003355704697986577,0.9987639060568603,0.99,0.7294860234445446,72.94860234445446,0.9964725792169746
vit,ensemble5,internal_val,0.442,808,3,1,297,0.9963008631319359,0.9966442953020134,0.0036991368680641184,0.003355704697986577,0.9987639060568603,0.99,0.7294860234445446,72.94860234445446,0.9964725792169746
vit,ensemble5,internal_val,0.443,808,3,1,297,0.9963008631319359,0.9966442953020134,0.0036991368680641184,0.003355704697986577,0.9987639060568603,0.99,0.7294860234445446,72.94860234445446,0.9964725792169746
vit,ensemble5,internal_val,0.444,808,3,1,297,0.9963008631319359,0.9966442953020134,0.0036991368680641184,0.003355704697986577,0.9987639060568603,0.99,0.7294860234445446,72.94860234445446,0.9964725792169746
vit,ensemble5,internal_val,0.445,808,3,1,297,0.9963008631319359,0.9966442953020134,0.0036991368680641184,0.003355704697986577,0.9987639060568603,0.99,0.7294860234445446,72.94860234445446,0.9964725792169746
vit,ensemble5,internal_val,0.446,808,3,1,297,0.9963008631319359,0.9966442953020134,0.0036991368680641184,0.003355704697986577,0.9987639060568603,0.99,0.7294860234445446,72.94860234445446,0.9964725792169746
vit,ensemble5,internal_val,0.447,808,3,1,297,0.9963008631319359,0.9966442953020134,0.0036991368680641184,0.003355704697986577,0.9987639060568603,0.99,0.7294860234445446,72.94860234445446,0.9964725792169746
vit,ensemble5,internal_val,0.448,808,3,1,297,0.9963008631319359,0.9966442953020134,0.0036991368680641184,0.003355704697986577,0.9987639060568603,0.99,0.7294860234445446,72.94860234445446,0.9964725792169746
vit,ensemble5,internal_val,0.449,808,3,1,297,0.9963008631319359,0.9966442953020134,0.0036991368680641184,0.003355704697986577,0.9987639060568603,0.99,0.7294860234445446,72.94860234445446,0.9964725792169746
vit,ensemble5,internal_val,0.45,808,3,1,297,0.9963008631319359,0.9966442953020134,0.0036991368680641184,0.003355704697986577,0.9987639060568603,0.99,0.7294860234445446,72.94860234445446,0.9964725792169746
vit,ensemble5,internal_val,0.451,808,3,1,297,0.9963008631319359,0.9966442953020134,0.0036991368680641184,0.003355704697986577,0.9987639060568603,0.99,0.7294860234445446,72.94860234445446,0.9964725792169746
vit,ensemble5,internal_val,0.452,808,3,1,297,0.9963008631319359,0.9966442953020134,0.0036991368680641184,0.003355704697986577,0.9987639060568603,0.99,0.7294860234445446,72.94860234445446,0.9964725792169746
vit,ensemble5,internal_val,0.453,808,3,1,297,0.9963008631319359,0.9966442953020134,0.0036991368680641184,0.003355704697986577,0.9987639060568603,0.99,0.7294860234445446,72.94860234445446,0.9964725792169746
vit,ensemble5,internal_val,0.454,808,3,1,297,0.9963008631319359,0.9966442953020134,0.0036991368680641184,0.003355704697986577,0.9987639060568603,0.99,0.7294860234445446,72.94860234445446,0.9964725792169746
vit,ensemble5,internal_val,0.455,808,3,1,297,0.9963008631319359,0.9966442953020134,0.0036991368680641184,0.003355704697986577,0.9987639060568603,0.99,0.7294860234445446,72.94860234445446,0.9964725792169746
vit,ensemble5,internal_val,0.456,808,3,1,297,0.9963008631319359,0.9966442953020134,0.0036991368680641184,0.003355704697986577,0.9987639060568603,0.99,0.7294860234445446,72.94860234445446,0.9964725792169746
vit,ensemble5,internal_val,0.457,808,3,1,297,0.9963008631319359,0.9966442953020134,0.0036991368680641184,0.003355704697986577,0.9987639060568603,0.99,0.7294860234445446,72.94860234445446,0.9964725792169746
vit,ensemble5,internal_val,0.458,808,3,1,297,0.9963008631319359,0.9966442953020134,0.0036991368680641184,0.003355704697986577,0.9987639060568603,0.99,0.7294860234445446,72.94860234445446,0.9964725792169746
vit,ensemble5,internal_val,0.459,808,3,1,297,0.9963008631319359,0.9966442953020134,0.0036991368680641184,0.003355704697986577,0.9987639060568603,0.99,0.7294860234445446,72.94860234445446,0.9964725792169746
vit,ensemble5,internal_val,0.46,808,3,1,297,0.9963008631319359,0.9966442953020134,0.0036991368680641184,0.003355704697986577,0.9987639060568603,0.99,0.7294860234445446,72.94860234445446,0.9964725792169746
vit,ensemble5,internal_val,0.461,808,3,1,297,0.9963008631319359,0.9966442953020134,0.0036991368680641184,0.003355704697986577,0.9987639060568603,0.99,0.7294860234445446,72.94860234445446,0.9964725792169746
vit,ensemble5,internal_val,0.462,808,3,1,297,0.9963008631319359,0.9966442953020134,0.0036991368680641184,0.003355704697986577,0.9987639060568603,0.99,0.7294860234445446,72.94860234445446,0.9964725792169746
vit,ensemble5,internal_val,0.463,808,3,1,297,0.9963008631319359,0.9966442953020134,0.0036991368680641184,0.003355704697986577,0.9987639060568603,0.99,0.7294860234445446,72.94860234445446,0.9964725792169746
vit,ensemble5,internal_val,0.464,808,3,1,297,0.9963008631319359,0.9966442953020134,0.0036991368680641184,0.003355704697986577,0.9987639060568603,0.99,0.7294860234445446,72.94860234445446,0.9964725792169746
vit,ensemble5,internal_val,0.465,808,3,1,297,0.9963008631319359,0.9966442953020134,0.0036991368680641184,0.003355704697986577,0.9987639060568603,0.99,0.7294860234445446,72.94860234445446,0.9964725792169746
vit,ensemble5,internal_val,0.466,808,3,1,297,0.9963008631319359,0.9966442953020134,0.0036991368680641184,0.003355704697986577,0.9987639060568603,0.99,0.7294860234445446,72.94860234445446,0.9964725792169746
vit,ensemble5,internal_val,0.467,808,3,1,297,0.9963008631319359,0.9966442953020134,0.0036991368680641184,0.003355704697986577,0.9987639060568603,0.99,0.7294860234445446,72.94860234445446,0.9964725792169746
vit,ensemble5,internal_val,0.468,808,3,1,297,0.9963008631319359,0.9966442953020134,0.0036991368680641184,0.003355704697986577,0.9987639060568603,0.99,0.7294860234445446,72.94860234445446,0.9964725792169746
vit,ensemble5,internal_val,0.46900000000000003,808,3,1,297,0.9963008631319359,0.9966442953020134,0.0036991368680641184,0.003355704697986577,0.9987639060568603,0.99,0.7294860234445446,72.94860234445446,0.9964725792169746
vit,ensemble5,internal_val,0.47000000000000003,808,3,1,297,0.9963008631319359,0.9966442953020134,0.0036991368680641184,0.003355704697986577,0.9987639060568603,0.99,0.7294860234445446,72.94860234445446,0.9964725792169746
vit,ensemble5,internal_val,0.47100000000000003,808,3,1,297,0.9963008631319359,0.9966442953020134,0.0036991368680641184,0.003355704697986577,0.9987639060568603,0.99,0.7294860234445446,72.94860234445446,0.9964725792169746
vit,ensemble5,internal_val,0.47200000000000003,808,3,1,297,0.9963008631319359,0.9966442953020134,0.0036991368680641184,0.003355704697986577,0.9987639060568603,0.99,0.7294860234445446,72.94860234445446,0.9964725792169746
vit,ensemble5,internal_val,0.47300000000000003,808,3,1,297,0.9963008631319359,0.9966442953020134,0.0036991368680641184,0.003355704697986577,0.9987639060568603,0.99,0.7294860234445446,72.94860234445446,0.9964725792169746
vit,ensemble5,internal_val,0.47400000000000003,808,3,1,297,0.9963008631319359,0.9966442953020134,0.0036991368680641184,0.003355704697986577,0.9987639060568603,0.99,0.7294860234445446,72.94860234445446,0.9964725792169746
vit,ensemble5,internal_val,0.47500000000000003,808,3,1,297,0.9963008631319359,0.9966442953020134,0.0036991368680641184,0.003355704697986577,0.9987639060568603,0.99,0.7294860234445446,72.94860234445446,0.9964725792169746
vit,ensemble5,internal_val,0.47600000000000003,808,3,1,297,0.9963008631319359,0.9966442953020134,0.0036991368680641184,0.003355704697986577,0.9987639060568603,0.99,0.7294860234445446,72.94860234445446,0.9964725792169746
vit,ensemble5,internal_val,0.47700000000000004,808,3,1,297,0.9963008631319359,0.9966442953020134,0.0036991368680641184,0.003355704697986577,0.9987639060568603,0.99,0.7294860234445446,72.94860234445446,0.9964725792169746
vit,ensemble5,internal_val,0.47800000000000004,808,3,1,297,0.9963008631319359,0.9966442953020134,0.0036991368680641184,0.003355704697986577,0.9987639060568603,0.99,0.7294860234445446,72.94860234445446,0.9964725792169746
vit,ensemble5,internal_val,0.47900000000000004,808,3,1,297,0.9963008631319359,0.9966442953020134,0.0036991368680641184,0.003355704697986577,0.9987639060568603,0.99,0.7294860234445446,72.94860234445446,0.9964725792169746
vit,ensemble5,internal_val,0.48,808,3,1,297,0.9963008631319359,0.9966442953020134,0.0036991368680641184,0.003355704697986577,0.9987639060568603,0.99,0.7294860234445446,72.94860234445446,0.9964725792169746
vit,ensemble5,internal_val,0.481,808,3,1,297,0.9963008631319359,0.9966442953020134,0.0036991368680641184,0.003355704697986577,0.9987639060568603,0.99,0.7294860234445446,72.94860234445446,0.9964725792169746
vit,ensemble5,internal_val,0.482,808,3,1,297,0.9963008631319359,0.9966442953020134,0.0036991368680641184,0.003355704697986577,0.9987639060568603,0.99,0.7294860234445446,72.94860234445446,0.9964725792169746
vit,ensemble5,internal_val,0.483,808,3,1,297,0.9963008631319359,0.9966442953020134,0.0036991368680641184,0.003355704697986577,0.9987639060568603,0.99,0.7294860234445446,72.94860234445446,0.9964725792169746
vit,ensemble5,internal_val,0.484,808,3,1,297,0.9963008631319359,0.9966442953020134,0.0036991368680641184,0.003355704697986577,0.9987639060568603,0.99,0.7294860234445446,72.94860234445446,0.9964725792169746
vit,ensemble5,internal_val,0.485,808,3,1,297,0.9963008631319359,0.9966442953020134,0.0036991368680641184,0.003355704697986577,0.9987639060568603,0.99,0.7294860234445446,72.94860234445446,0.9964725792169746
vit,ensemble5,internal_val,0.486,808,3,1,297,0.9963008631319359,0.9966442953020134,0.0036991368680641184,0.003355704697986577,0.9987639060568603,0.99,0.7294860234445446,72.94860234445446,0.9964725792169746
vit,ensemble5,internal_val,0.487,808,3,1,297,0.9963008631319359,0.9966442953020134,0.0036991368680641184,0.003355704697986577,0.9987639060568603,0.99,0.7294860234445446,72.94860234445446,0.9964725792169746
vit,ensemble5,internal_val,0.488,808,3,1,297,0.9963008631319359,0.9966442953020134,0.0036991368680641184,0.003355704697986577,0.9987639060568603,0.99,0.7294860234445446,72.94860234445446,0.9964725792169746
vit,ensemble5,internal_val,0.489,808,3,1,297,0.9963008631319359,0.9966442953020134,0.0036991368680641184,0.003355704697986577,0.9987639060568603,0.99,0.7294860234445446,72.94860234445446,0.9964725792169746
vit,ensemble5,internal_val,0.49,808,3,1,297,0.9963008631319359,0.9966442953020134,0.0036991368680641184,0.003355704697986577,0.9987639060568603,0.99,0.7294860234445446,72.94860234445446,0.9964725792169746
vit,ensemble5,internal_val,0.491,808,3,1,297,0.9963008631319359,0.9966442953020134,0.0036991368680641184,0.003355704697986577,0.9987639060568603,0.99,0.7294860234445446,72.94860234445446,0.9964725792169746
vit,ensemble5,internal_val,0.492,808,3,1,297,0.9963008631319359,0.9966442953020134,0.0036991368680641184,0.003355704697986577,0.9987639060568603,0.99,0.7294860234445446,72.94860234445446,0.9964725792169746
vit,ensemble5,internal_val,0.493,808,3,1,297,0.9963008631319359,0.9966442953020134,0.0036991368680641184,0.003355704697986577,0.9987639060568603,0.99,0.7294860234445446,72.94860234445446,0.9964725792169746
vit,ensemble5,internal_val,0.494,808,3,1,297,0.9963008631319359,0.9966442953020134,0.0036991368680641184,0.003355704697986577,0.9987639060568603,0.99,0.7294860234445446,72.94860234445446,0.9964725792169746
vit,ensemble5,internal_val,0.495,808,3,1,297,0.9963008631319359,0.9966442953020134,0.0036991368680641184,0.003355704697986577,0.9987639060568603,0.99,0.7294860234445446,72.94860234445446,0.9964725792169746
vit,ensemble5,internal_val,0.496,808,3,1,297,0.9963008631319359,0.9966442953020134,0.0036991368680641184,0.003355704697986577,0.9987639060568603,0.99,0.7294860234445446,72.94860234445446,0.9964725792169746
vit,ensemble5,internal_val,0.497,808,3,1,297,0.9963008631319359,0.9966442953020134,0.0036991368680641184,0.003355704697986577,0.9987639060568603,0.99,0.7294860234445446,72.94860234445446,0.9964725792169746
vit,ensemble5,internal_val,0.498,808,3,1,297,0.9963008631319359,0.9966442953020134,0.0036991368680641184,0.003355704697986577,0.9987639060568603,0.99,0.7294860234445446,72.94860234445446,0.9964725792169746
vit,ensemble5,internal_val,0.499,808,3,1,297,0.9963008631319359,0.9966442953020134,0.0036991368680641184,0.003355704697986577,0.9987639060568603,0.99,0.7294860234445446,72.94860234445446,0.9964725792169746
vit,ensemble5,internal_val,0.5,808,3,1,297,0.9963008631319359,0.9966442953020134,0.0036991368680641184,0.003355704697986577,0.9987639060568603,0.99,0.7294860234445446,72.94860234445446,0.9964725792169746
vit,ensemble5,internal_val,0.501,808,3,1,297,0.9963008631319359,0.9966442953020134,0.0036991368680641184,0.003355704697986577,0.9987639060568603,0.99,0.7294860234445446,72.94860234445446,0.9964725792169746
vit,ensemble5,internal_val,0.502,808,3,1,297,0.9963008631319359,0.9966442953020134,0.0036991368680641184,0.003355704697986577,0.9987639060568603,0.99,0.7294860234445446,72.94860234445446,0.9964725792169746
vit,ensemble5,internal_val,0.503,808,3,1,297,0.9963008631319359,0.9966442953020134,0.0036991368680641184,0.003355704697986577,0.9987639060568603,0.99,0.7294860234445446,72.94860234445446,0.9964725792169746
vit,ensemble5,internal_val,0.504,808,3,1,297,0.9963008631319359,0.9966442953020134,0.0036991368680641184,0.003355704697986577,0.9987639060568603,0.99,0.7294860234445446,72.94860234445446,0.9964725792169746
vit,ensemble5,internal_val,0.505,808,3,1,297,0.9963008631319359,0.9966442953020134,0.0036991368680641184,0.003355704697986577,0.9987639060568603,0.99,0.7294860234445446,72.94860234445446,0.9964725792169746
vit,ensemble5,internal_val,0.506,808,3,1,297,0.9963008631319359,0.9966442953020134,0.0036991368680641184,0.003355704697986577,0.9987639060568603,0.99,0.7294860234445446,72.94860234445446,0.9964725792169746
vit,ensemble5,internal_val,0.507,808,3,1,297,0.9963008631319359,0.9966442953020134,0.0036991368680641184,0.003355704697986577,0.9987639060568603,0.99,0.7294860234445446,72.94860234445446,0.9964725792169746
vit,ensemble5,internal_val,0.508,808,3,1,297,0.9963008631319359,0.9966442953020134,0.0036991368680641184,0.003355704697986577,0.9987639060568603,0.99,0.7294860234445446,72.94860234445446,0.9964725792169746
vit,ensemble5,internal_val,0.509,808,3,1,297,0.9963008631319359,0.9966442953020134,0.0036991368680641184,0.003355704697986577,0.9987639060568603,0.99,0.7294860234445446,72.94860234445446,0.9964725792169746
vit,ensemble5,internal_val,0.51,808,3,1,297,0.9963008631319359,0.9966442953020134,0.0036991368680641184,0.003355704697986577,0.9987639060568603,0.99,0.7294860234445446,72.94860234445446,0.9964725792169746
vit,ensemble5,internal_val,0.511,808,3,1,297,0.9963008631319359,0.9966442953020134,0.0036991368680641184,0.003355704697986577,0.9987639060568603,0.99,0.7294860234445446,72.94860234445446,0.9964725792169746
vit,ensemble5,internal_val,0.512,808,3,1,297,0.9963008631319359,0.9966442953020134,0.0036991368680641184,0.003355704697986577,0.9987639060568603,0.99,0.7294860234445446,72.94860234445446,0.9964725792169746
vit,ensemble5,internal_val,0.513,808,3,1,297,0.9963008631319359,0.9966442953020134,0.0036991368680641184,0.003355704697986577,0.9987639060568603,0.99,0.7294860234445446,72.94860234445446,0.9964725792169746
vit,ensemble5,internal_val,0.514,808,3,1,297,0.9963008631319359,0.9966442953020134,0.0036991368680641184,0.003355704697986577,0.9987639060568603,0.99,0.7294860234445446,72.94860234445446,0.9964725792169746
vit,ensemble5,internal_val,0.515,808,3,1,297,0.9963008631319359,0.9966442953020134,0.0036991368680641184,0.003355704697986577,0.9987639060568603,0.99,0.7294860234445446,72.94860234445446,0.9964725792169746
vit,ensemble5,internal_val,0.516,808,3,1,297,0.9963008631319359,0.9966442953020134,0.0036991368680641184,0.003355704697986577,0.9987639060568603,0.99,0.7294860234445446,72.94860234445446,0.9964725792169746
vit,ensemble5,internal_val,0.517,808,3,1,297,0.9963008631319359,0.9966442953020134,0.0036991368680641184,0.003355704697986577,0.9987639060568603,0.99,0.7294860234445446,72.94860234445446,0.9964725792169746
vit,ensemble5,internal_val,0.518,808,3,1,297,0.9963008631319359,0.9966442953020134,0.0036991368680641184,0.003355704697986577,0.9987639060568603,0.99,0.7294860234445446,72.94860234445446,0.9964725792169746
vit,ensemble5,internal_val,0.519,808,3,1,297,0.9963008631319359,0.9966442953020134,0.0036991368680641184,0.003355704697986577,0.9987639060568603,0.99,0.7294860234445446,72.94860234445446,0.9964725792169746
vit,ensemble5,internal_val,0.52,808,3,1,297,0.9963008631319359,0.9966442953020134,0.0036991368680641184,0.003355704697986577,0.9987639060568603,0.99,0.7294860234445446,72.94860234445446,0.9964725792169746
vit,ensemble5,internal_val,0.521,808,3,1,297,0.9963008631319359,0.9966442953020134,0.0036991368680641184,0.003355704697986577,0.9987639060568603,0.99,0.7294860234445446,72.94860234445446,0.9964725792169746
vit,ensemble5,internal_val,0.522,808,3,1,297,0.9963008631319359,0.9966442953020134,0.0036991368680641184,0.003355704697986577,0.9987639060568603,0.99,0.7294860234445446,72.94860234445446,0.9964725792169746
vit,ensemble5,internal_val,0.523,808,3,1,297,0.9963008631319359,0.9966442953020134,0.0036991368680641184,0.003355704697986577,0.9987639060568603,0.99,0.7294860234445446,72.94860234445446,0.9964725792169746
vit,ensemble5,internal_val,0.524,808,3,1,297,0.9963008631319359,0.9966442953020134,0.0036991368680641184,0.003355704697986577,0.9987639060568603,0.99,0.7294860234445446,72.94860234445446,0.9964725792169746
vit,ensemble5,internal_val,0.525,808,3,1,297,0.9963008631319359,0.9966442953020134,0.0036991368680641184,0.003355704697986577,0.9987639060568603,0.99,0.7294860234445446,72.94860234445446,0.9964725792169746
vit,ensemble5,internal_val,0.526,808,3,1,297,0.9963008631319359,0.9966442953020134,0.0036991368680641184,0.003355704697986577,0.9987639060568603,0.99,0.7294860234445446,72.94860234445446,0.9964725792169746
vit,ensemble5,internal_val,0.527,808,3,1,297,0.9963008631319359,0.9966442953020134,0.0036991368680641184,0.003355704697986577,0.9987639060568603,0.99,0.7294860234445446,72.94860234445446,0.9964725792169746
vit,ensemble5,internal_val,0.528,808,3,1,297,0.9963008631319359,0.9966442953020134,0.0036991368680641184,0.003355704697986577,0.9987639060568603,0.99,0.7294860234445446,72.94860234445446,0.9964725792169746
vit,ensemble5,internal_val,0.529,808,3,1,297,0.9963008631319359,0.9966442953020134,0.0036991368680641184,0.003355704697986577,0.9987639060568603,0.99,0.7294860234445446,72.94860234445446,0.9964725792169746
vit,ensemble5,internal_val,0.53,808,3,1,297,0.9963008631319359,0.9966442953020134,0.0036991368680641184,0.003355704697986577,0.9987639060568603,0.99,0.7294860234445446,72.94860234445446,0.9964725792169746
vit,ensemble5,internal_val,0.531,808,3,1,297,0.9963008631319359,0.9966442953020134,0.0036991368680641184,0.003355704697986577,0.9987639060568603,0.99,0.7294860234445446,72.94860234445446,0.9964725792169746
vit,ensemble5,internal_val,0.532,808,3,1,297,0.9963008631319359,0.9966442953020134,0.0036991368680641184,0.003355704697986577,0.9987639060568603,0.99,0.7294860234445446,72.94860234445446,0.9964725792169746
vit,ensemble5,internal_val,0.533,808,3,1,297,0.9963008631319359,0.9966442953020134,0.0036991368680641184,0.003355704697986577,0.9987639060568603,0.99,0.7294860234445446,72.94860234445446,0.9964725792169746
vit,ensemble5,internal_val,0.534,808,3,1,297,0.9963008631319359,0.9966442953020134,0.0036991368680641184,0.003355704697986577,0.9987639060568603,0.99,0.7294860234445446,72.94860234445446,0.9964725792169746
vit,ensemble5,internal_val,0.535,808,3,1,297,0.9963008631319359,0.9966442953020134,0.0036991368680641184,0.003355704697986577,0.9987639060568603,0.99,0.7294860234445446,72.94860234445446,0.9964725792169746
vit,ensemble5,internal_val,0.536,808,3,1,297,0.9963008631319359,0.9966442953020134,0.0036991368680641184,0.003355704697986577,0.9987639060568603,0.99,0.7294860234445446,72.94860234445446,0.9964725792169746
vit,ensemble5,internal_val,0.537,808,3,1,297,0.9963008631319359,0.9966442953020134,0.0036991368680641184,0.003355704697986577,0.9987639060568603,0.99,0.7294860234445446,72.94860234445446,0.9964725792169746
vit,ensemble5,internal_val,0.538,808,3,1,297,0.9963008631319359,0.9966442953020134,0.0036991368680641184,0.003355704697986577,0.9987639060568603,0.99,0.7294860234445446,72.94860234445446,0.9964725792169746
vit,ensemble5,internal_val,0.539,808,3,1,297,0.9963008631319359,0.9966442953020134,0.0036991368680641184,0.003355704697986577,0.9987639060568603,0.99,0.7294860234445446,72.94860234445446,0.9964725792169746
vit,ensemble5,internal_val,0.54,808,3,1,297,0.9963008631319359,0.9966442953020134,0.0036991368680641184,0.003355704697986577,0.9987639060568603,0.99,0.7294860234445446,72.94860234445446,0.9964725792169746
vit,ensemble5,internal_val,0.541,808,3,1,297,0.9963008631319359,0.9966442953020134,0.0036991368680641184,0.003355704697986577,0.9987639060568603,0.99,0.7294860234445446,72.94860234445446,0.9964725792169746
vit,ensemble5,internal_val,0.542,808,3,1,297,0.9963008631319359,0.9966442953020134,0.0036991368680641184,0.003355704697986577,0.9987639060568603,0.99,0.7294860234445446,72.94860234445446,0.9964725792169746
vit,ensemble5,internal_val,0.543,808,3,1,297,0.9963008631319359,0.9966442953020134,0.0036991368680641184,0.003355704697986577,0.9987639060568603,0.99,0.7294860234445446,72.94860234445446,0.9964725792169746
vit,ensemble5,internal_val,0.544,808,3,1,297,0.9963008631319359,0.9966442953020134,0.0036991368680641184,0.003355704697986577,0.9987639060568603,0.99,0.7294860234445446,72.94860234445446,0.9964725792169746
vit,ensemble5,internal_val,0.545,808,3,1,297,0.9963008631319359,0.9966442953020134,0.0036991368680641184,0.003355704697986577,0.9987639060568603,0.99,0.7294860234445446,72.94860234445446,0.9964725792169746
vit,ensemble5,internal_val,0.546,808,3,1,297,0.9963008631319359,0.9966442953020134,0.0036991368680641184,0.003355704697986577,0.9987639060568603,0.99,0.7294860234445446,72.94860234445446,0.9964725792169746
vit,ensemble5,internal_val,0.547,808,3,1,297,0.9963008631319359,0.9966442953020134,0.0036991368680641184,0.003355704697986577,0.9987639060568603,0.99,0.7294860234445446,72.94860234445446,0.9964725792169746
vit,ensemble5,internal_val,0.548,808,3,1,297,0.9963008631319359,0.9966442953020134,0.0036991368680641184,0.003355704697986577,0.9987639060568603,0.99,0.7294860234445446,72.94860234445446,0.9964725792169746
vit,ensemble5,internal_val,0.549,808,3,1,297,0.9963008631319359,0.9966442953020134,0.0036991368680641184,0.003355704697986577,0.9987639060568603,0.99,0.7294860234445446,72.94860234445446,0.9964725792169746
vit,ensemble5,internal_val,0.55,808,3,1,297,0.9963008631319359,0.9966442953020134,0.0036991368680641184,0.003355704697986577,0.9987639060568603,0.99,0.7294860234445446,72.94860234445446,0.9964725792169746
vit,ensemble5,internal_val,0.551,808,3,1,297,0.9963008631319359,0.9966442953020134,0.0036991368680641184,0.003355704697986577,0.9987639060568603,0.99,0.7294860234445446,72.94860234445446,0.9964725792169746
vit,ensemble5,internal_val,0.552,808,3,1,297,0.9963008631319359,0.9966442953020134,0.0036991368680641184,0.003355704697986577,0.9987639060568603,0.99,0.7294860234445446,72.94860234445446,0.9964725792169746
vit,ensemble5,internal_val,0.553,808,3,1,297,0.9963008631319359,0.9966442953020134,0.0036991368680641184,0.003355704697986577,0.9987639060568603,0.99,0.7294860234445446,72.94860234445446,0.9964725792169746
vit,ensemble5,internal_val,0.554,808,3,1,297,0.9963008631319359,0.9966442953020134,0.0036991368680641184,0.003355704697986577,0.9987639060568603,0.99,0.7294860234445446,72.94860234445446,0.9964725792169746
vit,ensemble5,internal_val,0.555,808,3,1,297,0.9963008631319359,0.9966442953020134,0.0036991368680641184,0.003355704697986577,0.9987639060568603,0.99,0.7294860234445446,72.94860234445446,0.9964725792169746
vit,ensemble5,internal_val,0.556,808,3,1,297,0.9963008631319359,0.9966442953020134,0.0036991368680641184,0.003355704697986577,0.9987639060568603,0.99,0.7294860234445446,72.94860234445446,0.9964725792169746
vit,ensemble5,internal_val,0.557,808,3,1,297,0.9963008631319359,0.9966442953020134,0.0036991368680641184,0.003355704697986577,0.9987639060568603,0.99,0.7294860234445446,72.94860234445446,0.9964725792169746
vit,ensemble5,internal_val,0.558,808,3,1,297,0.9963008631319359,0.9966442953020134,0.0036991368680641184,0.003355704697986577,0.9987639060568603,0.99,0.7294860234445446,72.94860234445446,0.9964725792169746
vit,ensemble5,internal_val,0.559,808,3,1,297,0.9963008631319359,0.9966442953020134,0.0036991368680641184,0.003355704697986577,0.9987639060568603,0.99,0.7294860234445446,72.94860234445446,0.9964725792169746
vit,ensemble5,internal_val,0.56,808,3,1,297,0.9963008631319359,0.9966442953020134,0.0036991368680641184,0.003355704697986577,0.9987639060568603,0.99,0.7294860234445446,72.94860234445446,0.9964725792169746
vit,ensemble5,internal_val,0.561,808,3,1,297,0.9963008631319359,0.9966442953020134,0.0036991368680641184,0.003355704697986577,0.9987639060568603,0.99,0.7294860234445446,72.94860234445446,0.9964725792169746
vit,ensemble5,internal_val,0.562,808,3,1,297,0.9963008631319359,0.9966442953020134,0.0036991368680641184,0.003355704697986577,0.9987639060568603,0.99,0.7294860234445446,72.94860234445446,0.9964725792169746
vit,ensemble5,internal_val,0.5630000000000001,808,3,1,297,0.9963008631319359,0.9966442953020134,0.0036991368680641184,0.003355704697986577,0.9987639060568603,0.99,0.7294860234445446,72.94860234445446,0.9964725792169746
vit,ensemble5,internal_val,0.5640000000000001,808,3,1,297,0.9963008631319359,0.9966442953020134,0.0036991368680641184,0.003355704697986577,0.9987639060568603,0.99,0.7294860234445446,72.94860234445446,0.9964725792169746
vit,ensemble5,internal_val,0.5650000000000001,808,3,1,297,0.9963008631319359,0.9966442953020134,0.0036991368680641184,0.003355704697986577,0.9987639060568603,0.99,0.7294860234445446,72.94860234445446,0.9964725792169746
vit,ensemble5,internal_val,0.5660000000000001,808,3,1,297,0.9963008631319359,0.9966442953020134,0.0036991368680641184,0.003355704697986577,0.9987639060568603,0.99,0.7294860234445446,72.94860234445446,0.9964725792169746
vit,ensemble5,internal_val,0.5670000000000001,808,3,1,297,0.9963008631319359,0.9966442953020134,0.0036991368680641184,0.003355704697986577,0.9987639060568603,0.99,0.7294860234445446,72.94860234445446,0.9964725792169746
vit,ensemble5,internal_val,0.5680000000000001,808,3,1,297,0.9963008631319359,0.9966442953020134,0.0036991368680641184,0.003355704697986577,0.9987639060568603,0.99,0.7294860234445446,72.94860234445446,0.9964725792169746
vit,ensemble5,internal_val,0.5690000000000001,808,3,1,297,0.9963008631319359,0.9966442953020134,0.0036991368680641184,0.003355704697986577,0.9987639060568603,0.99,0.7294860234445446,72.94860234445446,0.9964725792169746
vit,ensemble5,internal_val,0.5700000000000001,808,3,1,297,0.9963008631319359,0.9966442953020134,0.0036991368680641184,0.003355704697986577,0.9987639060568603,0.99,0.7294860234445446,72.94860234445446,0.9964725792169746
vit,ensemble5,internal_val,0.5710000000000001,808,3,1,297,0.9963008631319359,0.9966442953020134,0.0036991368680641184,0.003355704697986577,0.9987639060568603,0.99,0.7294860234445446,72.94860234445446,0.9964725792169746
vit,ensemble5,internal_val,0.5720000000000001,808,3,1,297,0.9963008631319359,0.9966442953020134,0.0036991368680641184,0.003355704697986577,0.9987639060568603,0.99,0.7294860234445446,72.94860234445446,0.9964725792169746
vit,ensemble5,internal_val,0.5730000000000001,808,3,1,297,0.9963008631319359,0.9966442953020134,0.0036991368680641184,0.003355704697986577,0.9987639060568603,0.99,0.7294860234445446,72.94860234445446,0.9964725792169746
vit,ensemble5,internal_val,0.5740000000000001,808,3,1,297,0.9963008631319359,0.9966442953020134,0.0036991368680641184,0.003355704697986577,0.9987639060568603,0.99,0.7294860234445446,72.94860234445446,0.9964725792169746
vit,ensemble5,internal_val,0.5750000000000001,808,3,1,297,0.9963008631319359,0.9966442953020134,0.0036991368680641184,0.003355704697986577,0.9987639060568603,0.99,0.7294860234445446,72.94860234445446,0.9964725792169746
vit,ensemble5,internal_val,0.5760000000000001,808,3,1,297,0.9963008631319359,0.9966442953020134,0.0036991368680641184,0.003355704697986577,0.9987639060568603,0.99,0.7294860234445446,72.94860234445446,0.9964725792169746
vit,ensemble5,internal_val,0.577,808,3,1,297,0.9963008631319359,0.9966442953020134,0.0036991368680641184,0.003355704697986577,0.9987639060568603,0.99,0.7294860234445446,72.94860234445446,0.9964725792169746
vit,ensemble5,internal_val,0.578,808,3,1,297,0.9963008631319359,0.9966442953020134,0.0036991368680641184,0.003355704697986577,0.9987639060568603,0.99,0.7294860234445446,72.94860234445446,0.9964725792169746
vit,ensemble5,internal_val,0.579,808,3,1,297,0.9963008631319359,0.9966442953020134,0.0036991368680641184,0.003355704697986577,0.9987639060568603,0.99,0.7294860234445446,72.94860234445446,0.9964725792169746
vit,ensemble5,internal_val,0.58,808,3,1,297,0.9963008631319359,0.9966442953020134,0.0036991368680641184,0.003355704697986577,0.9987639060568603,0.99,0.7294860234445446,72.94860234445446,0.9964725792169746
vit,ensemble5,internal_val,0.581,808,3,1,297,0.9963008631319359,0.9966442953020134,0.0036991368680641184,0.003355704697986577,0.9987639060568603,0.99,0.7294860234445446,72.94860234445446,0.9964725792169746
vit,ensemble5,internal_val,0.582,808,3,1,297,0.9963008631319359,0.9966442953020134,0.0036991368680641184,0.003355704697986577,0.9987639060568603,0.99,0.7294860234445446,72.94860234445446,0.9964725792169746
vit,ensemble5,internal_val,0.583,808,3,1,297,0.9963008631319359,0.9966442953020134,0.0036991368680641184,0.003355704697986577,0.9987639060568603,0.99,0.7294860234445446,72.94860234445446,0.9964725792169746
vit,ensemble5,internal_val,0.584,808,3,1,297,0.9963008631319359,0.9966442953020134,0.0036991368680641184,0.003355704697986577,0.9987639060568603,0.99,0.7294860234445446,72.94860234445446,0.9964725792169746
vit,ensemble5,internal_val,0.585,808,3,1,297,0.9963008631319359,0.9966442953020134,0.0036991368680641184,0.003355704697986577,0.9987639060568603,0.99,0.7294860234445446,72.94860234445446,0.9964725792169746
vit,ensemble5,internal_val,0.586,808,3,1,297,0.9963008631319359,0.9966442953020134,0.0036991368680641184,0.003355704697986577,0.9987639060568603,0.99,0.7294860234445446,72.94860234445446,0.9964725792169746
vit,ensemble5,internal_val,0.587,808,3,1,297,0.9963008631319359,0.9966442953020134,0.0036991368680641184,0.003355704697986577,0.9987639060568603,0.99,0.7294860234445446,72.94860234445446,0.9964725792169746
vit,ensemble5,internal_val,0.588,808,3,0,298,0.9963008631319359,1.0,0.0036991368680641184,0.0,1.0,0.9900332225913622,0.7285843101893598,72.85843101893597,0.9981504315659679
vit,ensemble5,internal_val,0.589,808,3,0,298,0.9963008631319359,1.0,0.0036991368680641184,0.0,1.0,0.9900332225913622,0.7285843101893598,72.85843101893597,0.9981504315659679
vit,ensemble5,internal_val,0.59,808,3,0,298,0.9963008631319359,1.0,0.0036991368680641184,0.0,1.0,0.9900332225913622,0.7285843101893598,72.85843101893597,0.9981504315659679
vit,ensemble5,internal_val,0.591,808,3,0,298,0.9963008631319359,1.0,0.0036991368680641184,0.0,1.0,0.9900332225913622,0.7285843101893598,72.85843101893597,0.9981504315659679
vit,ensemble5,internal_val,0.592,808,3,0,298,0.9963008631319359,1.0,0.0036991368680641184,0.0,1.0,0.9900332225913622,0.7285843101893598,72.85843101893597,0.9981504315659679
vit,ensemble5,internal_val,0.593,808,3,0,298,0.9963008631319359,1.0,0.0036991368680641184,0.0,1.0,0.9900332225913622,0.7285843101893598,72.85843101893597,0.9981504315659679
vit,ensemble5,internal_val,0.594,808,3,0,298,0.9963008631319359,1.0,0.0036991368680641184,0.0,1.0,0.9900332225913622,0.7285843101893598,72.85843101893597,0.9981504315659679
vit,ensemble5,internal_val,0.595,808,3,0,298,0.9963008631319359,1.0,0.0036991368680641184,0.0,1.0,0.9900332225913622,0.7285843101893598,72.85843101893597,0.9981504315659679
vit,ensemble5,internal_val,0.596,808,3,0,298,0.9963008631319359,1.0,0.0036991368680641184,0.0,1.0,0.9900332225913622,0.7285843101893598,72.85843101893597,0.9981504315659679
vit,ensemble5,internal_val,0.597,808,3,0,298,0.9963008631319359,1.0,0.0036991368680641184,0.0,1.0,0.9900332225913622,0.7285843101893598,72.85843101893597,0.9981504315659679
vit,ensemble5,internal_val,0.598,808,3,0,298,0.9963008631319359,1.0,0.0036991368680641184,0.0,1.0,0.9900332225913622,0.7285843101893598,72.85843101893597,0.9981504315659679
vit,ensemble5,internal_val,0.599,808,3,0,298,0.9963008631319359,1.0,0.0036991368680641184,0.0,1.0,0.9900332225913622,0.7285843101893598,72.85843101893597,0.9981504315659679
vit,ensemble5,internal_val,0.6,808,3,0,298,0.9963008631319359,1.0,0.0036991368680641184,0.0,1.0,0.9900332225913622,0.7285843101893598,72.85843101893597,0.9981504315659679
vit,ensemble5,internal_val,0.601,808,3,0,298,0.9963008631319359,1.0,0.0036991368680641184,0.0,1.0,0.9900332225913622,0.7285843101893598,72.85843101893597,0.9981504315659679
vit,ensemble5,internal_val,0.602,808,3,0,298,0.9963008631319359,1.0,0.0036991368680641184,0.0,1.0,0.9900332225913622,0.7285843101893598,72.85843101893597,0.9981504315659679
vit,ensemble5,internal_val,0.603,808,3,0,298,0.9963008631319359,1.0,0.0036991368680641184,0.0,1.0,0.9900332225913622,0.7285843101893598,72.85843101893597,0.9981504315659679
vit,ensemble5,internal_val,0.604,808,3,0,298,0.9963008631319359,1.0,0.0036991368680641184,0.0,1.0,0.9900332225913622,0.7285843101893598,72.85843101893597,0.9981504315659679
vit,ensemble5,internal_val,0.605,808,3,0,298,0.9963008631319359,1.0,0.0036991368680641184,0.0,1.0,0.9900332225913622,0.7285843101893598,72.85843101893597,0.9981504315659679
vit,ensemble5,internal_val,0.606,808,3,0,298,0.9963008631319359,1.0,0.0036991368680641184,0.0,1.0,0.9900332225913622,0.7285843101893598,72.85843101893597,0.9981504315659679
vit,ensemble5,internal_val,0.607,808,3,0,298,0.9963008631319359,1.0,0.0036991368680641184,0.0,1.0,0.9900332225913622,0.7285843101893598,72.85843101893597,0.9981504315659679
vit,ensemble5,internal_val,0.608,808,3,0,298,0.9963008631319359,1.0,0.0036991368680641184,0.0,1.0,0.9900332225913622,0.7285843101893598,72.85843101893597,0.9981504315659679
vit,ensemble5,internal_val,0.609,808,3,0,298,0.9963008631319359,1.0,0.0036991368680641184,0.0,1.0,0.9900332225913622,0.7285843101893598,72.85843101893597,0.9981504315659679
vit,ensemble5,internal_val,0.61,808,3,0,298,0.9963008631319359,1.0,0.0036991368680641184,0.0,1.0,0.9900332225913622,0.7285843101893598,72.85843101893597,0.9981504315659679
vit,ensemble5,internal_val,0.611,808,3,0,298,0.9963008631319359,1.0,0.0036991368680641184,0.0,1.0,0.9900332225913622,0.7285843101893598,72.85843101893597,0.9981504315659679
vit,ensemble5,internal_val,0.612,808,3,0,298,0.9963008631319359,1.0,0.0036991368680641184,0.0,1.0,0.9900332225913622,0.7285843101893598,72.85843101893597,0.9981504315659679
vit,ensemble5,internal_val,0.613,808,3,0,298,0.9963008631319359,1.0,0.0036991368680641184,0.0,1.0,0.9900332225913622,0.7285843101893598,72.85843101893597,0.9981504315659679
vit,ensemble5,internal_val,0.614,808,3,0,298,0.9963008631319359,1.0,0.0036991368680641184,0.0,1.0,0.9900332225913622,0.7285843101893598,72.85843101893597,0.9981504315659679
vit,ensemble5,internal_val,0.615,808,3,0,298,0.9963008631319359,1.0,0.0036991368680641184,0.0,1.0,0.9900332225913622,0.7285843101893598,72.85843101893597,0.9981504315659679
vit,ensemble5,internal_val,0.616,808,3,0,298,0.9963008631319359,1.0,0.0036991368680641184,0.0,1.0,0.9900332225913622,0.7285843101893598,72.85843101893597,0.9981504315659679
vit,ensemble5,internal_val,0.617,808,3,0,298,0.9963008631319359,1.0,0.0036991368680641184,0.0,1.0,0.9900332225913622,0.7285843101893598,72.85843101893597,0.9981504315659679
vit,ensemble5,internal_val,0.618,808,3,0,298,0.9963008631319359,1.0,0.0036991368680641184,0.0,1.0,0.9900332225913622,0.7285843101893598,72.85843101893597,0.9981504315659679
vit,ensemble5,internal_val,0.619,808,3,0,298,0.9963008631319359,1.0,0.0036991368680641184,0.0,1.0,0.9900332225913622,0.7285843101893598,72.85843101893597,0.9981504315659679
vit,ensemble5,internal_val,0.62,808,3,0,298,0.9963008631319359,1.0,0.0036991368680641184,0.0,1.0,0.9900332225913622,0.7285843101893598,72.85843101893597,0.9981504315659679
vit,ensemble5,internal_val,0.621,808,3,0,298,0.9963008631319359,1.0,0.0036991368680641184,0.0,1.0,0.9900332225913622,0.7285843101893598,72.85843101893597,0.9981504315659679
vit,ensemble5,internal_val,0.622,808,3,0,298,0.9963008631319359,1.0,0.0036991368680641184,0.0,1.0,0.9900332225913622,0.7285843101893598,72.85843101893597,0.9981504315659679
vit,ensemble5,internal_val,0.623,808,3,0,298,0.9963008631319359,1.0,0.0036991368680641184,0.0,1.0,0.9900332225913622,0.7285843101893598,72.85843101893597,0.9981504315659679
vit,ensemble5,internal_val,0.624,808,3,0,298,0.9963008631319359,1.0,0.0036991368680641184,0.0,1.0,0.9900332225913622,0.7285843101893598,72.85843101893597,0.9981504315659679
vit,ensemble5,internal_val,0.625,808,3,0,298,0.9963008631319359,1.0,0.0036991368680641184,0.0,1.0,0.9900332225913622,0.7285843101893598,72.85843101893597,0.9981504315659679
vit,ensemble5,internal_val,0.626,808,3,0,298,0.9963008631319359,1.0,0.0036991368680641184,0.0,1.0,0.9900332225913622,0.7285843101893598,72.85843101893597,0.9981504315659679
vit,ensemble5,internal_val,0.627,808,3,0,298,0.9963008631319359,1.0,0.0036991368680641184,0.0,1.0,0.9900332225913622,0.7285843101893598,72.85843101893597,0.9981504315659679
vit,ensemble5,internal_val,0.628,808,3,0,298,0.9963008631319359,1.0,0.0036991368680641184,0.0,1.0,0.9900332225913622,0.7285843101893598,72.85843101893597,0.9981504315659679
vit,ensemble5,internal_val,0.629,808,3,0,298,0.9963008631319359,1.0,0.0036991368680641184,0.0,1.0,0.9900332225913622,0.7285843101893598,72.85843101893597,0.9981504315659679
vit,ensemble5,internal_val,0.63,808,3,0,298,0.9963008631319359,1.0,0.0036991368680641184,0.0,1.0,0.9900332225913622,0.7285843101893598,72.85843101893597,0.9981504315659679
vit,ensemble5,internal_val,0.631,808,3,0,298,0.9963008631319359,1.0,0.0036991368680641184,0.0,1.0,0.9900332225913622,0.7285843101893598,72.85843101893597,0.9981504315659679
vit,ensemble5,internal_val,0.632,808,3,0,298,0.9963008631319359,1.0,0.0036991368680641184,0.0,1.0,0.9900332225913622,0.7285843101893598,72.85843101893597,0.9981504315659679
vit,ensemble5,internal_val,0.633,808,3,0,298,0.9963008631319359,1.0,0.0036991368680641184,0.0,1.0,0.9900332225913622,0.7285843101893598,72.85843101893597,0.9981504315659679
vit,ensemble5,internal_val,0.634,808,3,0,298,0.9963008631319359,1.0,0.0036991368680641184,0.0,1.0,0.9900332225913622,0.7285843101893598,72.85843101893597,0.9981504315659679
vit,ensemble5,internal_val,0.635,808,3,0,298,0.9963008631319359,1.0,0.0036991368680641184,0.0,1.0,0.9900332225913622,0.7285843101893598,72.85843101893597,0.9981504315659679
vit,ensemble5,internal_val,0.636,808,3,0,298,0.9963008631319359,1.0,0.0036991368680641184,0.0,1.0,0.9900332225913622,0.7285843101893598,72.85843101893597,0.9981504315659679
vit,ensemble5,internal_val,0.637,808,3,0,298,0.9963008631319359,1.0,0.0036991368680641184,0.0,1.0,0.9900332225913622,0.7285843101893598,72.85843101893597,0.9981504315659679
vit,ensemble5,internal_val,0.638,808,3,0,298,0.9963008631319359,1.0,0.0036991368680641184,0.0,1.0,0.9900332225913622,0.7285843101893598,72.85843101893597,0.9981504315659679
vit,ensemble5,internal_val,0.639,808,3,0,298,0.9963008631319359,1.0,0.0036991368680641184,0.0,1.0,0.9900332225913622,0.7285843101893598,72.85843101893597,0.9981504315659679
vit,ensemble5,internal_val,0.64,808,3,0,298,0.9963008631319359,1.0,0.0036991368680641184,0.0,1.0,0.9900332225913622,0.7285843101893598,72.85843101893597,0.9981504315659679
vit,ensemble5,internal_val,0.641,808,3,0,298,0.9963008631319359,1.0,0.0036991368680641184,0.0,1.0,0.9900332225913622,0.7285843101893598,72.85843101893597,0.9981504315659679
vit,ensemble5,internal_val,0.642,808,3,0,298,0.9963008631319359,1.0,0.0036991368680641184,0.0,1.0,0.9900332225913622,0.7285843101893598,72.85843101893597,0.9981504315659679
vit,ensemble5,internal_val,0.643,808,3,0,298,0.9963008631319359,1.0,0.0036991368680641184,0.0,1.0,0.9900332225913622,0.7285843101893598,72.85843101893597,0.9981504315659679
vit,ensemble5,internal_val,0.644,808,3,0,298,0.9963008631319359,1.0,0.0036991368680641184,0.0,1.0,0.9900332225913622,0.7285843101893598,72.85843101893597,0.9981504315659679
vit,ensemble5,internal_val,0.645,808,3,0,298,0.9963008631319359,1.0,0.0036991368680641184,0.0,1.0,0.9900332225913622,0.7285843101893598,72.85843101893597,0.9981504315659679
vit,ensemble5,internal_val,0.646,808,3,0,298,0.9963008631319359,1.0,0.0036991368680641184,0.0,1.0,0.9900332225913622,0.7285843101893598,72.85843101893597,0.9981504315659679
vit,ensemble5,internal_val,0.647,808,3,0,298,0.9963008631319359,1.0,0.0036991368680641184,0.0,1.0,0.9900332225913622,0.7285843101893598,72.85843101893597,0.9981504315659679
vit,ensemble5,internal_val,0.648,808,3,0,298,0.9963008631319359,1.0,0.0036991368680641184,0.0,1.0,0.9900332225913622,0.7285843101893598,72.85843101893597,0.9981504315659679
vit,ensemble5,internal_val,0.649,808,3,0,298,0.9963008631319359,1.0,0.0036991368680641184,0.0,1.0,0.9900332225913622,0.7285843101893598,72.85843101893597,0.9981504315659679
vit,ensemble5,internal_val,0.65,808,3,0,298,0.9963008631319359,1.0,0.0036991368680641184,0.0,1.0,0.9900332225913622,0.7285843101893598,72.85843101893597,0.9981504315659679
vit,ensemble5,internal_val,0.651,808,3,0,298,0.9963008631319359,1.0,0.0036991368680641184,0.0,1.0,0.9900332225913622,0.7285843101893598,72.85843101893597,0.9981504315659679
vit,ensemble5,internal_val,0.652,808,3,0,298,0.9963008631319359,1.0,0.0036991368680641184,0.0,1.0,0.9900332225913622,0.7285843101893598,72.85843101893597,0.9981504315659679
vit,ensemble5,internal_val,0.653,808,3,0,298,0.9963008631319359,1.0,0.0036991368680641184,0.0,1.0,0.9900332225913622,0.7285843101893598,72.85843101893597,0.9981504315659679
vit,ensemble5,internal_val,0.654,808,3,0,298,0.9963008631319359,1.0,0.0036991368680641184,0.0,1.0,0.9900332225913622,0.7285843101893598,72.85843101893597,0.9981504315659679
vit,ensemble5,internal_val,0.655,808,3,0,298,0.9963008631319359,1.0,0.0036991368680641184,0.0,1.0,0.9900332225913622,0.7285843101893598,72.85843101893597,0.9981504315659679
vit,ensemble5,internal_val,0.656,808,3,0,298,0.9963008631319359,1.0,0.0036991368680641184,0.0,1.0,0.9900332225913622,0.7285843101893598,72.85843101893597,0.9981504315659679
vit,ensemble5,internal_val,0.657,808,3,0,298,0.9963008631319359,1.0,0.0036991368680641184,0.0,1.0,0.9900332225913622,0.7285843101893598,72.85843101893597,0.9981504315659679
vit,ensemble5,internal_val,0.658,808,3,0,298,0.9963008631319359,1.0,0.0036991368680641184,0.0,1.0,0.9900332225913622,0.7285843101893598,72.85843101893597,0.9981504315659679
vit,ensemble5,internal_val,0.659,808,3,0,298,0.9963008631319359,1.0,0.0036991368680641184,0.0,1.0,0.9900332225913622,0.7285843101893598,72.85843101893597,0.9981504315659679
vit,ensemble5,internal_val,0.66,808,3,0,298,0.9963008631319359,1.0,0.0036991368680641184,0.0,1.0,0.9900332225913622,0.7285843101893598,72.85843101893597,0.9981504315659679
vit,ensemble5,internal_val,0.661,808,3,0,298,0.9963008631319359,1.0,0.0036991368680641184,0.0,1.0,0.9900332225913622,0.7285843101893598,72.85843101893597,0.9981504315659679
vit,ensemble5,internal_val,0.662,808,3,0,298,0.9963008631319359,1.0,0.0036991368680641184,0.0,1.0,0.9900332225913622,0.7285843101893598,72.85843101893597,0.9981504315659679
vit,ensemble5,internal_val,0.663,808,3,0,298,0.9963008631319359,1.0,0.0036991368680641184,0.0,1.0,0.9900332225913622,0.7285843101893598,72.85843101893597,0.9981504315659679
vit,ensemble5,internal_val,0.664,808,3,0,298,0.9963008631319359,1.0,0.0036991368680641184,0.0,1.0,0.9900332225913622,0.7285843101893598,72.85843101893597,0.9981504315659679
vit,ensemble5,internal_val,0.665,808,3,0,298,0.9963008631319359,1.0,0.0036991368680641184,0.0,1.0,0.9900332225913622,0.7285843101893598,72.85843101893597,0.9981504315659679
vit,ensemble5,internal_val,0.666,808,3,0,298,0.9963008631319359,1.0,0.0036991368680641184,0.0,1.0,0.9900332225913622,0.7285843101893598,72.85843101893597,0.9981504315659679
vit,ensemble5,internal_val,0.667,808,3,0,298,0.9963008631319359,1.0,0.0036991368680641184,0.0,1.0,0.9900332225913622,0.7285843101893598,72.85843101893597,0.9981504315659679
vit,ensemble5,internal_val,0.668,808,3,0,298,0.9963008631319359,1.0,0.0036991368680641184,0.0,1.0,0.9900332225913622,0.7285843101893598,72.85843101893597,0.9981504315659679
vit,ensemble5,internal_val,0.669,808,3,0,298,0.9963008631319359,1.0,0.0036991368680641184,0.0,1.0,0.9900332225913622,0.7285843101893598,72.85843101893597,0.9981504315659679
vit,ensemble5,internal_val,0.67,808,3,0,298,0.9963008631319359,1.0,0.0036991368680641184,0.0,1.0,0.9900332225913622,0.7285843101893598,72.85843101893597,0.9981504315659679
vit,ensemble5,internal_val,0.671,808,3,0,298,0.9963008631319359,1.0,0.0036991368680641184,0.0,1.0,0.9900332225913622,0.7285843101893598,72.85843101893597,0.9981504315659679
vit,ensemble5,internal_val,0.672,808,3,0,298,0.9963008631319359,1.0,0.0036991368680641184,0.0,1.0,0.9900332225913622,0.7285843101893598,72.85843101893597,0.9981504315659679
vit,ensemble5,internal_val,0.673,808,3,0,298,0.9963008631319359,1.0,0.0036991368680641184,0.0,1.0,0.9900332225913622,0.7285843101893598,72.85843101893597,0.9981504315659679
vit,ensemble5,internal_val,0.674,808,3,0,298,0.9963008631319359,1.0,0.0036991368680641184,0.0,1.0,0.9900332225913622,0.7285843101893598,72.85843101893597,0.9981504315659679
vit,ensemble5,internal_val,0.675,808,3,0,298,0.9963008631319359,1.0,0.0036991368680641184,0.0,1.0,0.9900332225913622,0.7285843101893598,72.85843101893597,0.9981504315659679
vit,ensemble5,internal_val,0.676,808,3,0,298,0.9963008631319359,1.0,0.0036991368680641184,0.0,1.0,0.9900332225913622,0.7285843101893598,72.85843101893597,0.9981504315659679
vit,ensemble5,internal_val,0.677,808,3,0,298,0.9963008631319359,1.0,0.0036991368680641184,0.0,1.0,0.9900332225913622,0.7285843101893598,72.85843101893597,0.9981504315659679
vit,ensemble5,internal_val,0.678,808,3,0,298,0.9963008631319359,1.0,0.0036991368680641184,0.0,1.0,0.9900332225913622,0.7285843101893598,72.85843101893597,0.9981504315659679
vit,ensemble5,internal_val,0.679,808,3,0,298,0.9963008631319359,1.0,0.0036991368680641184,0.0,1.0,0.9900332225913622,0.7285843101893598,72.85843101893597,0.9981504315659679
vit,ensemble5,internal_val,0.68,808,3,0,298,0.9963008631319359,1.0,0.0036991368680641184,0.0,1.0,0.9900332225913622,0.7285843101893598,72.85843101893597,0.9981504315659679
vit,ensemble5,internal_val,0.681,808,3,0,298,0.9963008631319359,1.0,0.0036991368680641184,0.0,1.0,0.9900332225913622,0.7285843101893598,72.85843101893597,0.9981504315659679
vit,ensemble5,internal_val,0.682,808,3,0,298,0.9963008631319359,1.0,0.0036991368680641184,0.0,1.0,0.9900332225913622,0.7285843101893598,72.85843101893597,0.9981504315659679
vit,ensemble5,internal_val,0.683,808,3,0,298,0.9963008631319359,1.0,0.0036991368680641184,0.0,1.0,0.9900332225913622,0.7285843101893598,72.85843101893597,0.9981504315659679
vit,ensemble5,internal_val,0.684,808,3,0,298,0.9963008631319359,1.0,0.0036991368680641184,0.0,1.0,0.9900332225913622,0.7285843101893598,72.85843101893597,0.9981504315659679
vit,ensemble5,internal_val,0.685,808,3,0,298,0.9963008631319359,1.0,0.0036991368680641184,0.0,1.0,0.9900332225913622,0.7285843101893598,72.85843101893597,0.9981504315659679
vit,ensemble5,internal_val,0.686,808,3,0,298,0.9963008631319359,1.0,0.0036991368680641184,0.0,1.0,0.9900332225913622,0.7285843101893598,72.85843101893597,0.9981504315659679
vit,ensemble5,internal_val,0.687,808,3,0,298,0.9963008631319359,1.0,0.0036991368680641184,0.0,1.0,0.9900332225913622,0.7285843101893598,72.85843101893597,0.9981504315659679
vit,ensemble5,internal_val,0.6880000000000001,808,3,0,298,0.9963008631319359,1.0,0.0036991368680641184,0.0,1.0,0.9900332225913622,0.7285843101893598,72.85843101893597,0.9981504315659679
vit,ensemble5,internal_val,0.6890000000000001,808,3,0,298,0.9963008631319359,1.0,0.0036991368680641184,0.0,1.0,0.9900332225913622,0.7285843101893598,72.85843101893597,0.9981504315659679
vit,ensemble5,internal_val,0.6900000000000001,808,3,0,298,0.9963008631319359,1.0,0.0036991368680641184,0.0,1.0,0.9900332225913622,0.7285843101893598,72.85843101893597,0.9981504315659679
vit,ensemble5,internal_val,0.6910000000000001,808,3,0,298,0.9963008631319359,1.0,0.0036991368680641184,0.0,1.0,0.9900332225913622,0.7285843101893598,72.85843101893597,0.9981504315659679
vit,ensemble5,internal_val,0.6920000000000001,808,3,0,298,0.9963008631319359,1.0,0.0036991368680641184,0.0,1.0,0.9900332225913622,0.7285843101893598,72.85843101893597,0.9981504315659679
vit,ensemble5,internal_val,0.6930000000000001,808,3,0,298,0.9963008631319359,1.0,0.0036991368680641184,0.0,1.0,0.9900332225913622,0.7285843101893598,72.85843101893597,0.9981504315659679
vit,ensemble5,internal_val,0.6940000000000001,808,3,0,298,0.9963008631319359,1.0,0.0036991368680641184,0.0,1.0,0.9900332225913622,0.7285843101893598,72.85843101893597,0.9981504315659679
vit,ensemble5,internal_val,0.6950000000000001,808,3,0,298,0.9963008631319359,1.0,0.0036991368680641184,0.0,1.0,0.9900332225913622,0.7285843101893598,72.85843101893597,0.9981504315659679
vit,ensemble5,internal_val,0.6960000000000001,808,3,0,298,0.9963008631319359,1.0,0.0036991368680641184,0.0,1.0,0.9900332225913622,0.7285843101893598,72.85843101893597,0.9981504315659679
vit,ensemble5,internal_val,0.6970000000000001,808,3,0,298,0.9963008631319359,1.0,0.0036991368680641184,0.0,1.0,0.9900332225913622,0.7285843101893598,72.85843101893597,0.9981504315659679
vit,ensemble5,internal_val,0.6980000000000001,807,4,0,298,0.9950678175092479,1.0,0.004932182490752158,0.0,1.0,0.9867549668874173,0.7276825969341749,72.76825969341749,0.997533908754624
vit,ensemble5,internal_val,0.6990000000000001,807,4,0,298,0.9950678175092479,1.0,0.004932182490752158,0.0,1.0,0.9867549668874173,0.7276825969341749,72.76825969341749,0.997533908754624
vit,ensemble5,internal_val,0.7000000000000001,807,4,0,298,0.9950678175092479,1.0,0.004932182490752158,0.0,1.0,0.9867549668874173,0.7276825969341749,72.76825969341749,0.997533908754624
vit,ensemble5,internal_val,0.7010000000000001,807,4,0,298,0.9950678175092479,1.0,0.004932182490752158,0.0,1.0,0.9867549668874173,0.7276825969341749,72.76825969341749,0.997533908754624
vit,ensemble5,internal_val,0.7020000000000001,807,4,0,298,0.9950678175092479,1.0,0.004932182490752158,0.0,1.0,0.9867549668874173,0.7276825969341749,72.76825969341749,0.997533908754624
vit,ensemble5,internal_val,0.7030000000000001,807,4,0,298,0.9950678175092479,1.0,0.004932182490752158,0.0,1.0,0.9867549668874173,0.7276825969341749,72.76825969341749,0.997533908754624
vit,ensemble5,internal_val,0.704,807,4,0,298,0.9950678175092479,1.0,0.004932182490752158,0.0,1.0,0.9867549668874173,0.7276825969341749,72.76825969341749,0.997533908754624
vit,ensemble5,internal_val,0.705,807,4,0,298,0.9950678175092479,1.0,0.004932182490752158,0.0,1.0,0.9867549668874173,0.7276825969341749,72.76825969341749,0.997533908754624
vit,ensemble5,internal_val,0.706,807,4,0,298,0.9950678175092479,1.0,0.004932182490752158,0.0,1.0,0.9867549668874173,0.7276825969341749,72.76825969341749,0.997533908754624
vit,ensemble5,internal_val,0.707,807,4,0,298,0.9950678175092479,1.0,0.004932182490752158,0.0,1.0,0.9867549668874173,0.7276825969341749,72.76825969341749,0.997533908754624
vit,ensemble5,internal_val,0.708,807,4,0,298,0.9950678175092479,1.0,0.004932182490752158,0.0,1.0,0.9867549668874173,0.7276825969341749,72.76825969341749,0.997533908754624
vit,ensemble5,internal_val,0.709,807,4,0,298,0.9950678175092479,1.0,0.004932182490752158,0.0,1.0,0.9867549668874173,0.7276825969341749,72.76825969341749,0.997533908754624
vit,ensemble5,internal_val,0.71,807,4,0,298,0.9950678175092479,1.0,0.004932182490752158,0.0,1.0,0.9867549668874173,0.7276825969341749,72.76825969341749,0.997533908754624
vit,ensemble5,internal_val,0.711,807,4,0,298,0.9950678175092479,1.0,0.004932182490752158,0.0,1.0,0.9867549668874173,0.7276825969341749,72.76825969341749,0.997533908754624
vit,ensemble5,internal_val,0.712,807,4,0,298,0.9950678175092479,1.0,0.004932182490752158,0.0,1.0,0.9867549668874173,0.7276825969341749,72.76825969341749,0.997533908754624
vit,ensemble5,internal_val,0.713,807,4,0,298,0.9950678175092479,1.0,0.004932182490752158,0.0,1.0,0.9867549668874173,0.7276825969341749,72.76825969341749,0.997533908754624
vit,ensemble5,internal_val,0.714,807,4,0,298,0.9950678175092479,1.0,0.004932182490752158,0.0,1.0,0.9867549668874173,0.7276825969341749,72.76825969341749,0.997533908754624
vit,ensemble5,internal_val,0.715,807,4,0,298,0.9950678175092479,1.0,0.004932182490752158,0.0,1.0,0.9867549668874173,0.7276825969341749,72.76825969341749,0.997533908754624
vit,ensemble5,internal_val,0.716,807,4,0,298,0.9950678175092479,1.0,0.004932182490752158,0.0,1.0,0.9867549668874173,0.7276825969341749,72.76825969341749,0.997533908754624
vit,ensemble5,internal_val,0.717,807,4,0,298,0.9950678175092479,1.0,0.004932182490752158,0.0,1.0,0.9867549668874173,0.7276825969341749,72.76825969341749,0.997533908754624
vit,ensemble5,internal_val,0.718,807,4,0,298,0.9950678175092479,1.0,0.004932182490752158,0.0,1.0,0.9867549668874173,0.7276825969341749,72.76825969341749,0.997533908754624
vit,ensemble5,internal_val,0.719,807,4,0,298,0.9950678175092479,1.0,0.004932182490752158,0.0,1.0,0.9867549668874173,0.7276825969341749,72.76825969341749,0.997533908754624
vit,ensemble5,internal_val,0.72,807,4,0,298,0.9950678175092479,1.0,0.004932182490752158,0.0,1.0,0.9867549668874173,0.7276825969341749,72.76825969341749,0.997533908754624
vit,ensemble5,internal_val,0.721,807,4,0,298,0.9950678175092479,1.0,0.004932182490752158,0.0,1.0,0.9867549668874173,0.7276825969341749,72.76825969341749,0.997533908754624
vit,ensemble5,internal_val,0.722,807,4,0,298,0.9950678175092479,1.0,0.004932182490752158,0.0,1.0,0.9867549668874173,0.7276825969341749,72.76825969341749,0.997533908754624
vit,ensemble5,internal_val,0.723,807,4,0,298,0.9950678175092479,1.0,0.004932182490752158,0.0,1.0,0.9867549668874173,0.7276825969341749,72.76825969341749,0.997533908754624
vit,ensemble5,internal_val,0.724,807,4,0,298,0.9950678175092479,1.0,0.004932182490752158,0.0,1.0,0.9867549668874173,0.7276825969341749,72.76825969341749,0.997533908754624
vit,ensemble5,internal_val,0.725,807,4,0,298,0.9950678175092479,1.0,0.004932182490752158,0.0,1.0,0.9867549668874173,0.7276825969341749,72.76825969341749,0.997533908754624
vit,ensemble5,internal_val,0.726,807,4,0,298,0.9950678175092479,1.0,0.004932182490752158,0.0,1.0,0.9867549668874173,0.7276825969341749,72.76825969341749,0.997533908754624
vit,ensemble5,internal_val,0.727,807,4,0,298,0.9950678175092479,1.0,0.004932182490752158,0.0,1.0,0.9867549668874173,0.7276825969341749,72.76825969341749,0.997533908754624
vit,ensemble5,internal_val,0.728,807,4,0,298,0.9950678175092479,1.0,0.004932182490752158,0.0,1.0,0.9867549668874173,0.7276825969341749,72.76825969341749,0.997533908754624
vit,ensemble5,internal_val,0.729,807,4,0,298,0.9950678175092479,1.0,0.004932182490752158,0.0,1.0,0.9867549668874173,0.7276825969341749,72.76825969341749,0.997533908754624
vit,ensemble5,internal_val,0.73,807,4,0,298,0.9950678175092479,1.0,0.004932182490752158,0.0,1.0,0.9867549668874173,0.7276825969341749,72.76825969341749,0.997533908754624
vit,ensemble5,internal_val,0.731,807,4,0,298,0.9950678175092479,1.0,0.004932182490752158,0.0,1.0,0.9867549668874173,0.7276825969341749,72.76825969341749,0.997533908754624
vit,ensemble5,internal_val,0.732,807,4,0,298,0.9950678175092479,1.0,0.004932182490752158,0.0,1.0,0.9867549668874173,0.7276825969341749,72.76825969341749,0.997533908754624
vit,ensemble5,internal_val,0.733,807,4,0,298,0.9950678175092479,1.0,0.004932182490752158,0.0,1.0,0.9867549668874173,0.7276825969341749,72.76825969341749,0.997533908754624
vit,ensemble5,internal_val,0.734,807,4,0,298,0.9950678175092479,1.0,0.004932182490752158,0.0,1.0,0.9867549668874173,0.7276825969341749,72.76825969341749,0.997533908754624
vit,ensemble5,internal_val,0.735,807,4,0,298,0.9950678175092479,1.0,0.004932182490752158,0.0,1.0,0.9867549668874173,0.7276825969341749,72.76825969341749,0.997533908754624
vit,ensemble5,internal_val,0.736,807,4,0,298,0.9950678175092479,1.0,0.004932182490752158,0.0,1.0,0.9867549668874173,0.7276825969341749,72.76825969341749,0.997533908754624
vit,ensemble5,internal_val,0.737,807,4,0,298,0.9950678175092479,1.0,0.004932182490752158,0.0,1.0,0.9867549668874173,0.7276825969341749,72.76825969341749,0.997533908754624
vit,ensemble5,internal_val,0.738,807,4,0,298,0.9950678175092479,1.0,0.004932182490752158,0.0,1.0,0.9867549668874173,0.7276825969341749,72.76825969341749,0.997533908754624
vit,ensemble5,internal_val,0.739,807,4,0,298,0.9950678175092479,1.0,0.004932182490752158,0.0,1.0,0.9867549668874173,0.7276825969341749,72.76825969341749,0.997533908754624
vit,ensemble5,internal_val,0.74,807,4,0,298,0.9950678175092479,1.0,0.004932182490752158,0.0,1.0,0.9867549668874173,0.7276825969341749,72.76825969341749,0.997533908754624
vit,ensemble5,internal_val,0.741,807,4,0,298,0.9950678175092479,1.0,0.004932182490752158,0.0,1.0,0.9867549668874173,0.7276825969341749,72.76825969341749,0.997533908754624
vit,ensemble5,internal_val,0.742,807,4,0,298,0.9950678175092479,1.0,0.004932182490752158,0.0,1.0,0.9867549668874173,0.7276825969341749,72.76825969341749,0.997533908754624
vit,ensemble5,internal_val,0.743,807,4,0,298,0.9950678175092479,1.0,0.004932182490752158,0.0,1.0,0.9867549668874173,0.7276825969341749,72.76825969341749,0.997533908754624
vit,ensemble5,internal_val,0.744,807,4,0,298,0.9950678175092479,1.0,0.004932182490752158,0.0,1.0,0.9867549668874173,0.7276825969341749,72.76825969341749,0.997533908754624
vit,ensemble5,internal_val,0.745,807,4,0,298,0.9950678175092479,1.0,0.004932182490752158,0.0,1.0,0.9867549668874173,0.7276825969341749,72.76825969341749,0.997533908754624
vit,ensemble5,internal_val,0.746,807,4,0,298,0.9950678175092479,1.0,0.004932182490752158,0.0,1.0,0.9867549668874173,0.7276825969341749,72.76825969341749,0.997533908754624
vit,ensemble5,internal_val,0.747,807,4,0,298,0.9950678175092479,1.0,0.004932182490752158,0.0,1.0,0.9867549668874173,0.7276825969341749,72.76825969341749,0.997533908754624
vit,ensemble5,internal_val,0.748,807,4,0,298,0.9950678175092479,1.0,0.004932182490752158,0.0,1.0,0.9867549668874173,0.7276825969341749,72.76825969341749,0.997533908754624
vit,ensemble5,internal_val,0.749,807,4,0,298,0.9950678175092479,1.0,0.004932182490752158,0.0,1.0,0.9867549668874173,0.7276825969341749,72.76825969341749,0.997533908754624
vit,ensemble5,internal_val,0.75,807,4,0,298,0.9950678175092479,1.0,0.004932182490752158,0.0,1.0,0.9867549668874173,0.7276825969341749,72.76825969341749,0.997533908754624
vit,ensemble5,internal_val,0.751,807,4,0,298,0.9950678175092479,1.0,0.004932182490752158,0.0,1.0,0.9867549668874173,0.7276825969341749,72.76825969341749,0.997533908754624
vit,ensemble5,internal_val,0.752,807,4,0,298,0.9950678175092479,1.0,0.004932182490752158,0.0,1.0,0.9867549668874173,0.7276825969341749,72.76825969341749,0.997533908754624
vit,ensemble5,internal_val,0.753,807,4,0,298,0.9950678175092479,1.0,0.004932182490752158,0.0,1.0,0.9867549668874173,0.7276825969341749,72.76825969341749,0.997533908754624
vit,ensemble5,internal_val,0.754,807,4,0,298,0.9950678175092479,1.0,0.004932182490752158,0.0,1.0,0.9867549668874173,0.7276825969341749,72.76825969341749,0.997533908754624
vit,ensemble5,internal_val,0.755,807,4,0,298,0.9950678175092479,1.0,0.004932182490752158,0.0,1.0,0.9867549668874173,0.7276825969341749,72.76825969341749,0.997533908754624
vit,ensemble5,internal_val,0.756,807,4,0,298,0.9950678175092479,1.0,0.004932182490752158,0.0,1.0,0.9867549668874173,0.7276825969341749,72.76825969341749,0.997533908754624
vit,ensemble5,internal_val,0.757,807,4,0,298,0.9950678175092479,1.0,0.004932182490752158,0.0,1.0,0.9867549668874173,0.7276825969341749,72.76825969341749,0.997533908754624
vit,ensemble5,internal_val,0.758,807,4,0,298,0.9950678175092479,1.0,0.004932182490752158,0.0,1.0,0.9867549668874173,0.7276825969341749,72.76825969341749,0.997533908754624
vit,ensemble5,internal_val,0.759,807,4,0,298,0.9950678175092479,1.0,0.004932182490752158,0.0,1.0,0.9867549668874173,0.7276825969341749,72.76825969341749,0.997533908754624
vit,ensemble5,internal_val,0.76,807,4,0,298,0.9950678175092479,1.0,0.004932182490752158,0.0,1.0,0.9867549668874173,0.7276825969341749,72.76825969341749,0.997533908754624
vit,ensemble5,internal_val,0.761,807,4,0,298,0.9950678175092479,1.0,0.004932182490752158,0.0,1.0,0.9867549668874173,0.7276825969341749,72.76825969341749,0.997533908754624
vit,ensemble5,internal_val,0.762,807,4,0,298,0.9950678175092479,1.0,0.004932182490752158,0.0,1.0,0.9867549668874173,0.7276825969341749,72.76825969341749,0.997533908754624
vit,ensemble5,internal_val,0.763,807,4,0,298,0.9950678175092479,1.0,0.004932182490752158,0.0,1.0,0.9867549668874173,0.7276825969341749,72.76825969341749,0.997533908754624
vit,ensemble5,internal_val,0.764,807,4,0,298,0.9950678175092479,1.0,0.004932182490752158,0.0,1.0,0.9867549668874173,0.7276825969341749,72.76825969341749,0.997533908754624
vit,ensemble5,internal_val,0.765,807,4,0,298,0.9950678175092479,1.0,0.004932182490752158,0.0,1.0,0.9867549668874173,0.7276825969341749,72.76825969341749,0.997533908754624
vit,ensemble5,internal_val,0.766,807,4,0,298,0.9950678175092479,1.0,0.004932182490752158,0.0,1.0,0.9867549668874173,0.7276825969341749,72.76825969341749,0.997533908754624
vit,ensemble5,internal_val,0.767,807,4,0,298,0.9950678175092479,1.0,0.004932182490752158,0.0,1.0,0.9867549668874173,0.7276825969341749,72.76825969341749,0.997533908754624
vit,ensemble5,internal_val,0.768,807,4,0,298,0.9950678175092479,1.0,0.004932182490752158,0.0,1.0,0.9867549668874173,0.7276825969341749,72.76825969341749,0.997533908754624
vit,ensemble5,internal_val,0.769,806,5,0,298,0.9938347718865598,1.0,0.006165228113440197,0.0,1.0,0.9834983498349835,0.7267808836789901,72.67808836789901,0.9969173859432798
vit,ensemble5,internal_val,0.77,806,5,0,298,0.9938347718865598,1.0,0.006165228113440197,0.0,1.0,0.9834983498349835,0.7267808836789901,72.67808836789901,0.9969173859432798
vit,ensemble5,internal_val,0.771,806,5,0,298,0.9938347718865598,1.0,0.006165228113440197,0.0,1.0,0.9834983498349835,0.7267808836789901,72.67808836789901,0.9969173859432798
vit,ensemble5,internal_val,0.772,806,5,0,298,0.9938347718865598,1.0,0.006165228113440197,0.0,1.0,0.9834983498349835,0.7267808836789901,72.67808836789901,0.9969173859432798
vit,ensemble5,internal_val,0.773,806,5,0,298,0.9938347718865598,1.0,0.006165228113440197,0.0,1.0,0.9834983498349835,0.7267808836789901,72.67808836789901,0.9969173859432798
vit,ensemble5,internal_val,0.774,806,5,0,298,0.9938347718865598,1.0,0.006165228113440197,0.0,1.0,0.9834983498349835,0.7267808836789901,72.67808836789901,0.9969173859432798
vit,ensemble5,internal_val,0.775,806,5,0,298,0.9938347718865598,1.0,0.006165228113440197,0.0,1.0,0.9834983498349835,0.7267808836789901,72.67808836789901,0.9969173859432798
vit,ensemble5,internal_val,0.776,806,5,0,298,0.9938347718865598,1.0,0.006165228113440197,0.0,1.0,0.9834983498349835,0.7267808836789901,72.67808836789901,0.9969173859432798
vit,ensemble5,internal_val,0.777,806,5,0,298,0.9938347718865598,1.0,0.006165228113440197,0.0,1.0,0.9834983498349835,0.7267808836789901,72.67808836789901,0.9969173859432798
vit,ensemble5,internal_val,0.778,806,5,0,298,0.9938347718865598,1.0,0.006165228113440197,0.0,1.0,0.9834983498349835,0.7267808836789901,72.67808836789901,0.9969173859432798
vit,ensemble5,internal_val,0.779,806,5,0,298,0.9938347718865598,1.0,0.006165228113440197,0.0,1.0,0.9834983498349835,0.7267808836789901,72.67808836789901,0.9969173859432798
vit,ensemble5,internal_val,0.78,806,5,0,298,0.9938347718865598,1.0,0.006165228113440197,0.0,1.0,0.9834983498349835,0.7267808836789901,72.67808836789901,0.9969173859432798
vit,ensemble5,internal_val,0.781,806,5,0,298,0.9938347718865598,1.0,0.006165228113440197,0.0,1.0,0.9834983498349835,0.7267808836789901,72.67808836789901,0.9969173859432798
vit,ensemble5,internal_val,0.782,806,5,0,298,0.9938347718865598,1.0,0.006165228113440197,0.0,1.0,0.9834983498349835,0.7267808836789901,72.67808836789901,0.9969173859432798
vit,ensemble5,internal_val,0.783,806,5,0,298,0.9938347718865598,1.0,0.006165228113440197,0.0,1.0,0.9834983498349835,0.7267808836789901,72.67808836789901,0.9969173859432798
vit,ensemble5,internal_val,0.784,806,5,0,298,0.9938347718865598,1.0,0.006165228113440197,0.0,1.0,0.9834983498349835,0.7267808836789901,72.67808836789901,0.9969173859432798
vit,ensemble5,internal_val,0.785,806,5,0,298,0.9938347718865598,1.0,0.006165228113440197,0.0,1.0,0.9834983498349835,0.7267808836789901,72.67808836789901,0.9969173859432798
vit,ensemble5,internal_val,0.786,806,5,0,298,0.9938347718865598,1.0,0.006165228113440197,0.0,1.0,0.9834983498349835,0.7267808836789901,72.67808836789901,0.9969173859432798
vit,ensemble5,internal_val,0.787,806,5,0,298,0.9938347718865598,1.0,0.006165228113440197,0.0,1.0,0.9834983498349835,0.7267808836789901,72.67808836789901,0.9969173859432798
vit,ensemble5,internal_val,0.788,806,5,0,298,0.9938347718865598,1.0,0.006165228113440197,0.0,1.0,0.9834983498349835,0.7267808836789901,72.67808836789901,0.9969173859432798
vit,ensemble5,internal_val,0.789,806,5,0,298,0.9938347718865598,1.0,0.006165228113440197,0.0,1.0,0.9834983498349835,0.7267808836789901,72.67808836789901,0.9969173859432798
vit,ensemble5,internal_val,0.79,806,5,0,298,0.9938347718865598,1.0,0.006165228113440197,0.0,1.0,0.9834983498349835,0.7267808836789901,72.67808836789901,0.9969173859432798
vit,ensemble5,internal_val,0.791,806,5,0,298,0.9938347718865598,1.0,0.006165228113440197,0.0,1.0,0.9834983498349835,0.7267808836789901,72.67808836789901,0.9969173859432798
vit,ensemble5,internal_val,0.792,806,5,0,298,0.9938347718865598,1.0,0.006165228113440197,0.0,1.0,0.9834983498349835,0.7267808836789901,72.67808836789901,0.9969173859432798
vit,ensemble5,internal_val,0.793,806,5,0,298,0.9938347718865598,1.0,0.006165228113440197,0.0,1.0,0.9834983498349835,0.7267808836789901,72.67808836789901,0.9969173859432798
vit,ensemble5,internal_val,0.794,806,5,0,298,0.9938347718865598,1.0,0.006165228113440197,0.0,1.0,0.9834983498349835,0.7267808836789901,72.67808836789901,0.9969173859432798
vit,ensemble5,internal_val,0.795,806,5,0,298,0.9938347718865598,1.0,0.006165228113440197,0.0,1.0,0.9834983498349835,0.7267808836789901,72.67808836789901,0.9969173859432798
vit,ensemble5,internal_val,0.796,806,5,0,298,0.9938347718865598,1.0,0.006165228113440197,0.0,1.0,0.9834983498349835,0.7267808836789901,72.67808836789901,0.9969173859432798
vit,ensemble5,internal_val,0.797,806,5,0,298,0.9938347718865598,1.0,0.006165228113440197,0.0,1.0,0.9834983498349835,0.7267808836789901,72.67808836789901,0.9969173859432798
vit,ensemble5,internal_val,0.798,806,5,0,298,0.9938347718865598,1.0,0.006165228113440197,0.0,1.0,0.9834983498349835,0.7267808836789901,72.67808836789901,0.9969173859432798
vit,ensemble5,internal_val,0.799,806,5,0,298,0.9938347718865598,1.0,0.006165228113440197,0.0,1.0,0.9834983498349835,0.7267808836789901,72.67808836789901,0.9969173859432798
vit,ensemble5,internal_val,0.8,806,5,0,298,0.9938347718865598,1.0,0.006165228113440197,0.0,1.0,0.9834983498349835,0.7267808836789901,72.67808836789901,0.9969173859432798
vit,ensemble5,internal_val,0.801,806,5,0,298,0.9938347718865598,1.0,0.006165228113440197,0.0,1.0,0.9834983498349835,0.7267808836789901,72.67808836789901,0.9969173859432798
vit,ensemble5,internal_val,0.802,806,5,0,298,0.9938347718865598,1.0,0.006165228113440197,0.0,1.0,0.9834983498349835,0.7267808836789901,72.67808836789901,0.9969173859432798
vit,ensemble5,internal_val,0.803,806,5,0,298,0.9938347718865598,1.0,0.006165228113440197,0.0,1.0,0.9834983498349835,0.7267808836789901,72.67808836789901,0.9969173859432798
vit,ensemble5,internal_val,0.804,806,5,0,298,0.9938347718865598,1.0,0.006165228113440197,0.0,1.0,0.9834983498349835,0.7267808836789901,72.67808836789901,0.9969173859432798
vit,ensemble5,internal_val,0.805,806,5,0,298,0.9938347718865598,1.0,0.006165228113440197,0.0,1.0,0.9834983498349835,0.7267808836789901,72.67808836789901,0.9969173859432798
vit,ensemble5,internal_val,0.806,806,5,0,298,0.9938347718865598,1.0,0.006165228113440197,0.0,1.0,0.9834983498349835,0.7267808836789901,72.67808836789901,0.9969173859432798
vit,ensemble5,internal_val,0.807,806,5,0,298,0.9938347718865598,1.0,0.006165228113440197,0.0,1.0,0.9834983498349835,0.7267808836789901,72.67808836789901,0.9969173859432798
vit,ensemble5,internal_val,0.808,806,5,0,298,0.9938347718865598,1.0,0.006165228113440197,0.0,1.0,0.9834983498349835,0.7267808836789901,72.67808836789901,0.9969173859432798
vit,ensemble5,internal_val,0.809,806,5,0,298,0.9938347718865598,1.0,0.006165228113440197,0.0,1.0,0.9834983498349835,0.7267808836789901,72.67808836789901,0.9969173859432798
vit,ensemble5,internal_val,0.81,806,5,0,298,0.9938347718865598,1.0,0.006165228113440197,0.0,1.0,0.9834983498349835,0.7267808836789901,72.67808836789901,0.9969173859432798
vit,ensemble5,internal_val,0.811,806,5,0,298,0.9938347718865598,1.0,0.006165228113440197,0.0,1.0,0.9834983498349835,0.7267808836789901,72.67808836789901,0.9969173859432798
vit,ensemble5,internal_val,0.812,806,5,0,298,0.9938347718865598,1.0,0.006165228113440197,0.0,1.0,0.9834983498349835,0.7267808836789901,72.67808836789901,0.9969173859432798
vit,ensemble5,internal_val,0.8130000000000001,806,5,0,298,0.9938347718865598,1.0,0.006165228113440197,0.0,1.0,0.9834983498349835,0.7267808836789901,72.67808836789901,0.9969173859432798
vit,ensemble5,internal_val,0.8140000000000001,806,5,0,298,0.9938347718865598,1.0,0.006165228113440197,0.0,1.0,0.9834983498349835,0.7267808836789901,72.67808836789901,0.9969173859432798
vit,ensemble5,internal_val,0.8150000000000001,806,5,0,298,0.9938347718865598,1.0,0.006165228113440197,0.0,1.0,0.9834983498349835,0.7267808836789901,72.67808836789901,0.9969173859432798
vit,ensemble5,internal_val,0.8160000000000001,805,6,0,298,0.9926017262638718,1.0,0.007398273736128237,0.0,1.0,0.9802631578947368,0.7258791704238052,72.58791704238052,0.9963008631319359
vit,ensemble5,internal_val,0.8170000000000001,805,6,0,298,0.9926017262638718,1.0,0.007398273736128237,0.0,1.0,0.9802631578947368,0.7258791704238052,72.58791704238052,0.9963008631319359
vit,ensemble5,internal_val,0.8180000000000001,805,6,0,298,0.9926017262638718,1.0,0.007398273736128237,0.0,1.0,0.9802631578947368,0.7258791704238052,72.58791704238052,0.9963008631319359
vit,ensemble5,internal_val,0.8190000000000001,805,6,0,298,0.9926017262638718,1.0,0.007398273736128237,0.0,1.0,0.9802631578947368,0.7258791704238052,72.58791704238052,0.9963008631319359
vit,ensemble5,internal_val,0.8200000000000001,805,6,0,298,0.9926017262638718,1.0,0.007398273736128237,0.0,1.0,0.9802631578947368,0.7258791704238052,72.58791704238052,0.9963008631319359
vit,ensemble5,internal_val,0.8210000000000001,805,6,0,298,0.9926017262638718,1.0,0.007398273736128237,0.0,1.0,0.9802631578947368,0.7258791704238052,72.58791704238052,0.9963008631319359
vit,ensemble5,internal_val,0.8220000000000001,805,6,0,298,0.9926017262638718,1.0,0.007398273736128237,0.0,1.0,0.9802631578947368,0.7258791704238052,72.58791704238052,0.9963008631319359
vit,ensemble5,internal_val,0.8230000000000001,805,6,0,298,0.9926017262638718,1.0,0.007398273736128237,0.0,1.0,0.9802631578947368,0.7258791704238052,72.58791704238052,0.9963008631319359
vit,ensemble5,internal_val,0.8240000000000001,805,6,0,298,0.9926017262638718,1.0,0.007398273736128237,0.0,1.0,0.9802631578947368,0.7258791704238052,72.58791704238052,0.9963008631319359
vit,ensemble5,internal_val,0.8250000000000001,805,6,0,298,0.9926017262638718,1.0,0.007398273736128237,0.0,1.0,0.9802631578947368,0.7258791704238052,72.58791704238052,0.9963008631319359
vit,ensemble5,internal_val,0.8260000000000001,805,6,0,298,0.9926017262638718,1.0,0.007398273736128237,0.0,1.0,0.9802631578947368,0.7258791704238052,72.58791704238052,0.9963008631319359
vit,ensemble5,internal_val,0.8270000000000001,805,6,0,298,0.9926017262638718,1.0,0.007398273736128237,0.0,1.0,0.9802631578947368,0.7258791704238052,72.58791704238052,0.9963008631319359
vit,ensemble5,internal_val,0.8280000000000001,805,6,0,298,0.9926017262638718,1.0,0.007398273736128237,0.0,1.0,0.9802631578947368,0.7258791704238052,72.58791704238052,0.9963008631319359
vit,ensemble5,internal_val,0.8290000000000001,805,6,0,298,0.9926017262638718,1.0,0.007398273736128237,0.0,1.0,0.9802631578947368,0.7258791704238052,72.58791704238052,0.9963008631319359
vit,ensemble5,internal_val,0.8300000000000001,805,6,0,298,0.9926017262638718,1.0,0.007398273736128237,0.0,1.0,0.9802631578947368,0.7258791704238052,72.58791704238052,0.9963008631319359
vit,ensemble5,internal_val,0.8310000000000001,805,6,0,298,0.9926017262638718,1.0,0.007398273736128237,0.0,1.0,0.9802631578947368,0.7258791704238052,72.58791704238052,0.9963008631319359
vit,ensemble5,internal_val,0.8320000000000001,805,6,0,298,0.9926017262638718,1.0,0.007398273736128237,0.0,1.0,0.9802631578947368,0.7258791704238052,72.58791704238052,0.9963008631319359
vit,ensemble5,internal_val,0.833,805,6,0,298,0.9926017262638718,1.0,0.007398273736128237,0.0,1.0,0.9802631578947368,0.7258791704238052,72.58791704238052,0.9963008631319359
vit,ensemble5,internal_val,0.834,805,6,0,298,0.9926017262638718,1.0,0.007398273736128237,0.0,1.0,0.9802631578947368,0.7258791704238052,72.58791704238052,0.9963008631319359
vit,ensemble5,internal_val,0.835,804,7,0,298,0.9913686806411838,1.0,0.008631319358816275,0.0,1.0,0.9770491803278688,0.7249774571686204,72.49774571686204,0.9956843403205919
vit,ensemble5,internal_val,0.836,804,7,0,298,0.9913686806411838,1.0,0.008631319358816275,0.0,1.0,0.9770491803278688,0.7249774571686204,72.49774571686204,0.9956843403205919
vit,ensemble5,internal_val,0.837,804,7,0,298,0.9913686806411838,1.0,0.008631319358816275,0.0,1.0,0.9770491803278688,0.7249774571686204,72.49774571686204,0.9956843403205919
vit,ensemble5,internal_val,0.838,804,7,0,298,0.9913686806411838,1.0,0.008631319358816275,0.0,1.0,0.9770491803278688,0.7249774571686204,72.49774571686204,0.9956843403205919
vit,ensemble5,internal_val,0.839,804,7,0,298,0.9913686806411838,1.0,0.008631319358816275,0.0,1.0,0.9770491803278688,0.7249774571686204,72.49774571686204,0.9956843403205919
vit,ensemble5,internal_val,0.84,804,7,0,298,0.9913686806411838,1.0,0.008631319358816275,0.0,1.0,0.9770491803278688,0.7249774571686204,72.49774571686204,0.9956843403205919
vit,ensemble5,internal_val,0.841,804,7,0,298,0.9913686806411838,1.0,0.008631319358816275,0.0,1.0,0.9770491803278688,0.7249774571686204,72.49774571686204,0.9956843403205919
vit,ensemble5,internal_val,0.842,804,7,0,298,0.9913686806411838,1.0,0.008631319358816275,0.0,1.0,0.9770491803278688,0.7249774571686204,72.49774571686204,0.9956843403205919
vit,ensemble5,internal_val,0.843,804,7,0,298,0.9913686806411838,1.0,0.008631319358816275,0.0,1.0,0.9770491803278688,0.7249774571686204,72.49774571686204,0.9956843403205919
vit,ensemble5,internal_val,0.844,804,7,0,298,0.9913686806411838,1.0,0.008631319358816275,0.0,1.0,0.9770491803278688,0.7249774571686204,72.49774571686204,0.9956843403205919
vit,ensemble5,internal_val,0.845,804,7,0,298,0.9913686806411838,1.0,0.008631319358816275,0.0,1.0,0.9770491803278688,0.7249774571686204,72.49774571686204,0.9956843403205919
vit,ensemble5,internal_val,0.846,804,7,0,298,0.9913686806411838,1.0,0.008631319358816275,0.0,1.0,0.9770491803278688,0.7249774571686204,72.49774571686204,0.9956843403205919
vit,ensemble5,internal_val,0.847,804,7,0,298,0.9913686806411838,1.0,0.008631319358816275,0.0,1.0,0.9770491803278688,0.7249774571686204,72.49774571686204,0.9956843403205919
vit,ensemble5,internal_val,0.848,804,7,0,298,0.9913686806411838,1.0,0.008631319358816275,0.0,1.0,0.9770491803278688,0.7249774571686204,72.49774571686204,0.9956843403205919
vit,ensemble5,internal_val,0.849,804,7,0,298,0.9913686806411838,1.0,0.008631319358816275,0.0,1.0,0.9770491803278688,0.7249774571686204,72.49774571686204,0.9956843403205919
vit,ensemble5,internal_val,0.85,804,7,0,298,0.9913686806411838,1.0,0.008631319358816275,0.0,1.0,0.9770491803278688,0.7249774571686204,72.49774571686204,0.9956843403205919
vit,ensemble5,internal_val,0.851,804,7,0,298,0.9913686806411838,1.0,0.008631319358816275,0.0,1.0,0.9770491803278688,0.7249774571686204,72.49774571686204,0.9956843403205919
vit,ensemble5,internal_val,0.852,804,7,0,298,0.9913686806411838,1.0,0.008631319358816275,0.0,1.0,0.9770491803278688,0.7249774571686204,72.49774571686204,0.9956843403205919
vit,ensemble5,internal_val,0.853,804,7,0,298,0.9913686806411838,1.0,0.008631319358816275,0.0,1.0,0.9770491803278688,0.7249774571686204,72.49774571686204,0.9956843403205919
vit,ensemble5,internal_val,0.854,804,7,0,298,0.9913686806411838,1.0,0.008631319358816275,0.0,1.0,0.9770491803278688,0.7249774571686204,72.49774571686204,0.9956843403205919
vit,ensemble5,internal_val,0.855,804,7,0,298,0.9913686806411838,1.0,0.008631319358816275,0.0,1.0,0.9770491803278688,0.7249774571686204,72.49774571686204,0.9956843403205919
vit,ensemble5,internal_val,0.856,804,7,0,298,0.9913686806411838,1.0,0.008631319358816275,0.0,1.0,0.9770491803278688,0.7249774571686204,72.49774571686204,0.9956843403205919
vit,ensemble5,internal_val,0.857,804,7,0,298,0.9913686806411838,1.0,0.008631319358816275,0.0,1.0,0.9770491803278688,0.7249774571686204,72.49774571686204,0.9956843403205919
vit,ensemble5,internal_val,0.858,804,7,0,298,0.9913686806411838,1.0,0.008631319358816275,0.0,1.0,0.9770491803278688,0.7249774571686204,72.49774571686204,0.9956843403205919
vit,ensemble5,internal_val,0.859,804,7,0,298,0.9913686806411838,1.0,0.008631319358816275,0.0,1.0,0.9770491803278688,0.7249774571686204,72.49774571686204,0.9956843403205919
vit,ensemble5,internal_val,0.86,804,7,0,298,0.9913686806411838,1.0,0.008631319358816275,0.0,1.0,0.9770491803278688,0.7249774571686204,72.49774571686204,0.9956843403205919
vit,ensemble5,internal_val,0.861,804,7,0,298,0.9913686806411838,1.0,0.008631319358816275,0.0,1.0,0.9770491803278688,0.7249774571686204,72.49774571686204,0.9956843403205919
vit,ensemble5,internal_val,0.862,804,7,0,298,0.9913686806411838,1.0,0.008631319358816275,0.0,1.0,0.9770491803278688,0.7249774571686204,72.49774571686204,0.9956843403205919
vit,ensemble5,internal_val,0.863,804,7,0,298,0.9913686806411838,1.0,0.008631319358816275,0.0,1.0,0.9770491803278688,0.7249774571686204,72.49774571686204,0.9956843403205919
vit,ensemble5,internal_val,0.864,804,7,0,298,0.9913686806411838,1.0,0.008631319358816275,0.0,1.0,0.9770491803278688,0.7249774571686204,72.49774571686204,0.9956843403205919
vit,ensemble5,internal_val,0.865,804,7,0,298,0.9913686806411838,1.0,0.008631319358816275,0.0,1.0,0.9770491803278688,0.7249774571686204,72.49774571686204,0.9956843403205919
vit,ensemble5,internal_val,0.866,804,7,0,298,0.9913686806411838,1.0,0.008631319358816275,0.0,1.0,0.9770491803278688,0.7249774571686204,72.49774571686204,0.9956843403205919
vit,ensemble5,internal_val,0.867,804,7,0,298,0.9913686806411838,1.0,0.008631319358816275,0.0,1.0,0.9770491803278688,0.7249774571686204,72.49774571686204,0.9956843403205919
vit,ensemble5,internal_val,0.868,804,7,0,298,0.9913686806411838,1.0,0.008631319358816275,0.0,1.0,0.9770491803278688,0.7249774571686204,72.49774571686204,0.9956843403205919
vit,ensemble5,internal_val,0.869,804,7,0,298,0.9913686806411838,1.0,0.008631319358816275,0.0,1.0,0.9770491803278688,0.7249774571686204,72.49774571686204,0.9956843403205919
vit,ensemble5,internal_val,0.87,804,7,0,298,0.9913686806411838,1.0,0.008631319358816275,0.0,1.0,0.9770491803278688,0.7249774571686204,72.49774571686204,0.9956843403205919
vit,ensemble5,internal_val,0.871,804,7,0,298,0.9913686806411838,1.0,0.008631319358816275,0.0,1.0,0.9770491803278688,0.7249774571686204,72.49774571686204,0.9956843403205919
vit,ensemble5,internal_val,0.872,804,7,0,298,0.9913686806411838,1.0,0.008631319358816275,0.0,1.0,0.9770491803278688,0.7249774571686204,72.49774571686204,0.9956843403205919
vit,ensemble5,internal_val,0.873,804,7,0,298,0.9913686806411838,1.0,0.008631319358816275,0.0,1.0,0.9770491803278688,0.7249774571686204,72.49774571686204,0.9956843403205919
vit,ensemble5,internal_val,0.874,804,7,0,298,0.9913686806411838,1.0,0.008631319358816275,0.0,1.0,0.9770491803278688,0.7249774571686204,72.49774571686204,0.9956843403205919
vit,ensemble5,internal_val,0.875,804,7,0,298,0.9913686806411838,1.0,0.008631319358816275,0.0,1.0,0.9770491803278688,0.7249774571686204,72.49774571686204,0.9956843403205919
vit,ensemble5,internal_val,0.876,804,7,0,298,0.9913686806411838,1.0,0.008631319358816275,0.0,1.0,0.9770491803278688,0.7249774571686204,72.49774571686204,0.9956843403205919
vit,ensemble5,internal_val,0.877,804,7,0,298,0.9913686806411838,1.0,0.008631319358816275,0.0,1.0,0.9770491803278688,0.7249774571686204,72.49774571686204,0.9956843403205919
vit,ensemble5,internal_val,0.878,804,7,0,298,0.9913686806411838,1.0,0.008631319358816275,0.0,1.0,0.9770491803278688,0.7249774571686204,72.49774571686204,0.9956843403205919
vit,ensemble5,internal_val,0.879,804,7,0,298,0.9913686806411838,1.0,0.008631319358816275,0.0,1.0,0.9770491803278688,0.7249774571686204,72.49774571686204,0.9956843403205919
vit,ensemble5,internal_val,0.88,804,7,0,298,0.9913686806411838,1.0,0.008631319358816275,0.0,1.0,0.9770491803278688,0.7249774571686204,72.49774571686204,0.9956843403205919
vit,ensemble5,internal_val,0.881,804,7,0,298,0.9913686806411838,1.0,0.008631319358816275,0.0,1.0,0.9770491803278688,0.7249774571686204,72.49774571686204,0.9956843403205919
vit,ensemble5,internal_val,0.882,804,7,0,298,0.9913686806411838,1.0,0.008631319358816275,0.0,1.0,0.9770491803278688,0.7249774571686204,72.49774571686204,0.9956843403205919
vit,ensemble5,internal_val,0.883,804,7,0,298,0.9913686806411838,1.0,0.008631319358816275,0.0,1.0,0.9770491803278688,0.7249774571686204,72.49774571686204,0.9956843403205919
vit,ensemble5,internal_val,0.884,804,7,0,298,0.9913686806411838,1.0,0.008631319358816275,0.0,1.0,0.9770491803278688,0.7249774571686204,72.49774571686204,0.9956843403205919
vit,ensemble5,internal_val,0.885,804,7,0,298,0.9913686806411838,1.0,0.008631319358816275,0.0,1.0,0.9770491803278688,0.7249774571686204,72.49774571686204,0.9956843403205919
vit,ensemble5,internal_val,0.886,804,7,0,298,0.9913686806411838,1.0,0.008631319358816275,0.0,1.0,0.9770491803278688,0.7249774571686204,72.49774571686204,0.9956843403205919
vit,ensemble5,internal_val,0.887,804,7,0,298,0.9913686806411838,1.0,0.008631319358816275,0.0,1.0,0.9770491803278688,0.7249774571686204,72.49774571686204,0.9956843403205919
vit,ensemble5,internal_val,0.888,804,7,0,298,0.9913686806411838,1.0,0.008631319358816275,0.0,1.0,0.9770491803278688,0.7249774571686204,72.49774571686204,0.9956843403205919
vit,ensemble5,internal_val,0.889,804,7,0,298,0.9913686806411838,1.0,0.008631319358816275,0.0,1.0,0.9770491803278688,0.7249774571686204,72.49774571686204,0.9956843403205919
vit,ensemble5,internal_val,0.89,804,7,0,298,0.9913686806411838,1.0,0.008631319358816275,0.0,1.0,0.9770491803278688,0.7249774571686204,72.49774571686204,0.9956843403205919
vit,ensemble5,internal_val,0.891,804,7,0,298,0.9913686806411838,1.0,0.008631319358816275,0.0,1.0,0.9770491803278688,0.7249774571686204,72.49774571686204,0.9956843403205919
vit,ensemble5,internal_val,0.892,804,7,0,298,0.9913686806411838,1.0,0.008631319358816275,0.0,1.0,0.9770491803278688,0.7249774571686204,72.49774571686204,0.9956843403205919
vit,ensemble5,internal_val,0.893,804,7,0,298,0.9913686806411838,1.0,0.008631319358816275,0.0,1.0,0.9770491803278688,0.7249774571686204,72.49774571686204,0.9956843403205919
vit,ensemble5,internal_val,0.894,803,8,0,298,0.9901356350184957,1.0,0.009864364981504316,0.0,1.0,0.9738562091503268,0.7240757439134355,72.40757439134356,0.9950678175092478
vit,ensemble5,internal_val,0.895,803,8,0,298,0.9901356350184957,1.0,0.009864364981504316,0.0,1.0,0.9738562091503268,0.7240757439134355,72.40757439134356,0.9950678175092478
vit,ensemble5,internal_val,0.896,803,8,0,298,0.9901356350184957,1.0,0.009864364981504316,0.0,1.0,0.9738562091503268,0.7240757439134355,72.40757439134356,0.9950678175092478
vit,ensemble5,internal_val,0.897,802,9,0,298,0.9889025893958077,1.0,0.011097410604192354,0.0,1.0,0.9706840390879479,0.7231740306582507,72.31740306582506,0.9944512946979038
vit,ensemble5,internal_val,0.898,802,9,0,298,0.9889025893958077,1.0,0.011097410604192354,0.0,1.0,0.9706840390879479,0.7231740306582507,72.31740306582506,0.9944512946979038
vit,ensemble5,internal_val,0.899,802,9,0,298,0.9889025893958077,1.0,0.011097410604192354,0.0,1.0,0.9706840390879479,0.7231740306582507,72.31740306582506,0.9944512946979038
vit,ensemble5,internal_val,0.9,802,9,0,298,0.9889025893958077,1.0,0.011097410604192354,0.0,1.0,0.9706840390879479,0.7231740306582507,72.31740306582506,0.9944512946979038
vit,ensemble5,internal_val,0.901,802,9,0,298,0.9889025893958077,1.0,0.011097410604192354,0.0,1.0,0.9706840390879479,0.7231740306582507,72.31740306582506,0.9944512946979038
vit,ensemble5,internal_val,0.902,802,9,0,298,0.9889025893958077,1.0,0.011097410604192354,0.0,1.0,0.9706840390879479,0.7231740306582507,72.31740306582506,0.9944512946979038
vit,ensemble5,internal_val,0.903,802,9,0,298,0.9889025893958077,1.0,0.011097410604192354,0.0,1.0,0.9706840390879479,0.7231740306582507,72.31740306582506,0.9944512946979038
vit,ensemble5,internal_val,0.904,802,9,0,298,0.9889025893958077,1.0,0.011097410604192354,0.0,1.0,0.9706840390879479,0.7231740306582507,72.31740306582506,0.9944512946979038
vit,ensemble5,internal_val,0.905,802,9,0,298,0.9889025893958077,1.0,0.011097410604192354,0.0,1.0,0.9706840390879479,0.7231740306582507,72.31740306582506,0.9944512946979038
vit,ensemble5,internal_val,0.906,802,9,0,298,0.9889025893958077,1.0,0.011097410604192354,0.0,1.0,0.9706840390879479,0.7231740306582507,72.31740306582506,0.9944512946979038
vit,ensemble5,internal_val,0.907,802,9,0,298,0.9889025893958077,1.0,0.011097410604192354,0.0,1.0,0.9706840390879479,0.7231740306582507,72.31740306582506,0.9944512946979038
vit,ensemble5,internal_val,0.908,802,9,0,298,0.9889025893958077,1.0,0.011097410604192354,0.0,1.0,0.9706840390879479,0.7231740306582507,72.31740306582506,0.9944512946979038
vit,ensemble5,internal_val,0.909,802,9,0,298,0.9889025893958077,1.0,0.011097410604192354,0.0,1.0,0.9706840390879479,0.7231740306582507,72.31740306582506,0.9944512946979038
vit,ensemble5,internal_val,0.91,802,9,0,298,0.9889025893958077,1.0,0.011097410604192354,0.0,1.0,0.9706840390879479,0.7231740306582507,72.31740306582506,0.9944512946979038
vit,ensemble5,internal_val,0.911,802,9,0,298,0.9889025893958077,1.0,0.011097410604192354,0.0,1.0,0.9706840390879479,0.7231740306582507,72.31740306582506,0.9944512946979038
vit,ensemble5,internal_val,0.912,802,9,0,298,0.9889025893958077,1.0,0.011097410604192354,0.0,1.0,0.9706840390879479,0.7231740306582507,72.31740306582506,0.9944512946979038
vit,ensemble5,internal_val,0.913,802,9,0,298,0.9889025893958077,1.0,0.011097410604192354,0.0,1.0,0.9706840390879479,0.7231740306582507,72.31740306582506,0.9944512946979038
vit,ensemble5,internal_val,0.914,802,9,0,298,0.9889025893958077,1.0,0.011097410604192354,0.0,1.0,0.9706840390879479,0.7231740306582507,72.31740306582506,0.9944512946979038
vit,ensemble5,internal_val,0.915,802,9,0,298,0.9889025893958077,1.0,0.011097410604192354,0.0,1.0,0.9706840390879479,0.7231740306582507,72.31740306582506,0.9944512946979038
vit,ensemble5,internal_val,0.916,802,9,0,298,0.9889025893958077,1.0,0.011097410604192354,0.0,1.0,0.9706840390879479,0.7231740306582507,72.31740306582506,0.9944512946979038
vit,ensemble5,internal_val,0.917,802,9,0,298,0.9889025893958077,1.0,0.011097410604192354,0.0,1.0,0.9706840390879479,0.7231740306582507,72.31740306582506,0.9944512946979038
vit,ensemble5,internal_val,0.918,802,9,0,298,0.9889025893958077,1.0,0.011097410604192354,0.0,1.0,0.9706840390879479,0.7231740306582507,72.31740306582506,0.9944512946979038
vit,ensemble5,internal_val,0.919,802,9,0,298,0.9889025893958077,1.0,0.011097410604192354,0.0,1.0,0.9706840390879479,0.7231740306582507,72.31740306582506,0.9944512946979038
vit,ensemble5,internal_val,0.92,802,9,0,298,0.9889025893958077,1.0,0.011097410604192354,0.0,1.0,0.9706840390879479,0.7231740306582507,72.31740306582506,0.9944512946979038
vit,ensemble5,internal_val,0.921,802,9,0,298,0.9889025893958077,1.0,0.011097410604192354,0.0,1.0,0.9706840390879479,0.7231740306582507,72.31740306582506,0.9944512946979038
vit,ensemble5,internal_val,0.922,802,9,0,298,0.9889025893958077,1.0,0.011097410604192354,0.0,1.0,0.9706840390879479,0.7231740306582507,72.31740306582506,0.9944512946979038
vit,ensemble5,internal_val,0.923,802,9,0,298,0.9889025893958077,1.0,0.011097410604192354,0.0,1.0,0.9706840390879479,0.7231740306582507,72.31740306582506,0.9944512946979038
vit,ensemble5,internal_val,0.924,802,9,0,298,0.9889025893958077,1.0,0.011097410604192354,0.0,1.0,0.9706840390879479,0.7231740306582507,72.31740306582506,0.9944512946979038
vit,ensemble5,internal_val,0.925,802,9,0,298,0.9889025893958077,1.0,0.011097410604192354,0.0,1.0,0.9706840390879479,0.7231740306582507,72.31740306582506,0.9944512946979038
vit,ensemble5,internal_val,0.926,802,9,0,298,0.9889025893958077,1.0,0.011097410604192354,0.0,1.0,0.9706840390879479,0.7231740306582507,72.31740306582506,0.9944512946979038
vit,ensemble5,internal_val,0.927,802,9,0,298,0.9889025893958077,1.0,0.011097410604192354,0.0,1.0,0.9706840390879479,0.7231740306582507,72.31740306582506,0.9944512946979038
vit,ensemble5,internal_val,0.928,802,9,0,298,0.9889025893958077,1.0,0.011097410604192354,0.0,1.0,0.9706840390879479,0.7231740306582507,72.31740306582506,0.9944512946979038
vit,ensemble5,internal_val,0.929,802,9,0,298,0.9889025893958077,1.0,0.011097410604192354,0.0,1.0,0.9706840390879479,0.7231740306582507,72.31740306582506,0.9944512946979038
vit,ensemble5,internal_val,0.93,802,9,0,298,0.9889025893958077,1.0,0.011097410604192354,0.0,1.0,0.9706840390879479,0.7231740306582507,72.31740306582506,0.9944512946979038
vit,ensemble5,internal_val,0.931,802,9,0,298,0.9889025893958077,1.0,0.011097410604192354,0.0,1.0,0.9706840390879479,0.7231740306582507,72.31740306582506,0.9944512946979038
vit,ensemble5,internal_val,0.932,802,9,0,298,0.9889025893958077,1.0,0.011097410604192354,0.0,1.0,0.9706840390879479,0.7231740306582507,72.31740306582506,0.9944512946979038
vit,ensemble5,internal_val,0.933,802,9,0,298,0.9889025893958077,1.0,0.011097410604192354,0.0,1.0,0.9706840390879479,0.7231740306582507,72.31740306582506,0.9944512946979038
vit,ensemble5,internal_val,0.934,802,9,0,298,0.9889025893958077,1.0,0.011097410604192354,0.0,1.0,0.9706840390879479,0.7231740306582507,72.31740306582506,0.9944512946979038
vit,ensemble5,internal_val,0.935,802,9,0,298,0.9889025893958077,1.0,0.011097410604192354,0.0,1.0,0.9706840390879479,0.7231740306582507,72.31740306582506,0.9944512946979038
vit,ensemble5,internal_val,0.936,802,9,0,298,0.9889025893958077,1.0,0.011097410604192354,0.0,1.0,0.9706840390879479,0.7231740306582507,72.31740306582506,0.9944512946979038
vit,ensemble5,internal_val,0.937,802,9,0,298,0.9889025893958077,1.0,0.011097410604192354,0.0,1.0,0.9706840390879479,0.7231740306582507,72.31740306582506,0.9944512946979038
vit,ensemble5,internal_val,0.9380000000000001,802,9,0,298,0.9889025893958077,1.0,0.011097410604192354,0.0,1.0,0.9706840390879479,0.7231740306582507,72.31740306582506,0.9944512946979038
vit,ensemble5,internal_val,0.9390000000000001,802,9,0,298,0.9889025893958077,1.0,0.011097410604192354,0.0,1.0,0.9706840390879479,0.7231740306582507,72.31740306582506,0.9944512946979038
vit,ensemble5,internal_val,0.9400000000000001,802,9,0,298,0.9889025893958077,1.0,0.011097410604192354,0.0,1.0,0.9706840390879479,0.7231740306582507,72.31740306582506,0.9944512946979038
vit,ensemble5,internal_val,0.9410000000000001,802,9,0,298,0.9889025893958077,1.0,0.011097410604192354,0.0,1.0,0.9706840390879479,0.7231740306582507,72.31740306582506,0.9944512946979038
vit,ensemble5,internal_val,0.9420000000000001,802,9,0,298,0.9889025893958077,1.0,0.011097410604192354,0.0,1.0,0.9706840390879479,0.7231740306582507,72.31740306582506,0.9944512946979038
vit,ensemble5,internal_val,0.9430000000000001,802,9,0,298,0.9889025893958077,1.0,0.011097410604192354,0.0,1.0,0.9706840390879479,0.7231740306582507,72.31740306582506,0.9944512946979038
vit,ensemble5,internal_val,0.9440000000000001,802,9,0,298,0.9889025893958077,1.0,0.011097410604192354,0.0,1.0,0.9706840390879479,0.7231740306582507,72.31740306582506,0.9944512946979038
vit,ensemble5,internal_val,0.9450000000000001,802,9,0,298,0.9889025893958077,1.0,0.011097410604192354,0.0,1.0,0.9706840390879479,0.7231740306582507,72.31740306582506,0.9944512946979038
vit,ensemble5,internal_val,0.9460000000000001,802,9,0,298,0.9889025893958077,1.0,0.011097410604192354,0.0,1.0,0.9706840390879479,0.7231740306582507,72.31740306582506,0.9944512946979038
vit,ensemble5,internal_val,0.9470000000000001,802,9,0,298,0.9889025893958077,1.0,0.011097410604192354,0.0,1.0,0.9706840390879479,0.7231740306582507,72.31740306582506,0.9944512946979038
vit,ensemble5,internal_val,0.9480000000000001,802,9,0,298,0.9889025893958077,1.0,0.011097410604192354,0.0,1.0,0.9706840390879479,0.7231740306582507,72.31740306582506,0.9944512946979038
vit,ensemble5,internal_val,0.9490000000000001,802,9,0,298,0.9889025893958077,1.0,0.011097410604192354,0.0,1.0,0.9706840390879479,0.7231740306582507,72.31740306582506,0.9944512946979038
vit,ensemble5,internal_val,0.9500000000000001,802,9,0,298,0.9889025893958077,1.0,0.011097410604192354,0.0,1.0,0.9706840390879479,0.7231740306582507,72.31740306582506,0.9944512946979038
vit,ensemble5,internal_val,0.9510000000000001,802,9,0,298,0.9889025893958077,1.0,0.011097410604192354,0.0,1.0,0.9706840390879479,0.7231740306582507,72.31740306582506,0.9944512946979038
vit,ensemble5,internal_val,0.9520000000000001,802,9,0,298,0.9889025893958077,1.0,0.011097410604192354,0.0,1.0,0.9706840390879479,0.7231740306582507,72.31740306582506,0.9944512946979038
vit,ensemble5,internal_val,0.9530000000000001,802,9,0,298,0.9889025893958077,1.0,0.011097410604192354,0.0,1.0,0.9706840390879479,0.7231740306582507,72.31740306582506,0.9944512946979038
vit,ensemble5,internal_val,0.9540000000000001,802,9,0,298,0.9889025893958077,1.0,0.011097410604192354,0.0,1.0,0.9706840390879479,0.7231740306582507,72.31740306582506,0.9944512946979038
vit,ensemble5,internal_val,0.9550000000000001,802,9,0,298,0.9889025893958077,1.0,0.011097410604192354,0.0,1.0,0.9706840390879479,0.7231740306582507,72.31740306582506,0.9944512946979038
vit,ensemble5,internal_val,0.9560000000000001,802,9,0,298,0.9889025893958077,1.0,0.011097410604192354,0.0,1.0,0.9706840390879479,0.7231740306582507,72.31740306582506,0.9944512946979038
vit,ensemble5,internal_val,0.9570000000000001,802,9,0,298,0.9889025893958077,1.0,0.011097410604192354,0.0,1.0,0.9706840390879479,0.7231740306582507,72.31740306582506,0.9944512946979038
vit,ensemble5,internal_val,0.9580000000000001,802,9,0,298,0.9889025893958077,1.0,0.011097410604192354,0.0,1.0,0.9706840390879479,0.7231740306582507,72.31740306582506,0.9944512946979038
vit,ensemble5,internal_val,0.9590000000000001,802,9,0,298,0.9889025893958077,1.0,0.011097410604192354,0.0,1.0,0.9706840390879479,0.7231740306582507,72.31740306582506,0.9944512946979038
vit,ensemble5,internal_val,0.96,802,9,0,298,0.9889025893958077,1.0,0.011097410604192354,0.0,1.0,0.9706840390879479,0.7231740306582507,72.31740306582506,0.9944512946979038
vit,ensemble5,internal_val,0.961,802,9,0,298,0.9889025893958077,1.0,0.011097410604192354,0.0,1.0,0.9706840390879479,0.7231740306582507,72.31740306582506,0.9944512946979038
vit,ensemble5,internal_val,0.962,801,10,0,298,0.9876695437731196,1.0,0.012330456226880395,0.0,1.0,0.9675324675324676,0.7222723174030659,72.22723174030658,0.9938347718865598
vit,ensemble5,internal_val,0.963,800,11,0,298,0.9864364981504316,1.0,0.013563501849568433,0.0,1.0,0.9644012944983819,0.721370604147881,72.1370604147881,0.9932182490752157
vit,ensemble5,internal_val,0.964,800,11,0,298,0.9864364981504316,1.0,0.013563501849568433,0.0,1.0,0.9644012944983819,0.721370604147881,72.1370604147881,0.9932182490752157
vit,ensemble5,internal_val,0.965,799,12,0,298,0.9852034525277436,1.0,0.014796547472256474,0.0,1.0,0.9612903225806452,0.7204688908926962,72.04688908926961,0.9926017262638718
vit,ensemble5,internal_val,0.966,799,12,0,298,0.9852034525277436,1.0,0.014796547472256474,0.0,1.0,0.9612903225806452,0.7204688908926962,72.04688908926961,0.9926017262638718
vit,ensemble5,internal_val,0.967,799,12,0,298,0.9852034525277436,1.0,0.014796547472256474,0.0,1.0,0.9612903225806452,0.7204688908926962,72.04688908926961,0.9926017262638718
vit,ensemble5,internal_val,0.968,798,13,0,298,0.9839704069050554,1.0,0.016029593094944512,0.0,1.0,0.9581993569131833,0.7195671776375113,71.95671776375113,0.9919852034525277
vit,ensemble5,internal_val,0.969,796,15,0,298,0.9815043156596794,1.0,0.018495684340320593,0.0,1.0,0.952076677316294,0.7177637511271415,71.77637511271416,0.9907521578298397
vit,ensemble5,internal_val,0.97,796,15,0,298,0.9815043156596794,1.0,0.018495684340320593,0.0,1.0,0.952076677316294,0.7177637511271415,71.77637511271416,0.9907521578298397
vit,ensemble5,internal_val,0.971,794,17,0,298,0.9790382244143033,1.0,0.02096177558569667,0.0,1.0,0.946031746031746,0.7159603246167718,71.59603246167718,0.9895191122071516
vit,ensemble5,internal_val,0.972,794,17,0,298,0.9790382244143033,1.0,0.02096177558569667,0.0,1.0,0.946031746031746,0.7159603246167718,71.59603246167718,0.9895191122071516
vit,ensemble5,internal_val,0.973,794,17,0,298,0.9790382244143033,1.0,0.02096177558569667,0.0,1.0,0.946031746031746,0.7159603246167718,71.59603246167718,0.9895191122071516
vit,ensemble5,internal_val,0.974,794,17,0,298,0.9790382244143033,1.0,0.02096177558569667,0.0,1.0,0.946031746031746,0.7159603246167718,71.59603246167718,0.9895191122071516
vit,ensemble5,internal_val,0.975,794,17,0,298,0.9790382244143033,1.0,0.02096177558569667,0.0,1.0,0.946031746031746,0.7159603246167718,71.59603246167718,0.9895191122071516
vit,ensemble5,internal_val,0.976,794,17,0,298,0.9790382244143033,1.0,0.02096177558569667,0.0,1.0,0.946031746031746,0.7159603246167718,71.59603246167718,0.9895191122071516
vit,ensemble5,internal_val,0.977,794,17,0,298,0.9790382244143033,1.0,0.02096177558569667,0.0,1.0,0.946031746031746,0.7159603246167718,71.59603246167718,0.9895191122071516
vit,ensemble5,internal_val,0.978,794,17,0,298,0.9790382244143033,1.0,0.02096177558569667,0.0,1.0,0.946031746031746,0.7159603246167718,71.59603246167718,0.9895191122071516
vit,ensemble5,internal_val,0.979,794,17,0,298,0.9790382244143033,1.0,0.02096177558569667,0.0,1.0,0.946031746031746,0.7159603246167718,71.59603246167718,0.9895191122071516
vit,ensemble5,internal_val,0.98,794,17,0,298,0.9790382244143033,1.0,0.02096177558569667,0.0,1.0,0.946031746031746,0.7159603246167718,71.59603246167718,0.9895191122071516
vit,ensemble5,internal_val,0.981,794,17,0,298,0.9790382244143033,1.0,0.02096177558569667,0.0,1.0,0.946031746031746,0.7159603246167718,71.59603246167718,0.9895191122071516
vit,ensemble5,internal_val,0.982,794,17,0,298,0.9790382244143033,1.0,0.02096177558569667,0.0,1.0,0.946031746031746,0.7159603246167718,71.59603246167718,0.9895191122071516
vit,ensemble5,internal_val,0.983,794,17,0,298,0.9790382244143033,1.0,0.02096177558569667,0.0,1.0,0.946031746031746,0.7159603246167718,71.59603246167718,0.9895191122071516
vit,ensemble5,internal_val,0.984,794,17,0,298,0.9790382244143033,1.0,0.02096177558569667,0.0,1.0,0.946031746031746,0.7159603246167718,71.59603246167718,0.9895191122071516
vit,ensemble5,internal_val,0.985,794,17,0,298,0.9790382244143033,1.0,0.02096177558569667,0.0,1.0,0.946031746031746,0.7159603246167718,71.59603246167718,0.9895191122071516
vit,ensemble5,internal_val,0.986,793,18,0,298,0.9778051787916153,1.0,0.02219482120838471,0.0,1.0,0.9430379746835443,0.715058611361587,71.5058611361587,0.9889025893958077
vit,ensemble5,internal_val,0.987,793,18,0,298,0.9778051787916153,1.0,0.02219482120838471,0.0,1.0,0.9430379746835443,0.715058611361587,71.5058611361587,0.9889025893958077
vit,ensemble5,internal_val,0.988,793,18,0,298,0.9778051787916153,1.0,0.02219482120838471,0.0,1.0,0.9430379746835443,0.715058611361587,71.5058611361587,0.9889025893958077
vit,ensemble5,internal_val,0.989,790,21,0,298,0.9741060419235512,1.0,0.025893958076448828,0.0,1.0,0.9341692789968652,0.7123534715960325,71.23534715960325,0.9870530209617756
vit,ensemble5,internal_val,0.99,790,21,0,298,0.9741060419235512,1.0,0.025893958076448828,0.0,1.0,0.9341692789968652,0.7123534715960325,71.23534715960325,0.9870530209617756
vit,ensemble5,internal_val,0.991,788,23,0,298,0.9716399506781751,1.0,0.02836004932182491,0.0,1.0,0.9283489096573209,0.7105500450856628,71.05500450856627,0.9858199753390875
vit,ensemble5,internal_val,0.992,783,28,0,298,0.9654747225647349,1.0,0.0345252774352651,0.0,1.0,0.9141104294478528,0.7060414788097386,70.60414788097385,0.9827373612823674
vit,ensemble5,internal_val,0.993,781,30,0,298,0.9630086313193588,1.0,0.036991368680641186,0.0,1.0,0.9085365853658537,0.7042380522993688,70.42380522993687,0.9815043156596794
vit,ensemble5,internal_val,0.994,776,35,0,298,0.9568434032059187,1.0,0.04315659679408138,0.0,1.0,0.8948948948948949,0.6997294860234445,69.97294860234446,0.9784217016029593
vit,ensemble5,internal_val,0.995,773,38,0,298,0.9531442663378545,1.0,0.0468557336621455,0.0,1.0,0.8869047619047619,0.69702434625789,69.702434625789,0.9765721331689272
vit,ensemble5,internal_val,0.996,766,45,0,298,0.9445129469790382,1.0,0.055487053020961775,0.0,1.0,0.8688046647230321,0.690712353471596,69.0712353471596,0.9722564734895192
vit,ensemble5,internal_val,0.997,751,60,0,298,0.9260172626387176,1.0,0.07398273736128237,0.0,1.0,0.8324022346368715,0.6771866546438232,67.71866546438233,0.9630086313193589
vit,ensemble5,internal_val,0.998,725,86,0,298,0.8939580764488286,1.0,0.1060419235511714,0.0,1.0,0.7760416666666666,0.6537421100090172,65.37421100090171,0.9469790382244143
vit,ensemble5,internal_val,0.999,193,618,0,298,0.2379778051787916,1.0,0.7620221948212084,0.0,1.0,0.32532751091703055,0.1740306582506763,17.40306582506763,0.6189889025893958
vit,ensemble5,internal_val,1.0,0,811,0,298,0.0,1.0,1.0,0.0,,0.26871055004508565,0.0,0.0,0.5
